MaxNumSplits,MinLeafSize,Threshold,Accuracy,Sensitivity,Specificity,Precision,F1,AUC,TargetSatisfied,AccuracyPct,SensitivityPct,SpecificityPct,PrecisionPct,F1Pct,ScoreToTarget,SpecificityPriority
5,1,0.84,0.88272921108742,0.874371859296482,0.929577464788732,0.985835694050991,0.92676431424767,0.892508316229032,0,88.272921108742,87.4371859296482,92.9577464788732,98.5835694050991,92.676431424767,0.902729335150672,0.909584560539567
5,1,0.85,0.88272921108742,0.874371859296482,0.929577464788732,0.985835694050991,0.92676431424767,0.892508316229032,0,88.272921108742,87.4371859296482,92.9577464788732,98.5835694050991,92.676431424767,0.902729335150672,0.909584560539567
5,1,0.86,0.88272921108742,0.874371859296482,0.929577464788732,0.985835694050991,0.92676431424767,0.892508316229032,0,88.272921108742,87.4371859296482,92.9577464788732,98.5835694050991,92.676431424767,0.902729335150672,0.909584560539567
5,1,0.87,0.88272921108742,0.874371859296482,0.929577464788732,0.985835694050991,0.92676431424767,0.892508316229032,0,88.272921108742,87.4371859296482,92.9577464788732,98.5835694050991,92.676431424767,0.902729335150672,0.909584560539567
5,1,0.88,0.88272921108742,0.874371859296482,0.929577464788732,0.985835694050991,0.92676431424767,0.892508316229032,0,88.272921108742,87.4371859296482,92.9577464788732,98.5835694050991,92.676431424767,0.902729335150672,0.909584560539567
5,1,0.89,0.88272921108742,0.874371859296482,0.929577464788732,0.985835694050991,0.92676431424767,0.892508316229032,0,88.272921108742,87.4371859296482,92.9577464788732,98.5835694050991,92.676431424767,0.902729335150672,0.909584560539567
5,1,0.9,0.88272921108742,0.874371859296482,0.929577464788732,0.985835694050991,0.92676431424767,0.892508316229032,0,88.272921108742,87.4371859296482,92.9577464788732,98.5835694050991,92.676431424767,0.902729335150672,0.909584560539567
5,1,0.91,0.88272921108742,0.874371859296482,0.929577464788732,0.985835694050991,0.92676431424767,0.892508316229032,0,88.272921108742,87.4371859296482,92.9577464788732,98.5835694050991,92.676431424767,0.902729335150672,0.909584560539567
5,1,0.92,0.88272921108742,0.874371859296482,0.929577464788732,0.985835694050991,0.92676431424767,0.892508316229032,0,88.272921108742,87.4371859296482,92.9577464788732,98.5835694050991,92.676431424767,0.902729335150672,0.909584560539567
5,1,0.93,0.88272921108742,0.874371859296482,0.929577464788732,0.985835694050991,0.92676431424767,0.892508316229032,0,88.272921108742,87.4371859296482,92.9577464788732,98.5835694050991,92.676431424767,0.902729335150672,0.909584560539567
5,8,0.74,0.88272921108742,0.874371859296482,0.929577464788732,0.985835694050991,0.92676431424767,0.91119329039564,0,88.272921108742,87.4371859296482,92.9577464788732,98.5835694050991,92.676431424767,0.902729335150672,0.909584560539567
5,8,0.75,0.88272921108742,0.874371859296482,0.929577464788732,0.985835694050991,0.92676431424767,0.91119329039564,0,88.272921108742,87.4371859296482,92.9577464788732,98.5835694050991,92.676431424767,0.902729335150672,0.909584560539567
5,8,0.76,0.88272921108742,0.874371859296482,0.929577464788732,0.985835694050991,0.92676431424767,0.91119329039564,0,88.272921108742,87.4371859296482,92.9577464788732,98.5835694050991,92.676431424767,0.902729335150672,0.909584560539567
5,8,0.77,0.88272921108742,0.874371859296482,0.929577464788732,0.985835694050991,0.92676431424767,0.91119329039564,0,88.272921108742,87.4371859296482,92.9577464788732,98.5835694050991,92.676431424767,0.902729335150672,0.909584560539567
5,8,0.78,0.88272921108742,0.874371859296482,0.929577464788732,0.985835694050991,0.92676431424767,0.91119329039564,0,88.272921108742,87.4371859296482,92.9577464788732,98.5835694050991,92.676431424767,0.902729335150672,0.909584560539567
5,8,0.79,0.88272921108742,0.874371859296482,0.929577464788732,0.985835694050991,0.92676431424767,0.91119329039564,0,88.272921108742,87.4371859296482,92.9577464788732,98.5835694050991,92.676431424767,0.902729335150672,0.909584560539567
5,8,0.8,0.88272921108742,0.874371859296482,0.929577464788732,0.985835694050991,0.92676431424767,0.91119329039564,0,88.272921108742,87.4371859296482,92.9577464788732,98.5835694050991,92.676431424767,0.902729335150672,0.909584560539567
5,8,0.81,0.88272921108742,0.874371859296482,0.929577464788732,0.985835694050991,0.92676431424767,0.91119329039564,0,88.272921108742,87.4371859296482,92.9577464788732,98.5835694050991,92.676431424767,0.902729335150672,0.909584560539567
5,8,0.82,0.88272921108742,0.874371859296482,0.929577464788732,0.985835694050991,0.92676431424767,0.91119329039564,0,88.272921108742,87.4371859296482,92.9577464788732,98.5835694050991,92.676431424767,0.902729335150672,0.909584560539567
5,8,0.83,0.88272921108742,0.874371859296482,0.929577464788732,0.985835694050991,0.92676431424767,0.91119329039564,0,88.272921108742,87.4371859296482,92.9577464788732,98.5835694050991,92.676431424767,0.902729335150672,0.909584560539567
5,8,0.84,0.88272921108742,0.874371859296482,0.929577464788732,0.985835694050991,0.92676431424767,0.91119329039564,0,88.272921108742,87.4371859296482,92.9577464788732,98.5835694050991,92.676431424767,0.902729335150672,0.909584560539567
5,8,0.85,0.88272921108742,0.874371859296482,0.929577464788732,0.985835694050991,0.92676431424767,0.91119329039564,0,88.272921108742,87.4371859296482,92.9577464788732,98.5835694050991,92.676431424767,0.902729335150672,0.909584560539567
5,2,0.72,0.880597014925373,0.871859296482412,0.929577464788732,0.985795454545455,0.925333333333333,0.887890155000354,0,88.0597014925373,87.1859296482412,92.9577464788732,98.5795454545455,92.5333333333333,0.897961045517366,0.908674627076944
5,2,0.73,0.880597014925373,0.871859296482412,0.929577464788732,0.985795454545455,0.925333333333333,0.887890155000354,0,88.0597014925373,87.1859296482412,92.9577464788732,98.5795454545455,92.5333333333333,0.897961045517366,0.908674627076944
5,2,0.74,0.880597014925373,0.871859296482412,0.929577464788732,0.985795454545455,0.925333333333333,0.887890155000354,0,88.0597014925373,87.1859296482412,92.9577464788732,98.5795454545455,92.5333333333333,0.897961045517366,0.908674627076944
5,2,0.75,0.880597014925373,0.871859296482412,0.929577464788732,0.985795454545455,0.925333333333333,0.887890155000354,0,88.0597014925373,87.1859296482412,92.9577464788732,98.5795454545455,92.5333333333333,0.897961045517366,0.908674627076944
5,2,0.76,0.880597014925373,0.871859296482412,0.929577464788732,0.985795454545455,0.925333333333333,0.887890155000354,0,88.0597014925373,87.1859296482412,92.9577464788732,98.5795454545455,92.5333333333333,0.897961045517366,0.908674627076944
5,2,0.77,0.880597014925373,0.871859296482412,0.929577464788732,0.985795454545455,0.925333333333333,0.887890155000354,0,88.0597014925373,87.1859296482412,92.9577464788732,98.5795454545455,92.5333333333333,0.897961045517366,0.908674627076944
5,2,0.78,0.880597014925373,0.871859296482412,0.929577464788732,0.985795454545455,0.925333333333333,0.887890155000354,0,88.0597014925373,87.1859296482412,92.9577464788732,98.5795454545455,92.5333333333333,0.897961045517366,0.908674627076944
5,2,0.79,0.880597014925373,0.871859296482412,0.929577464788732,0.985795454545455,0.925333333333333,0.887890155000354,0,88.0597014925373,87.1859296482412,92.9577464788732,98.5795454545455,92.5333333333333,0.897961045517366,0.908674627076944
5,2,0.8,0.880597014925373,0.871859296482412,0.929577464788732,0.985795454545455,0.925333333333333,0.887890155000354,0,88.0597014925373,87.1859296482412,92.9577464788732,98.5795454545455,92.5333333333333,0.897961045517366,0.908674627076944
5,2,0.81,0.880597014925373,0.871859296482412,0.929577464788732,0.985795454545455,0.925333333333333,0.887890155000354,0,88.0597014925373,87.1859296482412,92.9577464788732,98.5795454545455,92.5333333333333,0.897961045517366,0.908674627076944
5,2,0.82,0.880597014925373,0.871859296482412,0.929577464788732,0.985795454545455,0.925333333333333,0.887890155000354,0,88.0597014925373,87.1859296482412,92.9577464788732,98.5795454545455,92.5333333333333,0.897961045517366,0.908674627076944
5,2,0.83,0.880597014925373,0.871859296482412,0.929577464788732,0.985795454545455,0.925333333333333,0.887890155000354,0,88.0597014925373,87.1859296482412,92.9577464788732,98.5795454545455,92.5333333333333,0.897961045517366,0.908674627076944
5,2,0.84,0.880597014925373,0.871859296482412,0.929577464788732,0.985795454545455,0.925333333333333,0.887890155000354,0,88.0597014925373,87.1859296482412,92.9577464788732,98.5795454545455,92.5333333333333,0.897961045517366,0.908674627076944
5,2,0.85,0.880597014925373,0.871859296482412,0.929577464788732,0.985795454545455,0.925333333333333,0.887890155000354,0,88.0597014925373,87.1859296482412,92.9577464788732,98.5795454545455,92.5333333333333,0.897961045517366,0.908674627076944
5,2,0.86,0.880597014925373,0.871859296482412,0.929577464788732,0.985795454545455,0.925333333333333,0.887890155000354,0,88.0597014925373,87.1859296482412,92.9577464788732,98.5795454545455,92.5333333333333,0.897961045517366,0.908674627076944
5,2,0.87,0.880597014925373,0.871859296482412,0.929577464788732,0.985795454545455,0.925333333333333,0.887890155000354,0,88.0597014925373,87.1859296482412,92.9577464788732,98.5795454545455,92.5333333333333,0.897961045517366,0.908674627076944
5,2,0.88,0.880597014925373,0.871859296482412,0.929577464788732,0.985795454545455,0.925333333333333,0.887890155000354,0,88.0597014925373,87.1859296482412,92.9577464788732,98.5795454545455,92.5333333333333,0.897961045517366,0.908674627076944
5,2,0.89,0.880597014925373,0.871859296482412,0.929577464788732,0.985795454545455,0.925333333333333,0.887890155000354,0,88.0597014925373,87.1859296482412,92.9577464788732,98.5795454545455,92.5333333333333,0.897961045517366,0.908674627076944
5,2,0.9,0.880597014925373,0.871859296482412,0.929577464788732,0.985795454545455,0.925333333333333,0.887890155000354,0,88.0597014925373,87.1859296482412,92.9577464788732,98.5795454545455,92.5333333333333,0.897961045517366,0.908674627076944
5,2,0.91,0.880597014925373,0.871859296482412,0.929577464788732,0.985795454545455,0.925333333333333,0.887890155000354,0,88.0597014925373,87.1859296482412,92.9577464788732,98.5795454545455,92.5333333333333,0.897961045517366,0.908674627076944
5,2,0.92,0.880597014925373,0.871859296482412,0.929577464788732,0.985795454545455,0.925333333333333,0.887890155000354,0,88.0597014925373,87.1859296482412,92.9577464788732,98.5795454545455,92.5333333333333,0.897961045517366,0.908674627076944
5,2,0.93,0.880597014925373,0.871859296482412,0.929577464788732,0.985795454545455,0.925333333333333,0.887890155000354,0,88.0597014925373,87.1859296482412,92.9577464788732,98.5795454545455,92.5333333333333,0.897961045517366,0.908674627076944
5,2,0.94,0.880597014925373,0.871859296482412,0.929577464788732,0.985795454545455,0.925333333333333,0.887890155000354,0,88.0597014925373,87.1859296482412,92.9577464788732,98.5795454545455,92.5333333333333,0.897961045517366,0.908674627076944
10,8,0.86,0.891257995735608,0.886934673366834,0.915492957746479,0.983286908077994,0.932628797886394,0.902045438459905,0,89.1257995735608,88.6934673366834,91.5492957746479,98.3286908077994,93.2628797886394,0.924546923196889,0.905150474586814
10,8,0.87,0.891257995735608,0.886934673366834,0.915492957746479,0.983286908077994,0.932628797886394,0.902045438459905,0,89.1257995735608,88.6934673366834,91.5492957746479,98.3286908077994,93.2628797886394,0.924546923196889,0.905150474586814
10,8,0.88,0.891257995735608,0.886934673366834,0.915492957746479,0.983286908077994,0.932628797886394,0.902045438459905,0,89.1257995735608,88.6934673366834,91.5492957746479,98.3286908077994,93.2628797886394,0.924546923196889,0.905150474586814
10,8,0.89,0.891257995735608,0.886934673366834,0.915492957746479,0.983286908077994,0.932628797886394,0.902045438459905,0,89.1257995735608,88.6934673366834,91.5492957746479,98.3286908077994,93.2628797886394,0.924546923196889,0.905150474586814
10,8,0.9,0.891257995735608,0.886934673366834,0.915492957746479,0.983286908077994,0.932628797886394,0.902045438459905,0,89.1257995735608,88.6934673366834,91.5492957746479,98.3286908077994,93.2628797886394,0.924546923196889,0.905150474586814
10,8,0.91,0.891257995735608,0.886934673366834,0.915492957746479,0.983286908077994,0.932628797886394,0.902045438459905,0,89.1257995735608,88.6934673366834,91.5492957746479,98.3286908077994,93.2628797886394,0.924546923196889,0.905150474586814
10,8,0.92,0.891257995735608,0.886934673366834,0.915492957746479,0.983286908077994,0.932628797886394,0.902045438459905,0,89.1257995735608,88.6934673366834,91.5492957746479,98.3286908077994,93.2628797886394,0.924546923196889,0.905150474586814
10,8,0.93,0.891257995735608,0.886934673366834,0.915492957746479,0.983286908077994,0.932628797886394,0.902045438459905,0,89.1257995735608,88.6934673366834,91.5492957746479,98.3286908077994,93.2628797886394,0.924546923196889,0.905150474586814
10,8,0.94,0.891257995735608,0.886934673366834,0.915492957746479,0.983286908077994,0.932628797886394,0.902045438459905,0,89.1257995735608,88.6934673366834,91.5492957746479,98.3286908077994,93.2628797886394,0.924546923196889,0.905150474586814
10,8,0.95,0.891257995735608,0.886934673366834,0.915492957746479,0.983286908077994,0.932628797886394,0.902045438459905,0,89.1257995735608,88.6934673366834,91.5492957746479,98.3286908077994,93.2628797886394,0.924546923196889,0.905150474586814
10,10,0.87,0.891257995735608,0.886934673366834,0.915492957746479,0.983286908077994,0.932628797886394,0.896011748885271,0,89.1257995735608,88.6934673366834,91.5492957746479,98.3286908077994,93.2628797886394,0.924546923196889,0.905150474586814
10,10,0.88,0.891257995735608,0.886934673366834,0.915492957746479,0.983286908077994,0.932628797886394,0.896011748885271,0,89.1257995735608,88.6934673366834,91.5492957746479,98.3286908077994,93.2628797886394,0.924546923196889,0.905150474586814
10,10,0.89,0.891257995735608,0.886934673366834,0.915492957746479,0.983286908077994,0.932628797886394,0.896011748885271,0,89.1257995735608,88.6934673366834,91.5492957746479,98.3286908077994,93.2628797886394,0.924546923196889,0.905150474586814
10,10,0.9,0.891257995735608,0.886934673366834,0.915492957746479,0.983286908077994,0.932628797886394,0.896011748885271,0,89.1257995735608,88.6934673366834,91.5492957746479,98.3286908077994,93.2628797886394,0.924546923196889,0.905150474586814
10,10,0.91,0.891257995735608,0.886934673366834,0.915492957746479,0.983286908077994,0.932628797886394,0.896011748885271,0,89.1257995735608,88.6934673366834,91.5492957746479,98.3286908077994,93.2628797886394,0.924546923196889,0.905150474586814
10,10,0.92,0.891257995735608,0.886934673366834,0.915492957746479,0.983286908077994,0.932628797886394,0.896011748885271,0,89.1257995735608,88.6934673366834,91.5492957746479,98.3286908077994,93.2628797886394,0.924546923196889,0.905150474586814
10,10,0.93,0.891257995735608,0.886934673366834,0.915492957746479,0.983286908077994,0.932628797886394,0.896011748885271,0,89.1257995735608,88.6934673366834,91.5492957746479,98.3286908077994,93.2628797886394,0.924546923196889,0.905150474586814
10,10,0.94,0.891257995735608,0.886934673366834,0.915492957746479,0.983286908077994,0.932628797886394,0.896011748885271,0,89.1257995735608,88.6934673366834,91.5492957746479,98.3286908077994,93.2628797886394,0.924546923196889,0.905150474586814
10,10,0.95,0.891257995735608,0.886934673366834,0.915492957746479,0.983286908077994,0.932628797886394,0.896011748885271,0,89.1257995735608,88.6934673366834,91.5492957746479,98.3286908077994,93.2628797886394,0.924546923196889,0.905150474586814
5,8,0.86,0.869936034115139,0.85929648241206,0.929577464788732,0.985590778097983,0.918120805369128,0.91119329039564,0,86.9936034115139,85.929648241206,92.9577464788732,98.5590778097983,91.8120805369128,0.874307571975014,0.904124959763833
5,8,0.87,0.869936034115139,0.85929648241206,0.929577464788732,0.985590778097983,0.918120805369128,0.91119329039564,0,86.9936034115139,85.929648241206,92.9577464788732,98.5590778097983,91.8120805369128,0.874307571975014,0.904124959763833
5,8,0.88,0.869936034115139,0.85929648241206,0.929577464788732,0.985590778097983,0.918120805369128,0.91119329039564,0,86.9936034115139,85.929648241206,92.9577464788732,98.5590778097983,91.8120805369128,0.874307571975014,0.904124959763833
5,8,0.89,0.869936034115139,0.85929648241206,0.929577464788732,0.985590778097983,0.918120805369128,0.91119329039564,0,86.9936034115139,85.929648241206,92.9577464788732,98.5590778097983,91.8120805369128,0.874307571975014,0.904124959763833
5,8,0.9,0.869936034115139,0.85929648241206,0.929577464788732,0.985590778097983,0.918120805369128,0.91119329039564,0,86.9936034115139,85.929648241206,92.9577464788732,98.5590778097983,91.8120805369128,0.874307571975014,0.904124959763833
5,8,0.91,0.869936034115139,0.85929648241206,0.929577464788732,0.985590778097983,0.918120805369128,0.91119329039564,0,86.9936034115139,85.929648241206,92.9577464788732,98.5590778097983,91.8120805369128,0.874307571975014,0.904124959763833
5,8,0.92,0.869936034115139,0.85929648241206,0.929577464788732,0.985590778097983,0.918120805369128,0.91119329039564,0,86.9936034115139,85.929648241206,92.9577464788732,98.5590778097983,91.8120805369128,0.874307571975014,0.904124959763833
5,8,0.93,0.869936034115139,0.85929648241206,0.929577464788732,0.985590778097983,0.918120805369128,0.91119329039564,0,86.9936034115139,85.929648241206,92.9577464788732,98.5590778097983,91.8120805369128,0.874307571975014,0.904124959763833
5,1,0.72,0.886993603411514,0.881909547738693,0.915492957746479,0.983193277310924,0.929801324503311,0.892508316229032,0,88.6993603411514,88.1909547738694,91.5492957746479,98.3193277310924,92.9801324503311,0.914910090797383,0.90333060766157
5,1,0.73,0.886993603411514,0.881909547738693,0.915492957746479,0.983193277310924,0.929801324503311,0.892508316229032,0,88.6993603411514,88.1909547738694,91.5492957746479,98.3193277310924,92.9801324503311,0.914910090797383,0.90333060766157
5,1,0.74,0.886993603411514,0.881909547738693,0.915492957746479,0.983193277310924,0.929801324503311,0.892508316229032,0,88.6993603411514,88.1909547738694,91.5492957746479,98.3193277310924,92.9801324503311,0.914910090797383,0.90333060766157
5,1,0.75,0.886993603411514,0.881909547738693,0.915492957746479,0.983193277310924,0.929801324503311,0.892508316229032,0,88.6993603411514,88.1909547738694,91.5492957746479,98.3193277310924,92.9801324503311,0.914910090797383,0.90333060766157
5,1,0.76,0.886993603411514,0.881909547738693,0.915492957746479,0.983193277310924,0.929801324503311,0.892508316229032,0,88.6993603411514,88.1909547738694,91.5492957746479,98.3193277310924,92.9801324503311,0.914910090797383,0.90333060766157
5,1,0.77,0.886993603411514,0.881909547738693,0.915492957746479,0.983193277310924,0.929801324503311,0.892508316229032,0,88.6993603411514,88.1909547738694,91.5492957746479,98.3193277310924,92.9801324503311,0.914910090797383,0.90333060766157
5,1,0.78,0.886993603411514,0.881909547738693,0.915492957746479,0.983193277310924,0.929801324503311,0.892508316229032,0,88.6993603411514,88.1909547738694,91.5492957746479,98.3193277310924,92.9801324503311,0.914910090797383,0.90333060766157
5,1,0.79,0.886993603411514,0.881909547738693,0.915492957746479,0.983193277310924,0.929801324503311,0.892508316229032,0,88.6993603411514,88.1909547738694,91.5492957746479,98.3193277310924,92.9801324503311,0.914910090797383,0.90333060766157
5,1,0.8,0.886993603411514,0.881909547738693,0.915492957746479,0.983193277310924,0.929801324503311,0.892508316229032,0,88.6993603411514,88.1909547738694,91.5492957746479,98.3193277310924,92.9801324503311,0.914910090797383,0.90333060766157
5,1,0.81,0.886993603411514,0.881909547738693,0.915492957746479,0.983193277310924,0.929801324503311,0.892508316229032,0,88.6993603411514,88.1909547738694,91.5492957746479,98.3193277310924,92.9801324503311,0.914910090797383,0.90333060766157
5,1,0.82,0.886993603411514,0.881909547738693,0.915492957746479,0.983193277310924,0.929801324503311,0.892508316229032,0,88.6993603411514,88.1909547738694,91.5492957746479,98.3193277310924,92.9801324503311,0.914910090797383,0.90333060766157
5,1,0.83,0.886993603411514,0.881909547738693,0.915492957746479,0.983193277310924,0.929801324503311,0.892508316229032,0,88.6993603411514,88.1909547738694,91.5492957746479,98.3193277310924,92.9801324503311,0.914910090797383,0.90333060766157
5,5,0.8,0.880597014925373,0.874371859296482,0.915492957746479,0.983050847457627,0.925531914893617,0.905106518508033,0,88.0597014925373,87.4371859296482,91.5492957746479,98.3050847457627,92.5531914893617,0.900548829510212,0.900600807273703
5,5,0.81,0.880597014925373,0.874371859296482,0.915492957746479,0.983050847457627,0.925531914893617,0.905106518508033,0,88.0597014925373,87.4371859296482,91.5492957746479,98.3050847457627,92.5531914893617,0.900548829510212,0.900600807273703
5,5,0.82,0.880597014925373,0.874371859296482,0.915492957746479,0.983050847457627,0.925531914893617,0.905106518508033,0,88.0597014925373,87.4371859296482,91.5492957746479,98.3050847457627,92.5531914893617,0.900548829510212,0.900600807273703
5,5,0.83,0.880597014925373,0.874371859296482,0.915492957746479,0.983050847457627,0.925531914893617,0.905106518508033,0,88.0597014925373,87.4371859296482,91.5492957746479,98.3050847457627,92.5531914893617,0.900548829510212,0.900600807273703
5,5,0.84,0.880597014925373,0.874371859296482,0.915492957746479,0.983050847457627,0.925531914893617,0.905106518508033,0,88.0597014925373,87.4371859296482,91.5492957746479,98.3050847457627,92.5531914893617,0.900548829510212,0.900600807273703
5,1,0.94,0.861407249466951,0.849246231155779,0.929577464788732,0.985422740524781,0.912280701754386,0.892508316229032,0,86.1407249466951,84.9246231155779,92.9577464788732,98.5422740524781,91.2280701754386,0.855610362690145,0.900485225913344
5,1,0.95,0.861407249466951,0.849246231155779,0.929577464788732,0.985422740524781,0.912280701754386,0.892508316229032,0,86.1407249466951,84.9246231155779,92.9577464788732,98.5422740524781,91.2280701754386,0.855610362690145,0.900485225913344
5,5,0.92,0.840085287846482,0.821608040201005,0.943661971830986,0.987915407854985,0.897119341563786,0.905106518508033,0,84.0085287846482,82.1608040201005,94.3661971830986,98.7915407854985,89.7119341563786,0.807275820993269,0.899459711090363
5,5,0.93,0.840085287846482,0.821608040201005,0.943661971830986,0.987915407854985,0.897119341563786,0.905106518508033,0,84.0085287846482,82.1608040201005,94.3661971830986,98.7915407854985,89.7119341563786,0.807275820993269,0.899459711090363
5,5,0.94,0.840085287846482,0.821608040201005,0.943661971830986,0.987915407854985,0.897119341563786,0.905106518508033,0,84.0085287846482,82.1608040201005,94.3661971830986,98.7915407854985,89.7119341563786,0.807275820993269,0.899459711090363
5,8,0.52,0.893390191897655,0.891959798994975,0.901408450704225,0.980662983425414,0.934210526315789,0.91119329039564,0,89.3390191897655,89.1959798994975,90.1408450704225,98.0662983425414,93.4210526315789,0.932009515776742,0.897986588246195
5,8,0.53,0.893390191897655,0.891959798994975,0.901408450704225,0.980662983425414,0.934210526315789,0.91119329039564,0,89.3390191897655,89.1959798994975,90.1408450704225,98.0662983425414,93.4210526315789,0.932009515776742,0.897986588246195
5,8,0.54,0.893390191897655,0.891959798994975,0.901408450704225,0.980662983425414,0.934210526315789,0.91119329039564,0,89.3390191897655,89.1959798994975,90.1408450704225,98.0662983425414,93.4210526315789,0.932009515776742,0.897986588246195
5,8,0.55,0.893390191897655,0.891959798994975,0.901408450704225,0.980662983425414,0.934210526315789,0.91119329039564,0,89.3390191897655,89.1959798994975,90.1408450704225,98.0662983425414,93.4210526315789,0.932009515776742,0.897986588246195
5,8,0.56,0.893390191897655,0.891959798994975,0.901408450704225,0.980662983425414,0.934210526315789,0.91119329039564,0,89.3390191897655,89.1959798994975,90.1408450704225,98.0662983425414,93.4210526315789,0.932009515776742,0.897986588246195
5,8,0.57,0.893390191897655,0.891959798994975,0.901408450704225,0.980662983425414,0.934210526315789,0.91119329039564,0,89.3390191897655,89.1959798994975,90.1408450704225,98.0662983425414,93.4210526315789,0.932009515776742,0.897986588246195
5,8,0.58,0.893390191897655,0.891959798994975,0.901408450704225,0.980662983425414,0.934210526315789,0.91119329039564,0,89.3390191897655,89.1959798994975,90.1408450704225,98.0662983425414,93.4210526315789,0.932009515776742,0.897986588246195
5,8,0.59,0.893390191897655,0.891959798994975,0.901408450704225,0.980662983425414,0.934210526315789,0.91119329039564,0,89.3390191897655,89.1959798994975,90.1408450704225,98.0662983425414,93.4210526315789,0.932009515776742,0.897986588246195
5,8,0.6,0.893390191897655,0.891959798994975,0.901408450704225,0.980662983425414,0.934210526315789,0.91119329039564,0,89.3390191897655,89.1959798994975,90.1408450704225,98.0662983425414,93.4210526315789,0.932009515776742,0.897986588246195
5,8,0.61,0.893390191897655,0.891959798994975,0.901408450704225,0.980662983425414,0.934210526315789,0.91119329039564,0,89.3390191897655,89.1959798994975,90.1408450704225,98.0662983425414,93.4210526315789,0.932009515776742,0.897986588246195
5,8,0.62,0.893390191897655,0.891959798994975,0.901408450704225,0.980662983425414,0.934210526315789,0.91119329039564,0,89.3390191897655,89.1959798994975,90.1408450704225,98.0662983425414,93.4210526315789,0.932009515776742,0.897986588246195
5,8,0.63,0.893390191897655,0.891959798994975,0.901408450704225,0.980662983425414,0.934210526315789,0.91119329039564,0,89.3390191897655,89.1959798994975,90.1408450704225,98.0662983425414,93.4210526315789,0.932009515776742,0.897986588246195
5,8,0.64,0.893390191897655,0.891959798994975,0.901408450704225,0.980662983425414,0.934210526315789,0.91119329039564,0,89.3390191897655,89.1959798994975,90.1408450704225,98.0662983425414,93.4210526315789,0.932009515776742,0.897986588246195
5,8,0.65,0.893390191897655,0.891959798994975,0.901408450704225,0.980662983425414,0.934210526315789,0.91119329039564,0,89.3390191897655,89.1959798994975,90.1408450704225,98.0662983425414,93.4210526315789,0.932009515776742,0.897986588246195
5,8,0.66,0.893390191897655,0.891959798994975,0.901408450704225,0.980662983425414,0.934210526315789,0.91119329039564,0,89.3390191897655,89.1959798994975,90.1408450704225,98.0662983425414,93.4210526315789,0.932009515776742,0.897986588246195
5,8,0.67,0.893390191897655,0.891959798994975,0.901408450704225,0.980662983425414,0.934210526315789,0.91119329039564,0,89.3390191897655,89.1959798994975,90.1408450704225,98.0662983425414,93.4210526315789,0.932009515776742,0.897986588246195
5,8,0.68,0.893390191897655,0.891959798994975,0.901408450704225,0.980662983425414,0.934210526315789,0.91119329039564,0,89.3390191897655,89.1959798994975,90.1408450704225,98.0662983425414,93.4210526315789,0.932009515776742,0.897986588246195
5,8,0.69,0.893390191897655,0.891959798994975,0.901408450704225,0.980662983425414,0.934210526315789,0.91119329039564,0,89.3390191897655,89.1959798994975,90.1408450704225,98.0662983425414,93.4210526315789,0.932009515776742,0.897986588246195
5,8,0.7,0.893390191897655,0.891959798994975,0.901408450704225,0.980662983425414,0.934210526315789,0.91119329039564,0,89.3390191897655,89.1959798994975,90.1408450704225,98.0662983425414,93.4210526315789,0.932009515776742,0.897986588246195
5,8,0.71,0.893390191897655,0.891959798994975,0.901408450704225,0.980662983425414,0.934210526315789,0.91119329039564,0,89.3390191897655,89.1959798994975,90.1408450704225,98.0662983425414,93.4210526315789,0.932009515776742,0.897986588246195
5,8,0.72,0.893390191897655,0.891959798994975,0.901408450704225,0.980662983425414,0.934210526315789,0.91119329039564,0,89.3390191897655,89.1959798994975,90.1408450704225,98.0662983425414,93.4210526315789,0.932009515776742,0.897986588246195
5,8,0.73,0.893390191897655,0.891959798994975,0.901408450704225,0.980662983425414,0.934210526315789,0.91119329039564,0,89.3390191897655,89.1959798994975,90.1408450704225,98.0662983425414,93.4210526315789,0.932009515776742,0.897986588246195
5,2,0.24,0.891257995735608,0.889447236180904,0.901408450704225,0.980609418282548,0.932806324110672,0.887890155000354,0,89.1257995735608,88.9447236180904,90.1408450704225,98.0609418282548,93.2806324110672,0.927166036293764,0.897076654783573
5,2,0.25,0.891257995735608,0.889447236180904,0.901408450704225,0.980609418282548,0.932806324110672,0.887890155000354,0,89.1257995735608,88.9447236180904,90.1408450704225,98.0609418282548,93.2806324110672,0.927166036293764,0.897076654783573
5,2,0.26,0.891257995735608,0.889447236180904,0.901408450704225,0.980609418282548,0.932806324110672,0.887890155000354,0,89.1257995735608,88.9447236180904,90.1408450704225,98.0609418282548,93.2806324110672,0.927166036293764,0.897076654783573
5,2,0.27,0.891257995735608,0.889447236180904,0.901408450704225,0.980609418282548,0.932806324110672,0.887890155000354,0,89.1257995735608,88.9447236180904,90.1408450704225,98.0609418282548,93.2806324110672,0.927166036293764,0.897076654783573
5,2,0.28,0.891257995735608,0.889447236180904,0.901408450704225,0.980609418282548,0.932806324110672,0.887890155000354,0,89.1257995735608,88.9447236180904,90.1408450704225,98.0609418282548,93.2806324110672,0.927166036293764,0.897076654783573
5,2,0.29,0.891257995735608,0.889447236180904,0.901408450704225,0.980609418282548,0.932806324110672,0.887890155000354,0,89.1257995735608,88.9447236180904,90.1408450704225,98.0609418282548,93.2806324110672,0.927166036293764,0.897076654783573
5,2,0.3,0.891257995735608,0.889447236180904,0.901408450704225,0.980609418282548,0.932806324110672,0.887890155000354,0,89.1257995735608,88.9447236180904,90.1408450704225,98.0609418282548,93.2806324110672,0.927166036293764,0.897076654783573
5,2,0.31,0.891257995735608,0.889447236180904,0.901408450704225,0.980609418282548,0.932806324110672,0.887890155000354,0,89.1257995735608,88.9447236180904,90.1408450704225,98.0609418282548,93.2806324110672,0.927166036293764,0.897076654783573
5,2,0.32,0.891257995735608,0.889447236180904,0.901408450704225,0.980609418282548,0.932806324110672,0.887890155000354,0,89.1257995735608,88.9447236180904,90.1408450704225,98.0609418282548,93.2806324110672,0.927166036293764,0.897076654783573
5,2,0.33,0.891257995735608,0.889447236180904,0.901408450704225,0.980609418282548,0.932806324110672,0.887890155000354,0,89.1257995735608,88.9447236180904,90.1408450704225,98.0609418282548,93.2806324110672,0.927166036293764,0.897076654783573
5,2,0.34,0.891257995735608,0.889447236180904,0.901408450704225,0.980609418282548,0.932806324110672,0.887890155000354,0,89.1257995735608,88.9447236180904,90.1408450704225,98.0609418282548,93.2806324110672,0.927166036293764,0.897076654783573
10,1,0.8,0.886993603411514,0.884422110552764,0.901408450704225,0.98050139275766,0.92998678996037,0.899002052516102,0,88.6993603411514,88.4422110552764,90.1408450704225,98.050139275766,92.998678996037,0.917516672252646,0.895256787858328
10,1,0.81,0.886993603411514,0.884422110552764,0.901408450704225,0.98050139275766,0.92998678996037,0.899002052516102,0,88.6993603411514,88.4422110552764,90.1408450704225,98.050139275766,92.998678996037,0.917516672252646,0.895256787858328
10,1,0.82,0.886993603411514,0.884422110552764,0.901408450704225,0.98050139275766,0.92998678996037,0.899002052516102,0,88.6993603411514,88.4422110552764,90.1408450704225,98.050139275766,92.998678996037,0.917516672252646,0.895256787858328
10,1,0.83,0.886993603411514,0.884422110552764,0.901408450704225,0.98050139275766,0.92998678996037,0.899002052516102,0,88.6993603411514,88.4422110552764,90.1408450704225,98.050139275766,92.998678996037,0.917516672252646,0.895256787858328
10,1,0.84,0.886993603411514,0.884422110552764,0.901408450704225,0.98050139275766,0.92998678996037,0.899002052516102,0,88.6993603411514,88.4422110552764,90.1408450704225,98.050139275766,92.998678996037,0.917516672252646,0.895256787858328
10,1,0.85,0.886993603411514,0.884422110552764,0.901408450704225,0.98050139275766,0.92998678996037,0.899002052516102,0,88.6993603411514,88.4422110552764,90.1408450704225,98.050139275766,92.998678996037,0.917516672252646,0.895256787858328
10,1,0.86,0.886993603411514,0.884422110552764,0.901408450704225,0.98050139275766,0.92998678996037,0.899002052516102,0,88.6993603411514,88.4422110552764,90.1408450704225,98.050139275766,92.998678996037,0.917516672252646,0.895256787858328
10,1,0.87,0.886993603411514,0.884422110552764,0.901408450704225,0.98050139275766,0.92998678996037,0.899002052516102,0,88.6993603411514,88.4422110552764,90.1408450704225,98.050139275766,92.998678996037,0.917516672252646,0.895256787858328
10,1,0.88,0.886993603411514,0.884422110552764,0.901408450704225,0.98050139275766,0.92998678996037,0.899002052516102,0,88.6993603411514,88.4422110552764,90.1408450704225,98.050139275766,92.998678996037,0.917516672252646,0.895256787858328
10,1,0.89,0.886993603411514,0.884422110552764,0.901408450704225,0.98050139275766,0.92998678996037,0.899002052516102,0,88.6993603411514,88.4422110552764,90.1408450704225,98.050139275766,92.998678996037,0.917516672252646,0.895256787858328
10,1,0.9,0.886993603411514,0.884422110552764,0.901408450704225,0.98050139275766,0.92998678996037,0.899002052516102,0,88.6993603411514,88.4422110552764,90.1408450704225,98.050139275766,92.998678996037,0.917516672252646,0.895256787858328
10,1,0.91,0.886993603411514,0.884422110552764,0.901408450704225,0.98050139275766,0.92998678996037,0.899002052516102,0,88.6993603411514,88.4422110552764,90.1408450704225,98.050139275766,92.998678996037,0.917516672252646,0.895256787858328
10,1,0.92,0.886993603411514,0.884422110552764,0.901408450704225,0.98050139275766,0.92998678996037,0.899002052516102,0,88.6993603411514,88.4422110552764,90.1408450704225,98.050139275766,92.998678996037,0.917516672252646,0.895256787858328
10,1,0.93,0.886993603411514,0.884422110552764,0.901408450704225,0.98050139275766,0.92998678996037,0.899002052516102,0,88.6993603411514,88.4422110552764,90.1408450704225,98.050139275766,92.998678996037,0.917516672252646,0.895256787858328
10,1,0.94,0.886993603411514,0.884422110552764,0.901408450704225,0.98050139275766,0.92998678996037,0.899002052516102,0,88.6993603411514,88.4422110552764,90.1408450704225,98.050139275766,92.998678996037,0.917516672252646,0.895256787858328
10,1,0.95,0.886993603411514,0.884422110552764,0.901408450704225,0.98050139275766,0.92998678996037,0.899002052516102,0,88.6993603411514,88.4422110552764,90.1408450704225,98.050139275766,92.998678996037,0.917516672252646,0.895256787858328
5,5,0.85,0.867803837953092,0.85929648241206,0.915492957746479,0.982758620689655,0.916890080428954,0.905106518508033,0,86.7803837953092,85.929648241206,91.5492957746479,98.2758620689655,91.6890080428954,0.872164661259389,0.895141206497969
5,5,0.86,0.867803837953092,0.85929648241206,0.915492957746479,0.982758620689655,0.916890080428954,0.905106518508033,0,86.7803837953092,85.929648241206,91.5492957746479,98.2758620689655,91.6890080428954,0.872164661259389,0.895141206497969
5,5,0.87,0.867803837953092,0.85929648241206,0.915492957746479,0.982758620689655,0.916890080428954,0.905106518508033,0,86.7803837953092,85.929648241206,91.5492957746479,98.2758620689655,91.6890080428954,0.872164661259389,0.895141206497969
5,5,0.88,0.867803837953092,0.85929648241206,0.915492957746479,0.982758620689655,0.916890080428954,0.905106518508033,0,86.7803837953092,85.929648241206,91.5492957746479,98.2758620689655,91.6890080428954,0.872164661259389,0.895141206497969
5,5,0.89,0.867803837953092,0.85929648241206,0.915492957746479,0.982758620689655,0.916890080428954,0.905106518508033,0,86.7803837953092,85.929648241206,91.5492957746479,98.2758620689655,91.6890080428954,0.872164661259389,0.895141206497969
5,5,0.9,0.867803837953092,0.85929648241206,0.915492957746479,0.982758620689655,0.916890080428954,0.905106518508033,0,86.7803837953092,85.929648241206,91.5492957746479,98.2758620689655,91.6890080428954,0.872164661259389,0.895141206497969
5,5,0.91,0.867803837953092,0.85929648241206,0.915492957746479,0.982758620689655,0.916890080428954,0.905106518508033,0,86.7803837953092,85.929648241206,91.5492957746479,98.2758620689655,91.6890080428954,0.872164661259389,0.895141206497969
5,2,0.35,0.88272921108742,0.879396984924623,0.901408450704225,0.980392156862745,0.927152317880795,0.887890155000354,0,88.272921108742,87.9396984924623,90.1408450704225,98.0392156862745,92.7152317880795,0.907917434777975,0.893436920933084
5,2,0.36,0.88272921108742,0.879396984924623,0.901408450704225,0.980392156862745,0.927152317880795,0.887890155000354,0,88.272921108742,87.9396984924623,90.1408450704225,98.0392156862745,92.7152317880795,0.907917434777975,0.893436920933084
5,2,0.37,0.88272921108742,0.879396984924623,0.901408450704225,0.980392156862745,0.927152317880795,0.887890155000354,0,88.272921108742,87.9396984924623,90.1408450704225,98.0392156862745,92.7152317880795,0.907917434777975,0.893436920933084
5,2,0.38,0.88272921108742,0.879396984924623,0.901408450704225,0.980392156862745,0.927152317880795,0.887890155000354,0,88.272921108742,87.9396984924623,90.1408450704225,98.0392156862745,92.7152317880795,0.907917434777975,0.893436920933084
5,2,0.39,0.88272921108742,0.879396984924623,0.901408450704225,0.980392156862745,0.927152317880795,0.887890155000354,0,88.272921108742,87.9396984924623,90.1408450704225,98.0392156862745,92.7152317880795,0.907917434777975,0.893436920933084
5,2,0.4,0.88272921108742,0.879396984924623,0.901408450704225,0.980392156862745,0.927152317880795,0.887890155000354,0,88.272921108742,87.9396984924623,90.1408450704225,98.0392156862745,92.7152317880795,0.907917434777975,0.893436920933084
5,2,0.41,0.88272921108742,0.879396984924623,0.901408450704225,0.980392156862745,0.927152317880795,0.887890155000354,0,88.272921108742,87.9396984924623,90.1408450704225,98.0392156862745,92.7152317880795,0.907917434777975,0.893436920933084
5,2,0.42,0.88272921108742,0.879396984924623,0.901408450704225,0.980392156862745,0.927152317880795,0.887890155000354,0,88.272921108742,87.9396984924623,90.1408450704225,98.0392156862745,92.7152317880795,0.907917434777975,0.893436920933084
5,2,0.43,0.88272921108742,0.879396984924623,0.901408450704225,0.980392156862745,0.927152317880795,0.887890155000354,0,88.272921108742,87.9396984924623,90.1408450704225,98.0392156862745,92.7152317880795,0.907917434777975,0.893436920933084
5,2,0.44,0.88272921108742,0.879396984924623,0.901408450704225,0.980392156862745,0.927152317880795,0.887890155000354,0,88.272921108742,87.9396984924623,90.1408450704225,98.0392156862745,92.7152317880795,0.907917434777975,0.893436920933084
5,2,0.45,0.88272921108742,0.879396984924623,0.901408450704225,0.980392156862745,0.927152317880795,0.887890155000354,0,88.272921108742,87.9396984924623,90.1408450704225,98.0392156862745,92.7152317880795,0.907917434777975,0.893436920933084
5,2,0.46,0.88272921108742,0.879396984924623,0.901408450704225,0.980392156862745,0.927152317880795,0.887890155000354,0,88.272921108742,87.9396984924623,90.1408450704225,98.0392156862745,92.7152317880795,0.907917434777975,0.893436920933084
5,2,0.47,0.88272921108742,0.879396984924623,0.901408450704225,0.980392156862745,0.927152317880795,0.887890155000354,0,88.272921108742,87.9396984924623,90.1408450704225,98.0392156862745,92.7152317880795,0.907917434777975,0.893436920933084
5,2,0.48,0.88272921108742,0.879396984924623,0.901408450704225,0.980392156862745,0.927152317880795,0.887890155000354,0,88.272921108742,87.9396984924623,90.1408450704225,98.0392156862745,92.7152317880795,0.907917434777975,0.893436920933084
5,2,0.49,0.88272921108742,0.879396984924623,0.901408450704225,0.980392156862745,0.927152317880795,0.887890155000354,0,88.272921108742,87.9396984924623,90.1408450704225,98.0392156862745,92.7152317880795,0.907917434777975,0.893436920933084
5,2,0.5,0.88272921108742,0.879396984924623,0.901408450704225,0.980392156862745,0.927152317880795,0.887890155000354,0,88.272921108742,87.9396984924623,90.1408450704225,98.0392156862745,92.7152317880795,0.907917434777975,0.893436920933084
5,2,0.51,0.88272921108742,0.879396984924623,0.901408450704225,0.980392156862745,0.927152317880795,0.887890155000354,0,88.272921108742,87.9396984924623,90.1408450704225,98.0392156862745,92.7152317880795,0.907917434777975,0.893436920933084
5,2,0.52,0.88272921108742,0.879396984924623,0.901408450704225,0.980392156862745,0.927152317880795,0.887890155000354,0,88.272921108742,87.9396984924623,90.1408450704225,98.0392156862745,92.7152317880795,0.907917434777975,0.893436920933084
5,2,0.53,0.88272921108742,0.879396984924623,0.901408450704225,0.980392156862745,0.927152317880795,0.887890155000354,0,88.272921108742,87.9396984924623,90.1408450704225,98.0392156862745,92.7152317880795,0.907917434777975,0.893436920933084
5,2,0.54,0.88272921108742,0.879396984924623,0.901408450704225,0.980392156862745,0.927152317880795,0.887890155000354,0,88.272921108742,87.9396984924623,90.1408450704225,98.0392156862745,92.7152317880795,0.907917434777975,0.893436920933084
5,2,0.55,0.88272921108742,0.879396984924623,0.901408450704225,0.980392156862745,0.927152317880795,0.887890155000354,0,88.272921108742,87.9396984924623,90.1408450704225,98.0392156862745,92.7152317880795,0.907917434777975,0.893436920933084
5,2,0.56,0.88272921108742,0.879396984924623,0.901408450704225,0.980392156862745,0.927152317880795,0.887890155000354,0,88.272921108742,87.9396984924623,90.1408450704225,98.0392156862745,92.7152317880795,0.907917434777975,0.893436920933084
5,2,0.57,0.88272921108742,0.879396984924623,0.901408450704225,0.980392156862745,0.927152317880795,0.887890155000354,0,88.272921108742,87.9396984924623,90.1408450704225,98.0392156862745,92.7152317880795,0.907917434777975,0.893436920933084
5,2,0.58,0.88272921108742,0.879396984924623,0.901408450704225,0.980392156862745,0.927152317880795,0.887890155000354,0,88.272921108742,87.9396984924623,90.1408450704225,98.0392156862745,92.7152317880795,0.907917434777975,0.893436920933084
5,2,0.59,0.88272921108742,0.879396984924623,0.901408450704225,0.980392156862745,0.927152317880795,0.887890155000354,0,88.272921108742,87.9396984924623,90.1408450704225,98.0392156862745,92.7152317880795,0.907917434777975,0.893436920933084
5,2,0.6,0.88272921108742,0.879396984924623,0.901408450704225,0.980392156862745,0.927152317880795,0.887890155000354,0,88.272921108742,87.9396984924623,90.1408450704225,98.0392156862745,92.7152317880795,0.907917434777975,0.893436920933084
5,2,0.61,0.88272921108742,0.879396984924623,0.901408450704225,0.980392156862745,0.927152317880795,0.887890155000354,0,88.272921108742,87.9396984924623,90.1408450704225,98.0392156862745,92.7152317880795,0.907917434777975,0.893436920933084
5,2,0.62,0.88272921108742,0.879396984924623,0.901408450704225,0.980392156862745,0.927152317880795,0.887890155000354,0,88.272921108742,87.9396984924623,90.1408450704225,98.0392156862745,92.7152317880795,0.907917434777975,0.893436920933084
5,2,0.63,0.88272921108742,0.879396984924623,0.901408450704225,0.980392156862745,0.927152317880795,0.887890155000354,0,88.272921108742,87.9396984924623,90.1408450704225,98.0392156862745,92.7152317880795,0.907917434777975,0.893436920933084
5,2,0.64,0.88272921108742,0.879396984924623,0.901408450704225,0.980392156862745,0.927152317880795,0.887890155000354,0,88.272921108742,87.9396984924623,90.1408450704225,98.0392156862745,92.7152317880795,0.907917434777975,0.893436920933084
5,2,0.65,0.88272921108742,0.879396984924623,0.901408450704225,0.980392156862745,0.927152317880795,0.887890155000354,0,88.272921108742,87.9396984924623,90.1408450704225,98.0392156862745,92.7152317880795,0.907917434777975,0.893436920933084
5,2,0.66,0.88272921108742,0.879396984924623,0.901408450704225,0.980392156862745,0.927152317880795,0.887890155000354,0,88.272921108742,87.9396984924623,90.1408450704225,98.0392156862745,92.7152317880795,0.907917434777975,0.893436920933084
5,2,0.67,0.88272921108742,0.879396984924623,0.901408450704225,0.980392156862745,0.927152317880795,0.887890155000354,0,88.272921108742,87.9396984924623,90.1408450704225,98.0392156862745,92.7152317880795,0.907917434777975,0.893436920933084
5,2,0.68,0.88272921108742,0.879396984924623,0.901408450704225,0.980392156862745,0.927152317880795,0.887890155000354,0,88.272921108742,87.9396984924623,90.1408450704225,98.0392156862745,92.7152317880795,0.907917434777975,0.893436920933084
5,2,0.69,0.88272921108742,0.879396984924623,0.901408450704225,0.980392156862745,0.927152317880795,0.887890155000354,0,88.272921108742,87.9396984924623,90.1408450704225,98.0392156862745,92.7152317880795,0.907917434777975,0.893436920933084
5,2,0.7,0.88272921108742,0.879396984924623,0.901408450704225,0.980392156862745,0.927152317880795,0.887890155000354,0,88.272921108742,87.9396984924623,90.1408450704225,98.0392156862745,92.7152317880795,0.907917434777975,0.893436920933084
5,2,0.71,0.88272921108742,0.879396984924623,0.901408450704225,0.980392156862745,0.927152317880795,0.887890155000354,0,88.272921108742,87.9396984924623,90.1408450704225,98.0392156862745,92.7152317880795,0.907917434777975,0.893436920933084
10,10,0.74,0.899786780383795,0.902010050251256,0.887323943661972,0.978201634877384,0.938562091503268,0.896011748885271,0,89.9786780383795,90.2010050251256,88.7323943661972,97.8201634877384,93.8562091503268,0.933803923304161,0.89264256883082
10,10,0.75,0.899786780383795,0.902010050251256,0.887323943661972,0.978201634877384,0.938562091503268,0.896011748885271,0,89.9786780383795,90.2010050251256,88.7323943661972,97.8201634877384,93.8562091503268,0.933803923304161,0.89264256883082
10,10,0.76,0.899786780383795,0.902010050251256,0.887323943661972,0.978201634877384,0.938562091503268,0.896011748885271,0,89.9786780383795,90.2010050251256,88.7323943661972,97.8201634877384,93.8562091503268,0.933803923304161,0.89264256883082
10,10,0.77,0.893390191897655,0.894472361809045,0.887323943661972,0.978021978021978,0.934383202099738,0.896011748885271,0,89.3390191897655,89.4472361809045,88.7323943661972,97.8021978021978,93.4383202099738,0.921471022938163,0.889912768442953
10,10,0.78,0.893390191897655,0.894472361809045,0.887323943661972,0.978021978021978,0.934383202099738,0.896011748885271,0,89.3390191897655,89.4472361809045,88.7323943661972,97.8021978021978,93.4383202099738,0.921471022938163,0.889912768442953
10,10,0.79,0.893390191897655,0.894472361809045,0.887323943661972,0.978021978021978,0.934383202099738,0.896011748885271,0,89.3390191897655,89.4472361809045,88.7323943661972,97.8021978021978,93.4383202099738,0.921471022938163,0.889912768442953
10,10,0.8,0.893390191897655,0.894472361809045,0.887323943661972,0.978021978021978,0.934383202099738,0.896011748885271,0,89.3390191897655,89.4472361809045,88.7323943661972,97.8021978021978,93.4383202099738,0.921471022938163,0.889912768442953
10,10,0.81,0.893390191897655,0.894472361809045,0.887323943661972,0.978021978021978,0.934383202099738,0.896011748885271,0,89.3390191897655,89.4472361809045,88.7323943661972,97.8021978021978,93.4383202099738,0.921471022938163,0.889912768442953
10,10,0.82,0.893390191897655,0.894472361809045,0.887323943661972,0.978021978021978,0.934383202099738,0.896011748885271,0,89.3390191897655,89.4472361809045,88.7323943661972,97.8021978021978,93.4383202099738,0.921471022938163,0.889912768442953
10,10,0.83,0.893390191897655,0.894472361809045,0.887323943661972,0.978021978021978,0.934383202099738,0.896011748885271,0,89.3390191897655,89.4472361809045,88.7323943661972,97.8021978021978,93.4383202099738,0.921471022938163,0.889912768442953
10,10,0.84,0.893390191897655,0.894472361809045,0.887323943661972,0.978021978021978,0.934383202099738,0.896011748885271,0,89.3390191897655,89.4472361809045,88.7323943661972,97.8021978021978,93.4383202099738,0.921471022938163,0.889912768442953
10,10,0.85,0.893390191897655,0.894472361809045,0.887323943661972,0.978021978021978,0.934383202099738,0.896011748885271,0,89.3390191897655,89.4472361809045,88.7323943661972,97.8021978021978,93.4383202099738,0.921471022938163,0.889912768442953
10,10,0.86,0.893390191897655,0.894472361809045,0.887323943661972,0.978021978021978,0.934383202099738,0.896011748885271,0,89.3390191897655,89.4472361809045,88.7323943661972,97.8021978021978,93.4383202099738,0.921471022938163,0.889912768442953
5,1,0.36,0.889125799573561,0.889447236180904,0.887323943661972,0.977900552486188,0.931578947368421,0.892508316229032,0,88.9125799573561,88.9447236180904,88.7323943661972,97.7900552486188,93.1578947368421,0.911920500013983,0.888092901517709
5,1,0.37,0.889125799573561,0.889447236180904,0.887323943661972,0.977900552486188,0.931578947368421,0.892508316229032,0,88.9125799573561,88.9447236180904,88.7323943661972,97.7900552486188,93.1578947368421,0.911920500013983,0.888092901517709
5,1,0.38,0.889125799573561,0.889447236180904,0.887323943661972,0.977900552486188,0.931578947368421,0.892508316229032,0,88.9125799573561,88.9447236180904,88.7323943661972,97.7900552486188,93.1578947368421,0.911920500013983,0.888092901517709
5,1,0.39,0.889125799573561,0.889447236180904,0.887323943661972,0.977900552486188,0.931578947368421,0.892508316229032,0,88.9125799573561,88.9447236180904,88.7323943661972,97.7900552486188,93.1578947368421,0.911920500013983,0.888092901517709
5,1,0.4,0.889125799573561,0.889447236180904,0.887323943661972,0.977900552486188,0.931578947368421,0.892508316229032,0,88.9125799573561,88.9447236180904,88.7323943661972,97.7900552486188,93.1578947368421,0.911920500013983,0.888092901517709
5,1,0.41,0.889125799573561,0.889447236180904,0.887323943661972,0.977900552486188,0.931578947368421,0.892508316229032,0,88.9125799573561,88.9447236180904,88.7323943661972,97.7900552486188,93.1578947368421,0.911920500013983,0.888092901517709
5,1,0.42,0.889125799573561,0.889447236180904,0.887323943661972,0.977900552486188,0.931578947368421,0.892508316229032,0,88.9125799573561,88.9447236180904,88.7323943661972,97.7900552486188,93.1578947368421,0.911920500013983,0.888092901517709
5,1,0.43,0.889125799573561,0.889447236180904,0.887323943661972,0.977900552486188,0.931578947368421,0.892508316229032,0,88.9125799573561,88.9447236180904,88.7323943661972,97.7900552486188,93.1578947368421,0.911920500013983,0.888092901517709
5,1,0.44,0.889125799573561,0.889447236180904,0.887323943661972,0.977900552486188,0.931578947368421,0.892508316229032,0,88.9125799573561,88.9447236180904,88.7323943661972,97.7900552486188,93.1578947368421,0.911920500013983,0.888092901517709
5,1,0.45,0.889125799573561,0.889447236180904,0.887323943661972,0.977900552486188,0.931578947368421,0.892508316229032,0,88.9125799573561,88.9447236180904,88.7323943661972,97.7900552486188,93.1578947368421,0.911920500013983,0.888092901517709
5,1,0.46,0.889125799573561,0.889447236180904,0.887323943661972,0.977900552486188,0.931578947368421,0.892508316229032,0,88.9125799573561,88.9447236180904,88.7323943661972,97.7900552486188,93.1578947368421,0.911920500013983,0.888092901517709
5,1,0.47,0.889125799573561,0.889447236180904,0.887323943661972,0.977900552486188,0.931578947368421,0.892508316229032,0,88.9125799573561,88.9447236180904,88.7323943661972,97.7900552486188,93.1578947368421,0.911920500013983,0.888092901517709
5,1,0.48,0.889125799573561,0.889447236180904,0.887323943661972,0.977900552486188,0.931578947368421,0.892508316229032,0,88.9125799573561,88.9447236180904,88.7323943661972,97.7900552486188,93.1578947368421,0.911920500013983,0.888092901517709
5,1,0.49,0.889125799573561,0.889447236180904,0.887323943661972,0.977900552486188,0.931578947368421,0.892508316229032,0,88.9125799573561,88.9447236180904,88.7323943661972,97.7900552486188,93.1578947368421,0.911920500013983,0.888092901517709
5,1,0.5,0.889125799573561,0.889447236180904,0.887323943661972,0.977900552486188,0.931578947368421,0.892508316229032,0,88.9125799573561,88.9447236180904,88.7323943661972,97.7900552486188,93.1578947368421,0.911920500013983,0.888092901517709
5,1,0.51,0.889125799573561,0.889447236180904,0.887323943661972,0.977900552486188,0.931578947368421,0.892508316229032,0,88.9125799573561,88.9447236180904,88.7323943661972,97.7900552486188,93.1578947368421,0.911920500013983,0.888092901517709
5,1,0.52,0.889125799573561,0.889447236180904,0.887323943661972,0.977900552486188,0.931578947368421,0.892508316229032,0,88.9125799573561,88.9447236180904,88.7323943661972,97.7900552486188,93.1578947368421,0.911920500013983,0.888092901517709
5,1,0.53,0.889125799573561,0.889447236180904,0.887323943661972,0.977900552486188,0.931578947368421,0.892508316229032,0,88.9125799573561,88.9447236180904,88.7323943661972,97.7900552486188,93.1578947368421,0.911920500013983,0.888092901517709
5,1,0.54,0.889125799573561,0.889447236180904,0.887323943661972,0.977900552486188,0.931578947368421,0.892508316229032,0,88.9125799573561,88.9447236180904,88.7323943661972,97.7900552486188,93.1578947368421,0.911920500013983,0.888092901517709
5,1,0.55,0.889125799573561,0.889447236180904,0.887323943661972,0.977900552486188,0.931578947368421,0.892508316229032,0,88.9125799573561,88.9447236180904,88.7323943661972,97.7900552486188,93.1578947368421,0.911920500013983,0.888092901517709
5,1,0.56,0.889125799573561,0.889447236180904,0.887323943661972,0.977900552486188,0.931578947368421,0.892508316229032,0,88.9125799573561,88.9447236180904,88.7323943661972,97.7900552486188,93.1578947368421,0.911920500013983,0.888092901517709
5,1,0.57,0.889125799573561,0.889447236180904,0.887323943661972,0.977900552486188,0.931578947368421,0.892508316229032,0,88.9125799573561,88.9447236180904,88.7323943661972,97.7900552486188,93.1578947368421,0.911920500013983,0.888092901517709
5,1,0.58,0.889125799573561,0.889447236180904,0.887323943661972,0.977900552486188,0.931578947368421,0.892508316229032,0,88.9125799573561,88.9447236180904,88.7323943661972,97.7900552486188,93.1578947368421,0.911920500013983,0.888092901517709
5,1,0.59,0.889125799573561,0.889447236180904,0.887323943661972,0.977900552486188,0.931578947368421,0.892508316229032,0,88.9125799573561,88.9447236180904,88.7323943661972,97.7900552486188,93.1578947368421,0.911920500013983,0.888092901517709
5,1,0.6,0.889125799573561,0.889447236180904,0.887323943661972,0.977900552486188,0.931578947368421,0.892508316229032,0,88.9125799573561,88.9447236180904,88.7323943661972,97.7900552486188,93.1578947368421,0.911920500013983,0.888092901517709
5,1,0.61,0.889125799573561,0.889447236180904,0.887323943661972,0.977900552486188,0.931578947368421,0.892508316229032,0,88.9125799573561,88.9447236180904,88.7323943661972,97.7900552486188,93.1578947368421,0.911920500013983,0.888092901517709
5,1,0.62,0.889125799573561,0.889447236180904,0.887323943661972,0.977900552486188,0.931578947368421,0.892508316229032,0,88.9125799573561,88.9447236180904,88.7323943661972,97.7900552486188,93.1578947368421,0.911920500013983,0.888092901517709
5,1,0.63,0.889125799573561,0.889447236180904,0.887323943661972,0.977900552486188,0.931578947368421,0.892508316229032,0,88.9125799573561,88.9447236180904,88.7323943661972,97.7900552486188,93.1578947368421,0.911920500013983,0.888092901517709
5,1,0.64,0.889125799573561,0.889447236180904,0.887323943661972,0.977900552486188,0.931578947368421,0.892508316229032,0,88.9125799573561,88.9447236180904,88.7323943661972,97.7900552486188,93.1578947368421,0.911920500013983,0.888092901517709
5,1,0.65,0.889125799573561,0.889447236180904,0.887323943661972,0.977900552486188,0.931578947368421,0.892508316229032,0,88.9125799573561,88.9447236180904,88.7323943661972,97.7900552486188,93.1578947368421,0.911920500013983,0.888092901517709
5,1,0.66,0.889125799573561,0.889447236180904,0.887323943661972,0.977900552486188,0.931578947368421,0.892508316229032,0,88.9125799573561,88.9447236180904,88.7323943661972,97.7900552486188,93.1578947368421,0.911920500013983,0.888092901517709
5,1,0.67,0.889125799573561,0.889447236180904,0.887323943661972,0.977900552486188,0.931578947368421,0.892508316229032,0,88.9125799573561,88.9447236180904,88.7323943661972,97.7900552486188,93.1578947368421,0.911920500013983,0.888092901517709
5,1,0.68,0.889125799573561,0.889447236180904,0.887323943661972,0.977900552486188,0.931578947368421,0.892508316229032,0,88.9125799573561,88.9447236180904,88.7323943661972,97.7900552486188,93.1578947368421,0.911920500013983,0.888092901517709
5,1,0.69,0.889125799573561,0.889447236180904,0.887323943661972,0.977900552486188,0.931578947368421,0.892508316229032,0,88.9125799573561,88.9447236180904,88.7323943661972,97.7900552486188,93.1578947368421,0.911920500013983,0.888092901517709
5,1,0.7,0.889125799573561,0.889447236180904,0.887323943661972,0.977900552486188,0.931578947368421,0.892508316229032,0,88.9125799573561,88.9447236180904,88.7323943661972,97.7900552486188,93.1578947368421,0.911920500013983,0.888092901517709
5,1,0.71,0.889125799573561,0.889447236180904,0.887323943661972,0.977900552486188,0.931578947368421,0.892508316229032,0,88.9125799573561,88.9447236180904,88.7323943661972,97.7900552486188,93.1578947368421,0.911920500013983,0.888092901517709
50,10,0.8,0.889125799573561,0.889447236180904,0.887323943661972,0.977900552486188,0.931578947368421,0.904434142543705,0,88.9125799573561,88.9447236180904,88.7323943661972,97.7900552486188,93.1578947368421,0.911920500013983,0.888092901517709
50,10,0.81,0.889125799573561,0.889447236180904,0.887323943661972,0.977900552486188,0.931578947368421,0.904434142543705,0,88.9125799573561,88.9447236180904,88.7323943661972,97.7900552486188,93.1578947368421,0.911920500013983,0.888092901517709
10,3,0.31,0.906183368869936,0.912060301507538,0.873239436619718,0.975806451612903,0.942857142857143,0.900930709887465,0,90.6183368869936,91.2060301507538,87.3239436619718,97.5806451612903,94.2857142857143,0.925514683632914,0.887298549415446
10,3,0.32,0.906183368869936,0.912060301507538,0.873239436619718,0.975806451612903,0.942857142857143,0.900930709887465,0,90.6183368869936,91.2060301507538,87.3239436619718,97.5806451612903,94.2857142857143,0.925514683632914,0.887298549415446
10,3,0.33,0.906183368869936,0.912060301507538,0.873239436619718,0.975806451612903,0.942857142857143,0.900930709887465,0,90.6183368869936,91.2060301507538,87.3239436619718,97.5806451612903,94.2857142857143,0.925514683632914,0.887298549415446
10,3,0.34,0.906183368869936,0.912060301507538,0.873239436619718,0.975806451612903,0.942857142857143,0.900930709887465,0,90.6183368869936,91.2060301507538,87.3239436619718,97.5806451612903,94.2857142857143,0.925514683632914,0.887298549415446
10,3,0.35,0.906183368869936,0.912060301507538,0.873239436619718,0.975806451612903,0.942857142857143,0.900930709887465,0,90.6183368869936,91.2060301507538,87.3239436619718,97.5806451612903,94.2857142857143,0.925514683632914,0.887298549415446
10,3,0.36,0.906183368869936,0.912060301507538,0.873239436619718,0.975806451612903,0.942857142857143,0.900930709887465,0,90.6183368869936,91.2060301507538,87.3239436619718,97.5806451612903,94.2857142857143,0.925514683632914,0.887298549415446
10,3,0.37,0.906183368869936,0.912060301507538,0.873239436619718,0.975806451612903,0.942857142857143,0.900930709887465,0,90.6183368869936,91.2060301507538,87.3239436619718,97.5806451612903,94.2857142857143,0.925514683632914,0.887298549415446
10,3,0.38,0.906183368869936,0.912060301507538,0.873239436619718,0.975806451612903,0.942857142857143,0.900930709887465,0,90.6183368869936,91.2060301507538,87.3239436619718,97.5806451612903,94.2857142857143,0.925514683632914,0.887298549415446
10,3,0.39,0.906183368869936,0.912060301507538,0.873239436619718,0.975806451612903,0.942857142857143,0.900930709887465,0,90.6183368869936,91.2060301507538,87.3239436619718,97.5806451612903,94.2857142857143,0.925514683632914,0.887298549415446
10,3,0.4,0.906183368869936,0.912060301507538,0.873239436619718,0.975806451612903,0.942857142857143,0.900930709887465,0,90.6183368869936,91.2060301507538,87.3239436619718,97.5806451612903,94.2857142857143,0.925514683632914,0.887298549415446
10,3,0.41,0.906183368869936,0.912060301507538,0.873239436619718,0.975806451612903,0.942857142857143,0.900930709887465,0,90.6183368869936,91.2060301507538,87.3239436619718,97.5806451612903,94.2857142857143,0.925514683632914,0.887298549415446
10,3,0.42,0.906183368869936,0.912060301507538,0.873239436619718,0.975806451612903,0.942857142857143,0.900930709887465,0,90.6183368869936,91.2060301507538,87.3239436619718,97.5806451612903,94.2857142857143,0.925514683632914,0.887298549415446
10,3,0.43,0.906183368869936,0.912060301507538,0.873239436619718,0.975806451612903,0.942857142857143,0.900930709887465,0,90.6183368869936,91.2060301507538,87.3239436619718,97.5806451612903,94.2857142857143,0.925514683632914,0.887298549415446
10,3,0.44,0.906183368869936,0.912060301507538,0.873239436619718,0.975806451612903,0.942857142857143,0.900930709887465,0,90.6183368869936,91.2060301507538,87.3239436619718,97.5806451612903,94.2857142857143,0.925514683632914,0.887298549415446
10,3,0.45,0.906183368869936,0.912060301507538,0.873239436619718,0.975806451612903,0.942857142857143,0.900930709887465,0,90.6183368869936,91.2060301507538,87.3239436619718,97.5806451612903,94.2857142857143,0.925514683632914,0.887298549415446
10,3,0.46,0.906183368869936,0.912060301507538,0.873239436619718,0.975806451612903,0.942857142857143,0.900930709887465,0,90.6183368869936,91.2060301507538,87.3239436619718,97.5806451612903,94.2857142857143,0.925514683632914,0.887298549415446
10,3,0.47,0.906183368869936,0.912060301507538,0.873239436619718,0.975806451612903,0.942857142857143,0.900930709887465,0,90.6183368869936,91.2060301507538,87.3239436619718,97.5806451612903,94.2857142857143,0.925514683632914,0.887298549415446
10,3,0.48,0.906183368869936,0.912060301507538,0.873239436619718,0.975806451612903,0.942857142857143,0.900930709887465,0,90.6183368869936,91.2060301507538,87.3239436619718,97.5806451612903,94.2857142857143,0.925514683632914,0.887298549415446
10,3,0.49,0.906183368869936,0.912060301507538,0.873239436619718,0.975806451612903,0.942857142857143,0.900930709887465,0,90.6183368869936,91.2060301507538,87.3239436619718,97.5806451612903,94.2857142857143,0.925514683632914,0.887298549415446
10,3,0.5,0.906183368869936,0.912060301507538,0.873239436619718,0.975806451612903,0.942857142857143,0.900930709887465,0,90.6183368869936,91.2060301507538,87.3239436619718,97.5806451612903,94.2857142857143,0.925514683632914,0.887298549415446
10,3,0.51,0.906183368869936,0.912060301507538,0.873239436619718,0.975806451612903,0.942857142857143,0.900930709887465,0,90.6183368869936,91.2060301507538,87.3239436619718,97.5806451612903,94.2857142857143,0.925514683632914,0.887298549415446
10,3,0.52,0.906183368869936,0.912060301507538,0.873239436619718,0.975806451612903,0.942857142857143,0.900930709887465,0,90.6183368869936,91.2060301507538,87.3239436619718,97.5806451612903,94.2857142857143,0.925514683632914,0.887298549415446
10,3,0.53,0.906183368869936,0.912060301507538,0.873239436619718,0.975806451612903,0.942857142857143,0.900930709887465,0,90.6183368869936,91.2060301507538,87.3239436619718,97.5806451612903,94.2857142857143,0.925514683632914,0.887298549415446
10,3,0.54,0.906183368869936,0.912060301507538,0.873239436619718,0.975806451612903,0.942857142857143,0.900930709887465,0,90.6183368869936,91.2060301507538,87.3239436619718,97.5806451612903,94.2857142857143,0.925514683632914,0.887298549415446
10,3,0.55,0.906183368869936,0.912060301507538,0.873239436619718,0.975806451612903,0.942857142857143,0.900930709887465,0,90.6183368869936,91.2060301507538,87.3239436619718,97.5806451612903,94.2857142857143,0.925514683632914,0.887298549415446
10,3,0.56,0.906183368869936,0.912060301507538,0.873239436619718,0.975806451612903,0.942857142857143,0.900930709887465,0,90.6183368869936,91.2060301507538,87.3239436619718,97.5806451612903,94.2857142857143,0.925514683632914,0.887298549415446
10,3,0.57,0.906183368869936,0.912060301507538,0.873239436619718,0.975806451612903,0.942857142857143,0.900930709887465,0,90.6183368869936,91.2060301507538,87.3239436619718,97.5806451612903,94.2857142857143,0.925514683632914,0.887298549415446
10,3,0.58,0.906183368869936,0.912060301507538,0.873239436619718,0.975806451612903,0.942857142857143,0.900930709887465,0,90.6183368869936,91.2060301507538,87.3239436619718,97.5806451612903,94.2857142857143,0.925514683632914,0.887298549415446
10,3,0.59,0.906183368869936,0.912060301507538,0.873239436619718,0.975806451612903,0.942857142857143,0.900930709887465,0,90.6183368869936,91.2060301507538,87.3239436619718,97.5806451612903,94.2857142857143,0.925514683632914,0.887298549415446
10,3,0.6,0.906183368869936,0.912060301507538,0.873239436619718,0.975806451612903,0.942857142857143,0.900930709887465,0,90.6183368869936,91.2060301507538,87.3239436619718,97.5806451612903,94.2857142857143,0.925514683632914,0.887298549415446
10,3,0.61,0.906183368869936,0.912060301507538,0.873239436619718,0.975806451612903,0.942857142857143,0.900930709887465,0,90.6183368869936,91.2060301507538,87.3239436619718,97.5806451612903,94.2857142857143,0.925514683632914,0.887298549415446
10,3,0.62,0.906183368869936,0.912060301507538,0.873239436619718,0.975806451612903,0.942857142857143,0.900930709887465,0,90.6183368869936,91.2060301507538,87.3239436619718,97.5806451612903,94.2857142857143,0.925514683632914,0.887298549415446
10,3,0.63,0.906183368869936,0.912060301507538,0.873239436619718,0.975806451612903,0.942857142857143,0.900930709887465,0,90.6183368869936,91.2060301507538,87.3239436619718,97.5806451612903,94.2857142857143,0.925514683632914,0.887298549415446
10,3,0.64,0.906183368869936,0.912060301507538,0.873239436619718,0.975806451612903,0.942857142857143,0.900930709887465,0,90.6183368869936,91.2060301507538,87.3239436619718,97.5806451612903,94.2857142857143,0.925514683632914,0.887298549415446
10,3,0.65,0.906183368869936,0.912060301507538,0.873239436619718,0.975806451612903,0.942857142857143,0.900930709887465,0,90.6183368869936,91.2060301507538,87.3239436619718,97.5806451612903,94.2857142857143,0.925514683632914,0.887298549415446
10,3,0.66,0.906183368869936,0.912060301507538,0.873239436619718,0.975806451612903,0.942857142857143,0.900930709887465,0,90.6183368869936,91.2060301507538,87.3239436619718,97.5806451612903,94.2857142857143,0.925514683632914,0.887298549415446
10,3,0.67,0.906183368869936,0.912060301507538,0.873239436619718,0.975806451612903,0.942857142857143,0.900930709887465,0,90.6183368869936,91.2060301507538,87.3239436619718,97.5806451612903,94.2857142857143,0.925514683632914,0.887298549415446
10,3,0.68,0.906183368869936,0.912060301507538,0.873239436619718,0.975806451612903,0.942857142857143,0.900930709887465,0,90.6183368869936,91.2060301507538,87.3239436619718,97.5806451612903,94.2857142857143,0.925514683632914,0.887298549415446
10,3,0.69,0.906183368869936,0.912060301507538,0.873239436619718,0.975806451612903,0.942857142857143,0.900930709887465,0,90.6183368869936,91.2060301507538,87.3239436619718,97.5806451612903,94.2857142857143,0.925514683632914,0.887298549415446
10,3,0.7,0.906183368869936,0.912060301507538,0.873239436619718,0.975806451612903,0.942857142857143,0.900930709887465,0,90.6183368869936,91.2060301507538,87.3239436619718,97.5806451612903,94.2857142857143,0.925514683632914,0.887298549415446
10,3,0.71,0.906183368869936,0.912060301507538,0.873239436619718,0.975806451612903,0.942857142857143,0.900930709887465,0,90.6183368869936,91.2060301507538,87.3239436619718,97.5806451612903,94.2857142857143,0.925514683632914,0.887298549415446
10,3,0.72,0.906183368869936,0.912060301507538,0.873239436619718,0.975806451612903,0.942857142857143,0.900930709887465,0,90.6183368869936,91.2060301507538,87.3239436619718,97.5806451612903,94.2857142857143,0.925514683632914,0.887298549415446
10,3,0.73,0.906183368869936,0.912060301507538,0.873239436619718,0.975806451612903,0.942857142857143,0.900930709887465,0,90.6183368869936,91.2060301507538,87.3239436619718,97.5806451612903,94.2857142857143,0.925514683632914,0.887298549415446
10,3,0.74,0.906183368869936,0.912060301507538,0.873239436619718,0.975806451612903,0.942857142857143,0.900930709887465,0,90.6183368869936,91.2060301507538,87.3239436619718,97.5806451612903,94.2857142857143,0.925514683632914,0.887298549415446
10,3,0.75,0.906183368869936,0.912060301507538,0.873239436619718,0.975806451612903,0.942857142857143,0.900930709887465,0,90.6183368869936,91.2060301507538,87.3239436619718,97.5806451612903,94.2857142857143,0.925514683632914,0.887298549415446
10,3,0.76,0.906183368869936,0.912060301507538,0.873239436619718,0.975806451612903,0.942857142857143,0.900930709887465,0,90.6183368869936,91.2060301507538,87.3239436619718,97.5806451612903,94.2857142857143,0.925514683632914,0.887298549415446
10,3,0.77,0.906183368869936,0.912060301507538,0.873239436619718,0.975806451612903,0.942857142857143,0.900930709887465,0,90.6183368869936,91.2060301507538,87.3239436619718,97.5806451612903,94.2857142857143,0.925514683632914,0.887298549415446
10,3,0.78,0.906183368869936,0.912060301507538,0.873239436619718,0.975806451612903,0.942857142857143,0.900930709887465,0,90.6183368869936,91.2060301507538,87.3239436619718,97.5806451612903,94.2857142857143,0.925514683632914,0.887298549415446
10,3,0.79,0.906183368869936,0.912060301507538,0.873239436619718,0.975806451612903,0.942857142857143,0.900930709887465,0,90.6183368869936,91.2060301507538,87.3239436619718,97.5806451612903,94.2857142857143,0.925514683632914,0.887298549415446
10,3,0.8,0.906183368869936,0.912060301507538,0.873239436619718,0.975806451612903,0.942857142857143,0.900930709887465,0,90.6183368869936,91.2060301507538,87.3239436619718,97.5806451612903,94.2857142857143,0.925514683632914,0.887298549415446
10,3,0.81,0.906183368869936,0.912060301507538,0.873239436619718,0.975806451612903,0.942857142857143,0.900930709887465,0,90.6183368869936,91.2060301507538,87.3239436619718,97.5806451612903,94.2857142857143,0.925514683632914,0.887298549415446
10,3,0.82,0.906183368869936,0.912060301507538,0.873239436619718,0.975806451612903,0.942857142857143,0.900930709887465,0,90.6183368869936,91.2060301507538,87.3239436619718,97.5806451612903,94.2857142857143,0.925514683632914,0.887298549415446
10,3,0.83,0.906183368869936,0.912060301507538,0.873239436619718,0.975806451612903,0.942857142857143,0.900930709887465,0,90.6183368869936,91.2060301507538,87.3239436619718,97.5806451612903,94.2857142857143,0.925514683632914,0.887298549415446
10,3,0.84,0.906183368869936,0.912060301507538,0.873239436619718,0.975806451612903,0.942857142857143,0.900930709887465,0,90.6183368869936,91.2060301507538,87.3239436619718,97.5806451612903,94.2857142857143,0.925514683632914,0.887298549415446
10,3,0.85,0.906183368869936,0.912060301507538,0.873239436619718,0.975806451612903,0.942857142857143,0.900930709887465,0,90.6183368869936,91.2060301507538,87.3239436619718,97.5806451612903,94.2857142857143,0.925514683632914,0.887298549415446
10,3,0.86,0.906183368869936,0.912060301507538,0.873239436619718,0.975806451612903,0.942857142857143,0.900930709887465,0,90.6183368869936,91.2060301507538,87.3239436619718,97.5806451612903,94.2857142857143,0.925514683632914,0.887298549415446
10,3,0.87,0.906183368869936,0.912060301507538,0.873239436619718,0.975806451612903,0.942857142857143,0.900930709887465,0,90.6183368869936,91.2060301507538,87.3239436619718,97.5806451612903,94.2857142857143,0.925514683632914,0.887298549415446
10,3,0.88,0.906183368869936,0.912060301507538,0.873239436619718,0.975806451612903,0.942857142857143,0.900930709887465,0,90.6183368869936,91.2060301507538,87.3239436619718,97.5806451612903,94.2857142857143,0.925514683632914,0.887298549415446
10,3,0.89,0.906183368869936,0.912060301507538,0.873239436619718,0.975806451612903,0.942857142857143,0.900930709887465,0,90.6183368869936,91.2060301507538,87.3239436619718,97.5806451612903,94.2857142857143,0.925514683632914,0.887298549415446
10,3,0.9,0.906183368869936,0.912060301507538,0.873239436619718,0.975806451612903,0.942857142857143,0.900930709887465,0,90.6183368869936,91.2060301507538,87.3239436619718,97.5806451612903,94.2857142857143,0.925514683632914,0.887298549415446
10,3,0.91,0.906183368869936,0.912060301507538,0.873239436619718,0.975806451612903,0.942857142857143,0.900930709887465,0,90.6183368869936,91.2060301507538,87.3239436619718,97.5806451612903,94.2857142857143,0.925514683632914,0.887298549415446
10,3,0.92,0.906183368869936,0.912060301507538,0.873239436619718,0.975806451612903,0.942857142857143,0.900930709887465,0,90.6183368869936,91.2060301507538,87.3239436619718,97.5806451612903,94.2857142857143,0.925514683632914,0.887298549415446
10,3,0.93,0.906183368869936,0.912060301507538,0.873239436619718,0.975806451612903,0.942857142857143,0.900930709887465,0,90.6183368869936,91.2060301507538,87.3239436619718,97.5806451612903,94.2857142857143,0.925514683632914,0.887298549415446
10,3,0.94,0.906183368869936,0.912060301507538,0.873239436619718,0.975806451612903,0.942857142857143,0.900930709887465,0,90.6183368869936,91.2060301507538,87.3239436619718,97.5806451612903,94.2857142857143,0.925514683632914,0.887298549415446
10,3,0.95,0.906183368869936,0.912060301507538,0.873239436619718,0.975806451612903,0.942857142857143,0.900930709887465,0,90.6183368869936,91.2060301507538,87.3239436619718,97.5806451612903,94.2857142857143,0.925514683632914,0.887298549415446
10,10,0.65,0.906183368869936,0.912060301507538,0.873239436619718,0.975806451612903,0.942857142857143,0.896011748885271,0,90.6183368869936,91.2060301507538,87.3239436619718,97.5806451612903,94.2857142857143,0.925514683632914,0.887298549415446
10,10,0.66,0.906183368869936,0.912060301507538,0.873239436619718,0.975806451612903,0.942857142857143,0.896011748885271,0,90.6183368869936,91.2060301507538,87.3239436619718,97.5806451612903,94.2857142857143,0.925514683632914,0.887298549415446
10,10,0.67,0.906183368869936,0.912060301507538,0.873239436619718,0.975806451612903,0.942857142857143,0.896011748885271,0,90.6183368869936,91.2060301507538,87.3239436619718,97.5806451612903,94.2857142857143,0.925514683632914,0.887298549415446
10,10,0.68,0.906183368869936,0.912060301507538,0.873239436619718,0.975806451612903,0.942857142857143,0.896011748885271,0,90.6183368869936,91.2060301507538,87.3239436619718,97.5806451612903,94.2857142857143,0.925514683632914,0.887298549415446
10,10,0.69,0.906183368869936,0.912060301507538,0.873239436619718,0.975806451612903,0.942857142857143,0.896011748885271,0,90.6183368869936,91.2060301507538,87.3239436619718,97.5806451612903,94.2857142857143,0.925514683632914,0.887298549415446
10,10,0.7,0.906183368869936,0.912060301507538,0.873239436619718,0.975806451612903,0.942857142857143,0.896011748885271,0,90.6183368869936,91.2060301507538,87.3239436619718,97.5806451612903,94.2857142857143,0.925514683632914,0.887298549415446
10,10,0.71,0.906183368869936,0.912060301507538,0.873239436619718,0.975806451612903,0.942857142857143,0.896011748885271,0,90.6183368869936,91.2060301507538,87.3239436619718,97.5806451612903,94.2857142857143,0.925514683632914,0.887298549415446
10,10,0.72,0.906183368869936,0.912060301507538,0.873239436619718,0.975806451612903,0.942857142857143,0.896011748885271,0,90.6183368869936,91.2060301507538,87.3239436619718,97.5806451612903,94.2857142857143,0.925514683632914,0.887298549415446
10,10,0.73,0.906183368869936,0.912060301507538,0.873239436619718,0.975806451612903,0.942857142857143,0.896011748885271,0,90.6183368869936,91.2060301507538,87.3239436619718,97.5806451612903,94.2857142857143,0.925514683632914,0.887298549415446
50,10,0.82,0.886993603411514,0.886934673366834,0.887323943661972,0.977839335180055,0.930171277997365,0.904434142543705,0,88.6993603411514,88.6934673366834,88.7323943661972,97.7839335180055,93.0171277997365,0.907163771261319,0.887182968055087
50,10,0.83,0.886993603411514,0.886934673366834,0.887323943661972,0.977839335180055,0.930171277997365,0.904434142543705,0,88.6993603411514,88.6934673366834,88.7323943661972,97.7839335180055,93.0171277997365,0.907163771261319,0.887182968055087
50,10,0.84,0.886993603411514,0.886934673366834,0.887323943661972,0.977839335180055,0.930171277997365,0.904434142543705,0,88.6993603411514,88.6934673366834,88.7323943661972,97.7839335180055,93.0171277997365,0.907163771261319,0.887182968055087
50,10,0.85,0.886993603411514,0.886934673366834,0.887323943661972,0.977839335180055,0.930171277997365,0.904434142543705,0,88.6993603411514,88.6934673366834,88.7323943661972,97.7839335180055,93.0171277997365,0.907163771261319,0.887182968055087
50,10,0.86,0.886993603411514,0.886934673366834,0.887323943661972,0.977839335180055,0.930171277997365,0.904434142543705,0,88.6993603411514,88.6934673366834,88.7323943661972,97.7839335180055,93.0171277997365,0.907163771261319,0.887182968055087
50,10,0.87,0.886993603411514,0.886934673366834,0.887323943661972,0.977839335180055,0.930171277997365,0.904434142543705,0,88.6993603411514,88.6934673366834,88.7323943661972,97.7839335180055,93.0171277997365,0.907163771261319,0.887182968055087
50,10,0.88,0.886993603411514,0.886934673366834,0.887323943661972,0.977839335180055,0.930171277997365,0.904434142543705,0,88.6993603411514,88.6934673366834,88.7323943661972,97.7839335180055,93.0171277997365,0.907163771261319,0.887182968055087
50,10,0.89,0.886993603411514,0.886934673366834,0.887323943661972,0.977839335180055,0.930171277997365,0.904434142543705,0,88.6993603411514,88.6934673366834,88.7323943661972,97.7839335180055,93.0171277997365,0.907163771261319,0.887182968055087
50,10,0.9,0.886993603411514,0.886934673366834,0.887323943661972,0.977839335180055,0.930171277997365,0.904434142543705,0,88.6993603411514,88.6934673366834,88.7323943661972,97.7839335180055,93.0171277997365,0.907163771261319,0.887182968055087
50,10,0.91,0.886993603411514,0.886934673366834,0.887323943661972,0.977839335180055,0.930171277997365,0.904434142543705,0,88.6993603411514,88.6934673366834,88.7323943661972,97.7839335180055,93.0171277997365,0.907163771261319,0.887182968055087
50,10,0.92,0.886993603411514,0.886934673366834,0.887323943661972,0.977839335180055,0.930171277997365,0.904434142543705,0,88.6993603411514,88.6934673366834,88.7323943661972,97.7839335180055,93.0171277997365,0.907163771261319,0.887182968055087
50,10,0.93,0.886993603411514,0.886934673366834,0.887323943661972,0.977839335180055,0.930171277997365,0.904434142543705,0,88.6993603411514,88.6934673366834,88.7323943661972,97.7839335180055,93.0171277997365,0.907163771261319,0.887182968055087
50,10,0.94,0.886993603411514,0.886934673366834,0.887323943661972,0.977839335180055,0.930171277997365,0.904434142543705,0,88.6993603411514,88.6934673366834,88.7323943661972,97.7839335180055,93.0171277997365,0.907163771261319,0.887182968055087
50,10,0.95,0.886993603411514,0.886934673366834,0.887323943661972,0.977839335180055,0.930171277997365,0.904434142543705,0,88.6993603411514,88.6934673366834,88.7323943661972,97.7839335180055,93.0171277997365,0.907163771261319,0.887182968055087
5,10,0.77,0.867803837953092,0.861809045226131,0.901408450704225,0.98,0.917112299465241,0.865170925047774,0,86.7803837953092,86.1809045226131,90.1408450704225,98,91.7112299465241,0.874714850327398,0.887067386694728
5,10,0.78,0.867803837953092,0.861809045226131,0.901408450704225,0.98,0.917112299465241,0.865170925047774,0,86.7803837953092,86.1809045226131,90.1408450704225,98,91.7112299465241,0.874714850327398,0.887067386694728
5,10,0.79,0.867803837953092,0.861809045226131,0.901408450704225,0.98,0.917112299465241,0.865170925047774,0,86.7803837953092,86.1809045226131,90.1408450704225,98,91.7112299465241,0.874714850327398,0.887067386694728
5,10,0.8,0.867803837953092,0.861809045226131,0.901408450704225,0.98,0.917112299465241,0.865170925047774,0,86.7803837953092,86.1809045226131,90.1408450704225,98,91.7112299465241,0.874714850327398,0.887067386694728
5,10,0.81,0.867803837953092,0.861809045226131,0.901408450704225,0.98,0.917112299465241,0.865170925047774,0,86.7803837953092,86.1809045226131,90.1408450704225,98,91.7112299465241,0.874714850327398,0.887067386694728
5,10,0.82,0.867803837953092,0.861809045226131,0.901408450704225,0.98,0.917112299465241,0.865170925047774,0,86.7803837953092,86.1809045226131,90.1408450704225,98,91.7112299465241,0.874714850327398,0.887067386694728
5,10,0.83,0.867803837953092,0.861809045226131,0.901408450704225,0.98,0.917112299465241,0.865170925047774,0,86.7803837953092,86.1809045226131,90.1408450704225,98,91.7112299465241,0.874714850327398,0.887067386694728
5,10,0.84,0.867803837953092,0.861809045226131,0.901408450704225,0.98,0.917112299465241,0.865170925047774,0,86.7803837953092,86.1809045226131,90.1408450704225,98,91.7112299465241,0.874714850327398,0.887067386694728
5,10,0.85,0.867803837953092,0.861809045226131,0.901408450704225,0.98,0.917112299465241,0.865170925047774,0,86.7803837953092,86.1809045226131,90.1408450704225,98,91.7112299465241,0.874714850327398,0.887067386694728
5,10,0.86,0.867803837953092,0.861809045226131,0.901408450704225,0.98,0.917112299465241,0.865170925047774,0,86.7803837953092,86.1809045226131,90.1408450704225,98,91.7112299465241,0.874714850327398,0.887067386694728
5,10,0.87,0.867803837953092,0.861809045226131,0.901408450704225,0.98,0.917112299465241,0.865170925047774,0,86.7803837953092,86.1809045226131,90.1408450704225,98,91.7112299465241,0.874714850327398,0.887067386694728
5,10,0.88,0.867803837953092,0.861809045226131,0.901408450704225,0.98,0.917112299465241,0.865170925047774,0,86.7803837953092,86.1809045226131,90.1408450704225,98,91.7112299465241,0.874714850327398,0.887067386694728
5,10,0.89,0.867803837953092,0.861809045226131,0.901408450704225,0.98,0.917112299465241,0.865170925047774,0,86.7803837953092,86.1809045226131,90.1408450704225,98,91.7112299465241,0.874714850327398,0.887067386694728
5,10,0.9,0.867803837953092,0.861809045226131,0.901408450704225,0.98,0.917112299465241,0.865170925047774,0,86.7803837953092,86.1809045226131,90.1408450704225,98,91.7112299465241,0.874714850327398,0.887067386694728
5,10,0.91,0.867803837953092,0.861809045226131,0.901408450704225,0.98,0.917112299465241,0.865170925047774,0,86.7803837953092,86.1809045226131,90.1408450704225,98,91.7112299465241,0.874714850327398,0.887067386694728
5,8,0.21,0.901918976545842,0.907035175879397,0.873239436619718,0.975675675675676,0.940104166666667,0.91119329039564,0,90.1918976545842,90.7035175879397,87.3239436619718,97.5675675675676,94.0104166666667,0.921159320415818,0.885478682490201
5,8,0.22,0.901918976545842,0.907035175879397,0.873239436619718,0.975675675675676,0.940104166666667,0.91119329039564,0,90.1918976545842,90.7035175879397,87.3239436619718,97.5675675675676,94.0104166666667,0.921159320415818,0.885478682490201
5,5,0.59,0.88272921108742,0.881909547738693,0.887323943661972,0.977715877437326,0.927344782034346,0.905106518508033,0,88.272921108742,88.1909547738694,88.7323943661972,97.7715877437326,92.7344782034346,0.897687379174843,0.885363101129842
5,5,0.6,0.88272921108742,0.881909547738693,0.887323943661972,0.977715877437326,0.927344782034346,0.905106518508033,0,88.272921108742,88.1909547738694,88.7323943661972,97.7715877437326,92.7344782034346,0.897687379174843,0.885363101129842
5,5,0.61,0.88272921108742,0.881909547738693,0.887323943661972,0.977715877437326,0.927344782034346,0.905106518508033,0,88.272921108742,88.1909547738694,88.7323943661972,97.7715877437326,92.7344782034346,0.897687379174843,0.885363101129842
5,5,0.62,0.88272921108742,0.881909547738693,0.887323943661972,0.977715877437326,0.927344782034346,0.905106518508033,0,88.272921108742,88.1909547738694,88.7323943661972,97.7715877437326,92.7344782034346,0.897687379174843,0.885363101129842
5,5,0.63,0.88272921108742,0.881909547738693,0.887323943661972,0.977715877437326,0.927344782034346,0.905106518508033,0,88.272921108742,88.1909547738694,88.7323943661972,97.7715877437326,92.7344782034346,0.897687379174843,0.885363101129842
5,5,0.64,0.88272921108742,0.881909547738693,0.887323943661972,0.977715877437326,0.927344782034346,0.905106518508033,0,88.272921108742,88.1909547738694,88.7323943661972,97.7715877437326,92.7344782034346,0.897687379174843,0.885363101129842
5,5,0.65,0.88272921108742,0.881909547738693,0.887323943661972,0.977715877437326,0.927344782034346,0.905106518508033,0,88.272921108742,88.1909547738694,88.7323943661972,97.7715877437326,92.7344782034346,0.897687379174843,0.885363101129842
5,5,0.66,0.88272921108742,0.881909547738693,0.887323943661972,0.977715877437326,0.927344782034346,0.905106518508033,0,88.272921108742,88.1909547738694,88.7323943661972,97.7715877437326,92.7344782034346,0.897687379174843,0.885363101129842
5,5,0.67,0.88272921108742,0.881909547738693,0.887323943661972,0.977715877437326,0.927344782034346,0.905106518508033,0,88.272921108742,88.1909547738694,88.7323943661972,97.7715877437326,92.7344782034346,0.897687379174843,0.885363101129842
5,5,0.68,0.88272921108742,0.881909547738693,0.887323943661972,0.977715877437326,0.927344782034346,0.905106518508033,0,88.272921108742,88.1909547738694,88.7323943661972,97.7715877437326,92.7344782034346,0.897687379174843,0.885363101129842
5,5,0.69,0.88272921108742,0.881909547738693,0.887323943661972,0.977715877437326,0.927344782034346,0.905106518508033,0,88.272921108742,88.1909547738694,88.7323943661972,97.7715877437326,92.7344782034346,0.897687379174843,0.885363101129842
5,5,0.7,0.88272921108742,0.881909547738693,0.887323943661972,0.977715877437326,0.927344782034346,0.905106518508033,0,88.272921108742,88.1909547738694,88.7323943661972,97.7715877437326,92.7344782034346,0.897687379174843,0.885363101129842
5,5,0.71,0.88272921108742,0.881909547738693,0.887323943661972,0.977715877437326,0.927344782034346,0.905106518508033,0,88.272921108742,88.1909547738694,88.7323943661972,97.7715877437326,92.7344782034346,0.897687379174843,0.885363101129842
5,5,0.72,0.88272921108742,0.881909547738693,0.887323943661972,0.977715877437326,0.927344782034346,0.905106518508033,0,88.272921108742,88.1909547738694,88.7323943661972,97.7715877437326,92.7344782034346,0.897687379174843,0.885363101129842
5,5,0.73,0.88272921108742,0.881909547738693,0.887323943661972,0.977715877437326,0.927344782034346,0.905106518508033,0,88.272921108742,88.1909547738694,88.7323943661972,97.7715877437326,92.7344782034346,0.897687379174843,0.885363101129842
5,5,0.74,0.88272921108742,0.881909547738693,0.887323943661972,0.977715877437326,0.927344782034346,0.905106518508033,0,88.272921108742,88.1909547738694,88.7323943661972,97.7715877437326,92.7344782034346,0.897687379174843,0.885363101129842
5,5,0.75,0.88272921108742,0.881909547738693,0.887323943661972,0.977715877437326,0.927344782034346,0.905106518508033,0,88.272921108742,88.1909547738694,88.7323943661972,97.7715877437326,92.7344782034346,0.897687379174843,0.885363101129842
5,5,0.76,0.88272921108742,0.881909547738693,0.887323943661972,0.977715877437326,0.927344782034346,0.905106518508033,0,88.272921108742,88.1909547738694,88.7323943661972,97.7715877437326,92.7344782034346,0.897687379174843,0.885363101129842
5,5,0.77,0.88272921108742,0.881909547738693,0.887323943661972,0.977715877437326,0.927344782034346,0.905106518508033,0,88.272921108742,88.1909547738694,88.7323943661972,97.7715877437326,92.7344782034346,0.897687379174843,0.885363101129842
5,5,0.78,0.88272921108742,0.881909547738693,0.887323943661972,0.977715877437326,0.927344782034346,0.905106518508033,0,88.272921108742,88.1909547738694,88.7323943661972,97.7715877437326,92.7344782034346,0.897687379174843,0.885363101129842
5,5,0.79,0.88272921108742,0.881909547738693,0.887323943661972,0.977715877437326,0.927344782034346,0.905106518508033,0,88.272921108742,88.1909547738694,88.7323943661972,97.7715877437326,92.7344782034346,0.897687379174843,0.885363101129842
10,3,0.11,0.918976545842217,0.92964824120603,0.859154929577465,0.973684210526316,0.951156812339332,0.900930709887465,0,91.8976545842217,92.964824120603,85.9154929577465,97.3684210526316,95.1156812339332,0.923442373715102,0.884684330387938
10,3,0.12,0.918976545842217,0.92964824120603,0.859154929577465,0.973684210526316,0.951156812339332,0.900930709887465,0,91.8976545842217,92.964824120603,85.9154929577465,97.3684210526316,95.1156812339332,0.923442373715102,0.884684330387938
10,3,0.13,0.918976545842217,0.92964824120603,0.859154929577465,0.973684210526316,0.951156812339332,0.900930709887465,0,91.8976545842217,92.964824120603,85.9154929577465,97.3684210526316,95.1156812339332,0.923442373715102,0.884684330387938
5,8,0.23,0.899786780383795,0.904522613065327,0.873239436619718,0.975609756097561,0.938722294654498,0.91119329039564,0,89.9786780383795,90.4522613065327,87.3239436619718,97.5609756097561,93.8722294654498,0.91898163880727,0.884568749027579
5,8,0.24,0.899786780383795,0.904522613065327,0.873239436619718,0.975609756097561,0.938722294654498,0.91119329039564,0,89.9786780383795,90.4522613065327,87.3239436619718,97.5609756097561,93.8722294654498,0.91898163880727,0.884568749027579
5,8,0.25,0.899786780383795,0.904522613065327,0.873239436619718,0.975609756097561,0.938722294654498,0.91119329039564,0,89.9786780383795,90.4522613065327,87.3239436619718,97.5609756097561,93.8722294654498,0.91898163880727,0.884568749027579
5,8,0.26,0.899786780383795,0.904522613065327,0.873239436619718,0.975609756097561,0.938722294654498,0.91119329039564,0,89.9786780383795,90.4522613065327,87.3239436619718,97.5609756097561,93.8722294654498,0.91898163880727,0.884568749027579
5,8,0.27,0.899786780383795,0.904522613065327,0.873239436619718,0.975609756097561,0.938722294654498,0.91119329039564,0,89.9786780383795,90.4522613065327,87.3239436619718,97.5609756097561,93.8722294654498,0.91898163880727,0.884568749027579
5,8,0.28,0.899786780383795,0.904522613065327,0.873239436619718,0.975609756097561,0.938722294654498,0.91119329039564,0,89.9786780383795,90.4522613065327,87.3239436619718,97.5609756097561,93.8722294654498,0.91898163880727,0.884568749027579
5,8,0.29,0.899786780383795,0.904522613065327,0.873239436619718,0.975609756097561,0.938722294654498,0.91119329039564,0,89.9786780383795,90.4522613065327,87.3239436619718,97.5609756097561,93.8722294654498,0.91898163880727,0.884568749027579
5,8,0.3,0.899786780383795,0.904522613065327,0.873239436619718,0.975609756097561,0.938722294654498,0.91119329039564,0,89.9786780383795,90.4522613065327,87.3239436619718,97.5609756097561,93.8722294654498,0.91898163880727,0.884568749027579
5,8,0.31,0.899786780383795,0.904522613065327,0.873239436619718,0.975609756097561,0.938722294654498,0.91119329039564,0,89.9786780383795,90.4522613065327,87.3239436619718,97.5609756097561,93.8722294654498,0.91898163880727,0.884568749027579
5,8,0.32,0.899786780383795,0.904522613065327,0.873239436619718,0.975609756097561,0.938722294654498,0.91119329039564,0,89.9786780383795,90.4522613065327,87.3239436619718,97.5609756097561,93.8722294654498,0.91898163880727,0.884568749027579
5,8,0.33,0.899786780383795,0.904522613065327,0.873239436619718,0.975609756097561,0.938722294654498,0.91119329039564,0,89.9786780383795,90.4522613065327,87.3239436619718,97.5609756097561,93.8722294654498,0.91898163880727,0.884568749027579
5,8,0.34,0.899786780383795,0.904522613065327,0.873239436619718,0.975609756097561,0.938722294654498,0.91119329039564,0,89.9786780383795,90.4522613065327,87.3239436619718,97.5609756097561,93.8722294654498,0.91898163880727,0.884568749027579
5,8,0.35,0.899786780383795,0.904522613065327,0.873239436619718,0.975609756097561,0.938722294654498,0.91119329039564,0,89.9786780383795,90.4522613065327,87.3239436619718,97.5609756097561,93.8722294654498,0.91898163880727,0.884568749027579
5,8,0.36,0.899786780383795,0.904522613065327,0.873239436619718,0.975609756097561,0.938722294654498,0.91119329039564,0,89.9786780383795,90.4522613065327,87.3239436619718,97.5609756097561,93.8722294654498,0.91898163880727,0.884568749027579
5,8,0.37,0.899786780383795,0.904522613065327,0.873239436619718,0.975609756097561,0.938722294654498,0.91119329039564,0,89.9786780383795,90.4522613065327,87.3239436619718,97.5609756097561,93.8722294654498,0.91898163880727,0.884568749027579
5,8,0.38,0.899786780383795,0.904522613065327,0.873239436619718,0.975609756097561,0.938722294654498,0.91119329039564,0,89.9786780383795,90.4522613065327,87.3239436619718,97.5609756097561,93.8722294654498,0.91898163880727,0.884568749027579
5,8,0.39,0.899786780383795,0.904522613065327,0.873239436619718,0.975609756097561,0.938722294654498,0.91119329039564,0,89.9786780383795,90.4522613065327,87.3239436619718,97.5609756097561,93.8722294654498,0.91898163880727,0.884568749027579
5,8,0.4,0.899786780383795,0.904522613065327,0.873239436619718,0.975609756097561,0.938722294654498,0.91119329039564,0,89.9786780383795,90.4522613065327,87.3239436619718,97.5609756097561,93.8722294654498,0.91898163880727,0.884568749027579
5,8,0.41,0.899786780383795,0.904522613065327,0.873239436619718,0.975609756097561,0.938722294654498,0.91119329039564,0,89.9786780383795,90.4522613065327,87.3239436619718,97.5609756097561,93.8722294654498,0.91898163880727,0.884568749027579
5,8,0.42,0.897654584221748,0.902010050251256,0.873239436619718,0.97554347826087,0.93733681462141,0.91119329039564,0,89.7654584221748,90.2010050251256,87.3239436619718,97.554347826087,93.733681462141,0.916803957198722,0.883658815564957
5,8,0.43,0.897654584221748,0.902010050251256,0.873239436619718,0.97554347826087,0.93733681462141,0.91119329039564,0,89.7654584221748,90.2010050251256,87.3239436619718,97.554347826087,93.733681462141,0.916803957198722,0.883658815564957
5,8,0.44,0.897654584221748,0.902010050251256,0.873239436619718,0.97554347826087,0.93733681462141,0.91119329039564,0,89.7654584221748,90.2010050251256,87.3239436619718,97.554347826087,93.733681462141,0.916803957198722,0.883658815564957
5,8,0.45,0.897654584221748,0.902010050251256,0.873239436619718,0.97554347826087,0.93733681462141,0.91119329039564,0,89.7654584221748,90.2010050251256,87.3239436619718,97.554347826087,93.733681462141,0.916803957198722,0.883658815564957
5,8,0.46,0.897654584221748,0.902010050251256,0.873239436619718,0.97554347826087,0.93733681462141,0.91119329039564,0,89.7654584221748,90.2010050251256,87.3239436619718,97.554347826087,93.733681462141,0.916803957198722,0.883658815564957
5,8,0.47,0.897654584221748,0.902010050251256,0.873239436619718,0.97554347826087,0.93733681462141,0.91119329039564,0,89.7654584221748,90.2010050251256,87.3239436619718,97.554347826087,93.733681462141,0.916803957198722,0.883658815564957
5,8,0.48,0.897654584221748,0.902010050251256,0.873239436619718,0.97554347826087,0.93733681462141,0.91119329039564,0,89.7654584221748,90.2010050251256,87.3239436619718,97.554347826087,93.733681462141,0.916803957198722,0.883658815564957
5,8,0.49,0.897654584221748,0.902010050251256,0.873239436619718,0.97554347826087,0.93733681462141,0.91119329039564,0,89.7654584221748,90.2010050251256,87.3239436619718,97.554347826087,93.733681462141,0.916803957198722,0.883658815564957
5,8,0.5,0.897654584221748,0.902010050251256,0.873239436619718,0.97554347826087,0.93733681462141,0.91119329039564,0,89.7654584221748,90.2010050251256,87.3239436619718,97.554347826087,93.733681462141,0.916803957198722,0.883658815564957
5,8,0.51,0.897654584221748,0.902010050251256,0.873239436619718,0.97554347826087,0.93733681462141,0.91119329039564,0,89.7654584221748,90.2010050251256,87.3239436619718,97.554347826087,93.733681462141,0.916803957198722,0.883658815564957
5,10,0.92,0.859275053304904,0.851758793969849,0.901408450704225,0.979768786127168,0.911290322580645,0.865170925047774,0,85.9275053304904,85.1758793969849,90.1408450704225,97.9768786127168,91.1290322580645,0.85601764104253,0.883427652844239
5,10,0.93,0.859275053304904,0.851758793969849,0.901408450704225,0.979768786127168,0.911290322580645,0.865170925047774,0,85.9275053304904,85.1758793969849,90.1408450704225,97.9768786127168,91.1290322580645,0.85601764104253,0.883427652844239
5,10,0.94,0.859275053304904,0.851758793969849,0.901408450704225,0.979768786127168,0.911290322580645,0.865170925047774,0,85.9275053304904,85.1758793969849,90.1408450704225,97.9768786127168,91.1290322580645,0.85601764104253,0.883427652844239
5,10,0.95,0.859275053304904,0.851758793969849,0.901408450704225,0.979768786127168,0.911290322580645,0.865170925047774,0,85.9275053304904,85.1758793969849,90.1408450704225,97.9768786127168,91.1290322580645,0.85601764104253,0.883427652844239
10,3,0.14,0.914712153518124,0.924623115577889,0.859154929577465,0.973544973544973,0.948453608247423,0.900930709887465,0,91.4712153518124,92.462311557789,85.9154929577465,97.3544973544974,94.8453608247423,0.91915725829183,0.882864463462693
10,3,0.15,0.914712153518124,0.924623115577889,0.859154929577465,0.973544973544973,0.948453608247423,0.900930709887465,0,91.4712153518124,92.462311557789,85.9154929577465,97.3544973544974,94.8453608247423,0.91915725829183,0.882864463462693
10,3,0.16,0.914712153518124,0.924623115577889,0.859154929577465,0.973544973544973,0.948453608247423,0.900930709887465,0,91.4712153518124,92.462311557789,85.9154929577465,97.3544973544974,94.8453608247423,0.91915725829183,0.882864463462693
10,3,0.17,0.914712153518124,0.924623115577889,0.859154929577465,0.973544973544973,0.948453608247423,0.900930709887465,0,91.4712153518124,92.462311557789,85.9154929577465,97.3544973544974,94.8453608247423,0.91915725829183,0.882864463462693
10,3,0.18,0.914712153518124,0.924623115577889,0.859154929577465,0.973544973544973,0.948453608247423,0.900930709887465,0,91.4712153518124,92.462311557789,85.9154929577465,97.3544973544974,94.8453608247423,0.91915725829183,0.882864463462693
10,3,0.19,0.914712153518124,0.924623115577889,0.859154929577465,0.973544973544973,0.948453608247423,0.900930709887465,0,91.4712153518124,92.462311557789,85.9154929577465,97.3544973544974,94.8453608247423,0.91915725829183,0.882864463462693
15,3,0.71,0.914712153518124,0.924623115577889,0.859154929577465,0.973544973544973,0.948453608247423,0.891588222804162,0,91.4712153518124,92.462311557789,85.9154929577465,97.3544973544974,94.8453608247423,0.91915725829183,0.882864463462693
15,3,0.72,0.914712153518124,0.924623115577889,0.859154929577465,0.973544973544973,0.948453608247423,0.891588222804162,0,91.4712153518124,92.462311557789,85.9154929577465,97.3544973544974,94.8453608247423,0.91915725829183,0.882864463462693
15,3,0.73,0.914712153518124,0.924623115577889,0.859154929577465,0.973544973544973,0.948453608247423,0.891588222804162,0,91.4712153518124,92.462311557789,85.9154929577465,97.3544973544974,94.8453608247423,0.91915725829183,0.882864463462693
15,3,0.74,0.914712153518124,0.924623115577889,0.859154929577465,0.973544973544973,0.948453608247423,0.891588222804162,0,91.4712153518124,92.462311557789,85.9154929577465,97.3544973544974,94.8453608247423,0.91915725829183,0.882864463462693
15,3,0.75,0.914712153518124,0.924623115577889,0.859154929577465,0.973544973544973,0.948453608247423,0.891588222804162,0,91.4712153518124,92.462311557789,85.9154929577465,97.3544973544974,94.8453608247423,0.91915725829183,0.882864463462693
15,3,0.76,0.914712153518124,0.924623115577889,0.859154929577465,0.973544973544973,0.948453608247423,0.891588222804162,0,91.4712153518124,92.462311557789,85.9154929577465,97.3544973544974,94.8453608247423,0.91915725829183,0.882864463462693
15,3,0.77,0.914712153518124,0.924623115577889,0.859154929577465,0.973544973544973,0.948453608247423,0.891588222804162,0,91.4712153518124,92.462311557789,85.9154929577465,97.3544973544974,94.8453608247423,0.91915725829183,0.882864463462693
15,3,0.78,0.914712153518124,0.924623115577889,0.859154929577465,0.973544973544973,0.948453608247423,0.891588222804162,0,91.4712153518124,92.462311557789,85.9154929577465,97.3544973544974,94.8453608247423,0.91915725829183,0.882864463462693
15,3,0.79,0.914712153518124,0.924623115577889,0.859154929577465,0.973544973544973,0.948453608247423,0.891588222804162,0,91.4712153518124,92.462311557789,85.9154929577465,97.3544973544974,94.8453608247423,0.91915725829183,0.882864463462693
15,3,0.8,0.914712153518124,0.924623115577889,0.859154929577465,0.973544973544973,0.948453608247423,0.891588222804162,0,91.4712153518124,92.462311557789,85.9154929577465,97.3544973544974,94.8453608247423,0.91915725829183,0.882864463462693
15,3,0.81,0.914712153518124,0.924623115577889,0.859154929577465,0.973544973544973,0.948453608247423,0.891588222804162,0,91.4712153518124,92.462311557789,85.9154929577465,97.3544973544974,94.8453608247423,0.91915725829183,0.882864463462693
15,3,0.82,0.914712153518124,0.924623115577889,0.859154929577465,0.973544973544973,0.948453608247423,0.891588222804162,0,91.4712153518124,92.462311557789,85.9154929577465,97.3544973544974,94.8453608247423,0.91915725829183,0.882864463462693
15,3,0.83,0.914712153518124,0.924623115577889,0.859154929577465,0.973544973544973,0.948453608247423,0.891588222804162,0,91.4712153518124,92.462311557789,85.9154929577465,97.3544973544974,94.8453608247423,0.91915725829183,0.882864463462693
15,3,0.84,0.914712153518124,0.924623115577889,0.859154929577465,0.973544973544973,0.948453608247423,0.891588222804162,0,91.4712153518124,92.462311557789,85.9154929577465,97.3544973544974,94.8453608247423,0.91915725829183,0.882864463462693
15,3,0.85,0.914712153518124,0.924623115577889,0.859154929577465,0.973544973544973,0.948453608247423,0.891588222804162,0,91.4712153518124,92.462311557789,85.9154929577465,97.3544973544974,94.8453608247423,0.91915725829183,0.882864463462693
15,3,0.86,0.914712153518124,0.924623115577889,0.859154929577465,0.973544973544973,0.948453608247423,0.891588222804162,0,91.4712153518124,92.462311557789,85.9154929577465,97.3544973544974,94.8453608247423,0.91915725829183,0.882864463462693
15,3,0.87,0.914712153518124,0.924623115577889,0.859154929577465,0.973544973544973,0.948453608247423,0.891588222804162,0,91.4712153518124,92.462311557789,85.9154929577465,97.3544973544974,94.8453608247423,0.91915725829183,0.882864463462693
15,3,0.88,0.914712153518124,0.924623115577889,0.859154929577465,0.973544973544973,0.948453608247423,0.891588222804162,0,91.4712153518124,92.462311557789,85.9154929577465,97.3544973544974,94.8453608247423,0.91915725829183,0.882864463462693
15,3,0.89,0.914712153518124,0.924623115577889,0.859154929577465,0.973544973544973,0.948453608247423,0.891588222804162,0,91.4712153518124,92.462311557789,85.9154929577465,97.3544973544974,94.8453608247423,0.91915725829183,0.882864463462693
15,3,0.9,0.914712153518124,0.924623115577889,0.859154929577465,0.973544973544973,0.948453608247423,0.891588222804162,0,91.4712153518124,92.462311557789,85.9154929577465,97.3544973544974,94.8453608247423,0.91915725829183,0.882864463462693
15,3,0.91,0.914712153518124,0.924623115577889,0.859154929577465,0.973544973544973,0.948453608247423,0.891588222804162,0,91.4712153518124,92.462311557789,85.9154929577465,97.3544973544974,94.8453608247423,0.91915725829183,0.882864463462693
15,3,0.92,0.914712153518124,0.924623115577889,0.859154929577465,0.973544973544973,0.948453608247423,0.891588222804162,0,91.4712153518124,92.462311557789,85.9154929577465,97.3544973544974,94.8453608247423,0.91915725829183,0.882864463462693
15,3,0.93,0.914712153518124,0.924623115577889,0.859154929577465,0.973544973544973,0.948453608247423,0.891588222804162,0,91.4712153518124,92.462311557789,85.9154929577465,97.3544973544974,94.8453608247423,0.91915725829183,0.882864463462693
15,3,0.94,0.914712153518124,0.924623115577889,0.859154929577465,0.973544973544973,0.948453608247423,0.891588222804162,0,91.4712153518124,92.462311557789,85.9154929577465,97.3544973544974,94.8453608247423,0.91915725829183,0.882864463462693
15,3,0.95,0.914712153518124,0.924623115577889,0.859154929577465,0.973544973544973,0.948453608247423,0.891588222804162,0,91.4712153518124,92.462311557789,85.9154929577465,97.3544973544974,94.8453608247423,0.91915725829183,0.882864463462693
5,2,0.11,0.895522388059702,0.899497487437186,0.873239436619718,0.975476839237057,0.935947712418301,0.887890155000354,0,89.5522388059701,89.9497487437186,87.3239436619718,97.5476839237057,93.5947712418301,0.914115596485992,0.882748882102334
5,2,0.12,0.895522388059702,0.899497487437186,0.873239436619718,0.975476839237057,0.935947712418301,0.887890155000354,0,89.5522388059701,89.9497487437186,87.3239436619718,97.5476839237057,93.5947712418301,0.914115596485992,0.882748882102334
5,2,0.13,0.895522388059702,0.899497487437186,0.873239436619718,0.975476839237057,0.935947712418301,0.887890155000354,0,89.5522388059701,89.9497487437186,87.3239436619718,97.5476839237057,93.5947712418301,0.914115596485992,0.882748882102334
5,2,0.14,0.895522388059702,0.899497487437186,0.873239436619718,0.975476839237057,0.935947712418301,0.887890155000354,0,89.5522388059701,89.9497487437186,87.3239436619718,97.5476839237057,93.5947712418301,0.914115596485992,0.882748882102334
5,2,0.15,0.895522388059702,0.899497487437186,0.873239436619718,0.975476839237057,0.935947712418301,0.887890155000354,0,89.5522388059701,89.9497487437186,87.3239436619718,97.5476839237057,93.5947712418301,0.914115596485992,0.882748882102334
5,2,0.16,0.895522388059702,0.899497487437186,0.873239436619718,0.975476839237057,0.935947712418301,0.887890155000354,0,89.5522388059701,89.9497487437186,87.3239436619718,97.5476839237057,93.5947712418301,0.914115596485992,0.882748882102334
5,2,0.17,0.895522388059702,0.899497487437186,0.873239436619718,0.975476839237057,0.935947712418301,0.887890155000354,0,89.5522388059701,89.9497487437186,87.3239436619718,97.5476839237057,93.5947712418301,0.914115596485992,0.882748882102334
5,2,0.18,0.895522388059702,0.899497487437186,0.873239436619718,0.975476839237057,0.935947712418301,0.887890155000354,0,89.5522388059701,89.9497487437186,87.3239436619718,97.5476839237057,93.5947712418301,0.914115596485992,0.882748882102334
5,2,0.19,0.895522388059702,0.899497487437186,0.873239436619718,0.975476839237057,0.935947712418301,0.887890155000354,0,89.5522388059701,89.9497487437186,87.3239436619718,97.5476839237057,93.5947712418301,0.914115596485992,0.882748882102334
5,2,0.2,0.895522388059702,0.899497487437186,0.873239436619718,0.975476839237057,0.935947712418301,0.887890155000354,0,89.5522388059701,89.9497487437186,87.3239436619718,97.5476839237057,93.5947712418301,0.914115596485992,0.882748882102334
5,2,0.21,0.895522388059702,0.899497487437186,0.873239436619718,0.975476839237057,0.935947712418301,0.887890155000354,0,89.5522388059701,89.9497487437186,87.3239436619718,97.5476839237057,93.5947712418301,0.914115596485992,0.882748882102334
5,2,0.22,0.895522388059702,0.899497487437186,0.873239436619718,0.975476839237057,0.935947712418301,0.887890155000354,0,89.5522388059701,89.9497487437186,87.3239436619718,97.5476839237057,93.5947712418301,0.914115596485992,0.882748882102334
5,2,0.23,0.895522388059702,0.899497487437186,0.873239436619718,0.975476839237057,0.935947712418301,0.887890155000354,0,89.5522388059701,89.9497487437186,87.3239436619718,97.5476839237057,93.5947712418301,0.914115596485992,0.882748882102334
10,3,0.2,0.912579957356077,0.922110552763819,0.859154929577465,0.973474801061008,0.947096774193548,0.900930709887465,0,91.2579957356077,92.2110552763819,85.9154929577465,97.3474801061008,94.7096774193548,0.917014700580194,0.881954530000071
10,3,0.21,0.912579957356077,0.922110552763819,0.859154929577465,0.973474801061008,0.947096774193548,0.900930709887465,0,91.2579957356077,92.2110552763819,85.9154929577465,97.3474801061008,94.7096774193548,0.917014700580194,0.881954530000071
10,3,0.22,0.912579957356077,0.922110552763819,0.859154929577465,0.973474801061008,0.947096774193548,0.900930709887465,0,91.2579957356077,92.2110552763819,85.9154929577465,97.3474801061008,94.7096774193548,0.917014700580194,0.881954530000071
10,3,0.23,0.912579957356077,0.922110552763819,0.859154929577465,0.973474801061008,0.947096774193548,0.900930709887465,0,91.2579957356077,92.2110552763819,85.9154929577465,97.3474801061008,94.7096774193548,0.917014700580194,0.881954530000071
10,3,0.24,0.912579957356077,0.922110552763819,0.859154929577465,0.973474801061008,0.947096774193548,0.900930709887465,0,91.2579957356077,92.2110552763819,85.9154929577465,97.3474801061008,94.7096774193548,0.917014700580194,0.881954530000071
10,3,0.25,0.912579957356077,0.922110552763819,0.859154929577465,0.973474801061008,0.947096774193548,0.900930709887465,0,91.2579957356077,92.2110552763819,85.9154929577465,97.3474801061008,94.7096774193548,0.917014700580194,0.881954530000071
10,3,0.26,0.912579957356077,0.922110552763819,0.859154929577465,0.973474801061008,0.947096774193548,0.900930709887465,0,91.2579957356077,92.2110552763819,85.9154929577465,97.3474801061008,94.7096774193548,0.917014700580194,0.881954530000071
10,8,0.74,0.893390191897655,0.896984924623116,0.873239436619718,0.975409836065574,0.93455497382199,0.902045438459905,0,89.3390191897655,89.6984924623116,87.3239436619718,97.5409836065574,93.455497382199,0.909391814772307,0.881838948639712
10,8,0.75,0.893390191897655,0.896984924623116,0.873239436619718,0.975409836065574,0.93455497382199,0.902045438459905,0,89.3390191897655,89.6984924623116,87.3239436619718,97.5409836065574,93.455497382199,0.909391814772307,0.881838948639712
10,8,0.76,0.893390191897655,0.896984924623116,0.873239436619718,0.975409836065574,0.93455497382199,0.902045438459905,0,89.3390191897655,89.6984924623116,87.3239436619718,97.5409836065574,93.455497382199,0.909391814772307,0.881838948639712
10,8,0.77,0.893390191897655,0.896984924623116,0.873239436619718,0.975409836065574,0.93455497382199,0.902045438459905,0,89.3390191897655,89.6984924623116,87.3239436619718,97.5409836065574,93.455497382199,0.909391814772307,0.881838948639712
10,8,0.78,0.893390191897655,0.896984924623116,0.873239436619718,0.975409836065574,0.93455497382199,0.902045438459905,0,89.3390191897655,89.6984924623116,87.3239436619718,97.5409836065574,93.455497382199,0.909391814772307,0.881838948639712
10,8,0.79,0.893390191897655,0.896984924623116,0.873239436619718,0.975409836065574,0.93455497382199,0.902045438459905,0,89.3390191897655,89.6984924623116,87.3239436619718,97.5409836065574,93.455497382199,0.909391814772307,0.881838948639712
10,8,0.8,0.893390191897655,0.896984924623116,0.873239436619718,0.975409836065574,0.93455497382199,0.902045438459905,0,89.3390191897655,89.6984924623116,87.3239436619718,97.5409836065574,93.455497382199,0.909391814772307,0.881838948639712
10,8,0.81,0.893390191897655,0.896984924623116,0.873239436619718,0.975409836065574,0.93455497382199,0.902045438459905,0,89.3390191897655,89.6984924623116,87.3239436619718,97.5409836065574,93.455497382199,0.909391814772307,0.881838948639712
10,8,0.82,0.893390191897655,0.896984924623116,0.873239436619718,0.975409836065574,0.93455497382199,0.902045438459905,0,89.3390191897655,89.6984924623116,87.3239436619718,97.5409836065574,93.455497382199,0.909391814772307,0.881838948639712
10,8,0.83,0.893390191897655,0.896984924623116,0.873239436619718,0.975409836065574,0.93455497382199,0.902045438459905,0,89.3390191897655,89.6984924623116,87.3239436619718,97.5409836065574,93.455497382199,0.909391814772307,0.881838948639712
10,8,0.84,0.893390191897655,0.896984924623116,0.873239436619718,0.975409836065574,0.93455497382199,0.902045438459905,0,89.3390191897655,89.6984924623116,87.3239436619718,97.5409836065574,93.455497382199,0.909391814772307,0.881838948639712
10,8,0.85,0.893390191897655,0.896984924623116,0.873239436619718,0.975409836065574,0.93455497382199,0.902045438459905,0,89.3390191897655,89.6984924623116,87.3239436619718,97.5409836065574,93.455497382199,0.909391814772307,0.881838948639712
15,8,0.85,0.874200426439232,0.871859296482412,0.887323943661972,0.977464788732394,0.921646746347942,0.881520277443556,0,87.4200426439232,87.1859296482412,88.7323943661972,97.7464788732394,92.1646746347942,0.878882856677298,0.881723367279353
15,8,0.86,0.874200426439232,0.871859296482412,0.887323943661972,0.977464788732394,0.921646746347942,0.881520277443556,0,87.4200426439232,87.1859296482412,88.7323943661972,97.7464788732394,92.1646746347942,0.878882856677298,0.881723367279353
15,8,0.87,0.874200426439232,0.871859296482412,0.887323943661972,0.977464788732394,0.921646746347942,0.881520277443556,0,87.4200426439232,87.1859296482412,88.7323943661972,97.7464788732394,92.1646746347942,0.878882856677298,0.881723367279353
15,8,0.88,0.874200426439232,0.871859296482412,0.887323943661972,0.977464788732394,0.921646746347942,0.881520277443556,0,87.4200426439232,87.1859296482412,88.7323943661972,97.7464788732394,92.1646746347942,0.878882856677298,0.881723367279353
15,8,0.89,0.874200426439232,0.871859296482412,0.887323943661972,0.977464788732394,0.921646746347942,0.881520277443556,0,87.4200426439232,87.1859296482412,88.7323943661972,97.7464788732394,92.1646746347942,0.878882856677298,0.881723367279353
15,8,0.9,0.874200426439232,0.871859296482412,0.887323943661972,0.977464788732394,0.921646746347942,0.881520277443556,0,87.4200426439232,87.1859296482412,88.7323943661972,97.7464788732394,92.1646746347942,0.878882856677298,0.881723367279353
15,8,0.91,0.874200426439232,0.871859296482412,0.887323943661972,0.977464788732394,0.921646746347942,0.881520277443556,0,87.4200426439232,87.1859296482412,88.7323943661972,97.7464788732394,92.1646746347942,0.878882856677298,0.881723367279353
15,8,0.92,0.874200426439232,0.871859296482412,0.887323943661972,0.977464788732394,0.921646746347942,0.881520277443556,0,87.4200426439232,87.1859296482412,88.7323943661972,97.7464788732394,92.1646746347942,0.878882856677298,0.881723367279353
15,8,0.93,0.874200426439232,0.871859296482412,0.887323943661972,0.977464788732394,0.921646746347942,0.881520277443556,0,87.4200426439232,87.1859296482412,88.7323943661972,97.7464788732394,92.1646746347942,0.878882856677298,0.881723367279353
15,8,0.94,0.874200426439232,0.871859296482412,0.887323943661972,0.977464788732394,0.921646746347942,0.881520277443556,0,87.4200426439232,87.1859296482412,88.7323943661972,97.7464788732394,92.1646746347942,0.878882856677298,0.881723367279353
15,8,0.95,0.874200426439232,0.871859296482412,0.887323943661972,0.977464788732394,0.921646746347942,0.881520277443556,0,87.4200426439232,87.1859296482412,88.7323943661972,97.7464788732394,92.1646746347942,0.878882856677298,0.881723367279353
10,10,0.33,0.91044776119403,0.919597989949749,0.859154929577465,0.973404255319149,0.945736434108527,0.896011748885271,0,91.044776119403,91.9597989949749,85.9154929577465,97.3404255319149,94.5736434108527,0.914872142868558,0.881044596537449
10,10,0.34,0.91044776119403,0.919597989949749,0.859154929577465,0.973404255319149,0.945736434108527,0.896011748885271,0,91.044776119403,91.9597989949749,85.9154929577465,97.3404255319149,94.5736434108527,0.914872142868558,0.881044596537449
10,10,0.35,0.91044776119403,0.919597989949749,0.859154929577465,0.973404255319149,0.945736434108527,0.896011748885271,0,91.044776119403,91.9597989949749,85.9154929577465,97.3404255319149,94.5736434108527,0.914872142868558,0.881044596537449
10,10,0.36,0.91044776119403,0.919597989949749,0.859154929577465,0.973404255319149,0.945736434108527,0.896011748885271,0,91.044776119403,91.9597989949749,85.9154929577465,97.3404255319149,94.5736434108527,0.914872142868558,0.881044596537449
10,10,0.37,0.91044776119403,0.919597989949749,0.859154929577465,0.973404255319149,0.945736434108527,0.896011748885271,0,91.044776119403,91.9597989949749,85.9154929577465,97.3404255319149,94.5736434108527,0.914872142868558,0.881044596537449
10,10,0.38,0.91044776119403,0.919597989949749,0.859154929577465,0.973404255319149,0.945736434108527,0.896011748885271,0,91.044776119403,91.9597989949749,85.9154929577465,97.3404255319149,94.5736434108527,0.914872142868558,0.881044596537449
10,10,0.39,0.91044776119403,0.919597989949749,0.859154929577465,0.973404255319149,0.945736434108527,0.896011748885271,0,91.044776119403,91.9597989949749,85.9154929577465,97.3404255319149,94.5736434108527,0.914872142868558,0.881044596537449
10,10,0.4,0.91044776119403,0.919597989949749,0.859154929577465,0.973404255319149,0.945736434108527,0.896011748885271,0,91.044776119403,91.9597989949749,85.9154929577465,97.3404255319149,94.5736434108527,0.914872142868558,0.881044596537449
10,10,0.41,0.91044776119403,0.919597989949749,0.859154929577465,0.973404255319149,0.945736434108527,0.896011748885271,0,91.044776119403,91.9597989949749,85.9154929577465,97.3404255319149,94.5736434108527,0.914872142868558,0.881044596537449
10,10,0.42,0.91044776119403,0.919597989949749,0.859154929577465,0.973404255319149,0.945736434108527,0.896011748885271,0,91.044776119403,91.9597989949749,85.9154929577465,97.3404255319149,94.5736434108527,0.914872142868558,0.881044596537449
10,10,0.43,0.91044776119403,0.919597989949749,0.859154929577465,0.973404255319149,0.945736434108527,0.896011748885271,0,91.044776119403,91.9597989949749,85.9154929577465,97.3404255319149,94.5736434108527,0.914872142868558,0.881044596537449
10,10,0.44,0.91044776119403,0.919597989949749,0.859154929577465,0.973404255319149,0.945736434108527,0.896011748885271,0,91.044776119403,91.9597989949749,85.9154929577465,97.3404255319149,94.5736434108527,0.914872142868558,0.881044596537449
10,10,0.45,0.91044776119403,0.919597989949749,0.859154929577465,0.973404255319149,0.945736434108527,0.896011748885271,0,91.044776119403,91.9597989949749,85.9154929577465,97.3404255319149,94.5736434108527,0.914872142868558,0.881044596537449
10,10,0.46,0.91044776119403,0.919597989949749,0.859154929577465,0.973404255319149,0.945736434108527,0.896011748885271,0,91.044776119403,91.9597989949749,85.9154929577465,97.3404255319149,94.5736434108527,0.914872142868558,0.881044596537449
10,10,0.47,0.91044776119403,0.919597989949749,0.859154929577465,0.973404255319149,0.945736434108527,0.896011748885271,0,91.044776119403,91.9597989949749,85.9154929577465,97.3404255319149,94.5736434108527,0.914872142868558,0.881044596537449
10,10,0.48,0.91044776119403,0.919597989949749,0.859154929577465,0.973404255319149,0.945736434108527,0.896011748885271,0,91.044776119403,91.9597989949749,85.9154929577465,97.3404255319149,94.5736434108527,0.914872142868558,0.881044596537449
10,10,0.49,0.91044776119403,0.919597989949749,0.859154929577465,0.973404255319149,0.945736434108527,0.896011748885271,0,91.044776119403,91.9597989949749,85.9154929577465,97.3404255319149,94.5736434108527,0.914872142868558,0.881044596537449
10,10,0.5,0.91044776119403,0.919597989949749,0.859154929577465,0.973404255319149,0.945736434108527,0.896011748885271,0,91.044776119403,91.9597989949749,85.9154929577465,97.3404255319149,94.5736434108527,0.914872142868558,0.881044596537449
10,10,0.51,0.91044776119403,0.919597989949749,0.859154929577465,0.973404255319149,0.945736434108527,0.896011748885271,0,91.044776119403,91.9597989949749,85.9154929577465,97.3404255319149,94.5736434108527,0.914872142868558,0.881044596537449
10,10,0.52,0.91044776119403,0.919597989949749,0.859154929577465,0.973404255319149,0.945736434108527,0.896011748885271,0,91.044776119403,91.9597989949749,85.9154929577465,97.3404255319149,94.5736434108527,0.914872142868558,0.881044596537449
10,10,0.53,0.91044776119403,0.919597989949749,0.859154929577465,0.973404255319149,0.945736434108527,0.896011748885271,0,91.044776119403,91.9597989949749,85.9154929577465,97.3404255319149,94.5736434108527,0.914872142868558,0.881044596537449
10,10,0.54,0.91044776119403,0.919597989949749,0.859154929577465,0.973404255319149,0.945736434108527,0.896011748885271,0,91.044776119403,91.9597989949749,85.9154929577465,97.3404255319149,94.5736434108527,0.914872142868558,0.881044596537449
10,3,0.27,0.908315565031983,0.917085427135678,0.859154929577465,0.973333333333333,0.944372574385511,0.900930709887465,0,90.8315565031983,91.7085427135678,85.9154929577465,97.3333333333333,94.4372574385511,0.912729585156922,0.880134663074826
10,3,0.28,0.908315565031983,0.917085427135678,0.859154929577465,0.973333333333333,0.944372574385511,0.900930709887465,0,90.8315565031983,91.7085427135678,85.9154929577465,97.3333333333333,94.4372574385511,0.912729585156922,0.880134663074826
10,3,0.29,0.908315565031983,0.917085427135678,0.859154929577465,0.973333333333333,0.944372574385511,0.900930709887465,0,90.8315565031983,91.7085427135678,85.9154929577465,97.3333333333333,94.4372574385511,0.912729585156922,0.880134663074826
10,3,0.3,0.908315565031983,0.917085427135678,0.859154929577465,0.973333333333333,0.944372574385511,0.900930709887465,0,90.8315565031983,91.7085427135678,85.9154929577465,97.3333333333333,94.4372574385511,0.912729585156922,0.880134663074826
10,10,0.55,0.908315565031983,0.917085427135678,0.859154929577465,0.973333333333333,0.944372574385511,0.896011748885271,0,90.8315565031983,91.7085427135678,85.9154929577465,97.3333333333333,94.4372574385511,0.912729585156922,0.880134663074826
10,10,0.56,0.908315565031983,0.917085427135678,0.859154929577465,0.973333333333333,0.944372574385511,0.896011748885271,0,90.8315565031983,91.7085427135678,85.9154929577465,97.3333333333333,94.4372574385511,0.912729585156922,0.880134663074826
10,10,0.57,0.908315565031983,0.917085427135678,0.859154929577465,0.973333333333333,0.944372574385511,0.896011748885271,0,90.8315565031983,91.7085427135678,85.9154929577465,97.3333333333333,94.4372574385511,0.912729585156922,0.880134663074826
10,10,0.58,0.908315565031983,0.917085427135678,0.859154929577465,0.973333333333333,0.944372574385511,0.896011748885271,0,90.8315565031983,91.7085427135678,85.9154929577465,97.3333333333333,94.4372574385511,0.912729585156922,0.880134663074826
10,10,0.59,0.908315565031983,0.917085427135678,0.859154929577465,0.973333333333333,0.944372574385511,0.896011748885271,0,90.8315565031983,91.7085427135678,85.9154929577465,97.3333333333333,94.4372574385511,0.912729585156922,0.880134663074826
10,10,0.6,0.908315565031983,0.917085427135678,0.859154929577465,0.973333333333333,0.944372574385511,0.896011748885271,0,90.8315565031983,91.7085427135678,85.9154929577465,97.3333333333333,94.4372574385511,0.912729585156922,0.880134663074826
10,10,0.61,0.908315565031983,0.917085427135678,0.859154929577465,0.973333333333333,0.944372574385511,0.896011748885271,0,90.8315565031983,91.7085427135678,85.9154929577465,97.3333333333333,94.4372574385511,0.912729585156922,0.880134663074826
10,10,0.62,0.908315565031983,0.917085427135678,0.859154929577465,0.973333333333333,0.944372574385511,0.896011748885271,0,90.8315565031983,91.7085427135678,85.9154929577465,97.3333333333333,94.4372574385511,0.912729585156922,0.880134663074826
10,10,0.63,0.908315565031983,0.917085427135678,0.859154929577465,0.973333333333333,0.944372574385511,0.896011748885271,0,90.8315565031983,91.7085427135678,85.9154929577465,97.3333333333333,94.4372574385511,0.912729585156922,0.880134663074826
10,10,0.64,0.908315565031983,0.917085427135678,0.859154929577465,0.973333333333333,0.944372574385511,0.896011748885271,0,90.8315565031983,91.7085427135678,85.9154929577465,97.3333333333333,94.4372574385511,0.912729585156922,0.880134663074826
20,5,0.93,0.908315565031983,0.917085427135678,0.859154929577465,0.973333333333333,0.944372574385511,0.890261164979829,0,90.8315565031983,91.7085427135678,85.9154929577465,97.3333333333333,94.4372574385511,0.912729585156922,0.880134663074826
20,5,0.94,0.908315565031983,0.917085427135678,0.859154929577465,0.973333333333333,0.944372574385511,0.890261164979829,0,90.8315565031983,91.7085427135678,85.9154929577465,97.3333333333333,94.4372574385511,0.912729585156922,0.880134663074826
20,5,0.95,0.908315565031983,0.917085427135678,0.859154929577465,0.973333333333333,0.944372574385511,0.890261164979829,0,90.8315565031983,91.7085427135678,85.9154929577465,97.3333333333333,94.4372574385511,0.912729585156922,0.880134663074826
5,10,0.73,0.869936034115139,0.866834170854271,0.887323943661972,0.977337110481586,0.918774966711052,0.865170925047774,0,86.9936034115139,86.6834170854271,88.7323943661972,97.7337110481586,91.8774966711052,0.869554726266229,0.879903500354108
5,10,0.74,0.869936034115139,0.866834170854271,0.887323943661972,0.977337110481586,0.918774966711052,0.865170925047774,0,86.9936034115139,86.6834170854271,88.7323943661972,97.7337110481586,91.8774966711052,0.869554726266229,0.879903500354108
5,10,0.75,0.869936034115139,0.866834170854271,0.887323943661972,0.977337110481586,0.918774966711052,0.865170925047774,0,86.9936034115139,86.6834170854271,88.7323943661972,97.7337110481586,91.8774966711052,0.869554726266229,0.879903500354108
5,10,0.76,0.869936034115139,0.866834170854271,0.887323943661972,0.977337110481586,0.918774966711052,0.865170925047774,0,86.9936034115139,86.6834170854271,88.7323943661972,97.7337110481586,91.8774966711052,0.869554726266229,0.879903500354108
40,10,0.85,0.865671641791045,0.861809045226131,0.887323943661972,0.977207977207977,0.91588785046729,0.909069997876707,0,86.5671641791045,86.1809045226131,88.7323943661972,97.7207977207977,91.588785046729,0.86027601641363,0.878083633428864
40,10,0.86,0.865671641791045,0.861809045226131,0.887323943661972,0.977207977207977,0.91588785046729,0.909069997876707,0,86.5671641791045,86.1809045226131,88.7323943661972,97.7207977207977,91.588785046729,0.86027601641363,0.878083633428864
40,10,0.87,0.865671641791045,0.861809045226131,0.887323943661972,0.977207977207977,0.91588785046729,0.909069997876707,0,86.5671641791045,86.1809045226131,88.7323943661972,97.7207977207977,91.588785046729,0.86027601641363,0.878083633428864
40,10,0.88,0.865671641791045,0.861809045226131,0.887323943661972,0.977207977207977,0.91588785046729,0.909069997876707,0,86.5671641791045,86.1809045226131,88.7323943661972,97.7207977207977,91.588785046729,0.86027601641363,0.878083633428864
40,10,0.89,0.865671641791045,0.861809045226131,0.887323943661972,0.977207977207977,0.91588785046729,0.909069997876707,0,86.5671641791045,86.1809045226131,88.7323943661972,97.7207977207977,91.588785046729,0.86027601641363,0.878083633428864
40,10,0.9,0.865671641791045,0.861809045226131,0.887323943661972,0.977207977207977,0.91588785046729,0.909069997876707,0,86.5671641791045,86.1809045226131,88.7323943661972,97.7207977207977,91.588785046729,0.86027601641363,0.878083633428864
40,10,0.91,0.865671641791045,0.861809045226131,0.887323943661972,0.977207977207977,0.91588785046729,0.909069997876707,0,86.5671641791045,86.1809045226131,88.7323943661972,97.7207977207977,91.588785046729,0.86027601641363,0.878083633428864
40,10,0.92,0.865671641791045,0.861809045226131,0.887323943661972,0.977207977207977,0.91588785046729,0.909069997876707,0,86.5671641791045,86.1809045226131,88.7323943661972,97.7207977207977,91.588785046729,0.86027601641363,0.878083633428864
40,10,0.93,0.865671641791045,0.861809045226131,0.887323943661972,0.977207977207977,0.91588785046729,0.909069997876707,0,86.5671641791045,86.1809045226131,88.7323943661972,97.7207977207977,91.588785046729,0.86027601641363,0.878083633428864
40,10,0.94,0.865671641791045,0.861809045226131,0.887323943661972,0.977207977207977,0.91588785046729,0.909069997876707,0,86.5671641791045,86.1809045226131,88.7323943661972,97.7207977207977,91.588785046729,0.86027601641363,0.878083633428864
40,10,0.95,0.865671641791045,0.861809045226131,0.887323943661972,0.977207977207977,0.91588785046729,0.909069997876707,0,86.5671641791045,86.1809045226131,88.7323943661972,97.7207977207977,91.588785046729,0.86027601641363,0.878083633428864
20,8,0.68,0.899786780383795,0.907035175879397,0.859154929577465,0.973045822102426,0.93888166449935,0.880670960435983,0,89.9786780383795,90.7035175879397,85.9154929577465,97.3045822102426,93.888166449935,0.904159354310378,0.876494929224337
20,8,0.69,0.899786780383795,0.907035175879397,0.859154929577465,0.973045822102426,0.93888166449935,0.880670960435983,0,89.9786780383795,90.7035175879397,85.9154929577465,97.3045822102426,93.888166449935,0.904159354310378,0.876494929224337
20,8,0.7,0.899786780383795,0.907035175879397,0.859154929577465,0.973045822102426,0.93888166449935,0.880670960435983,0,89.9786780383795,90.7035175879397,85.9154929577465,97.3045822102426,93.888166449935,0.904159354310378,0.876494929224337
20,8,0.71,0.899786780383795,0.907035175879397,0.859154929577465,0.973045822102426,0.93888166449935,0.880670960435983,0,89.9786780383795,90.7035175879397,85.9154929577465,97.3045822102426,93.888166449935,0.904159354310378,0.876494929224337
20,8,0.72,0.899786780383795,0.907035175879397,0.859154929577465,0.973045822102426,0.93888166449935,0.880670960435983,0,89.9786780383795,90.7035175879397,85.9154929577465,97.3045822102426,93.888166449935,0.904159354310378,0.876494929224337
20,8,0.73,0.899786780383795,0.907035175879397,0.859154929577465,0.973045822102426,0.93888166449935,0.880670960435983,0,89.9786780383795,90.7035175879397,85.9154929577465,97.3045822102426,93.888166449935,0.904159354310378,0.876494929224337
20,8,0.74,0.899786780383795,0.907035175879397,0.859154929577465,0.973045822102426,0.93888166449935,0.880670960435983,0,89.9786780383795,90.7035175879397,85.9154929577465,97.3045822102426,93.888166449935,0.904159354310378,0.876494929224337
20,8,0.75,0.899786780383795,0.907035175879397,0.859154929577465,0.973045822102426,0.93888166449935,0.880670960435983,0,89.9786780383795,90.7035175879397,85.9154929577465,97.3045822102426,93.888166449935,0.904159354310378,0.876494929224337
20,8,0.76,0.899786780383795,0.907035175879397,0.859154929577465,0.973045822102426,0.93888166449935,0.880670960435983,0,89.9786780383795,90.7035175879397,85.9154929577465,97.3045822102426,93.888166449935,0.904159354310378,0.876494929224337
20,8,0.77,0.899786780383795,0.907035175879397,0.859154929577465,0.973045822102426,0.93888166449935,0.880670960435983,0,89.9786780383795,90.7035175879397,85.9154929577465,97.3045822102426,93.888166449935,0.904159354310378,0.876494929224337
20,8,0.78,0.899786780383795,0.907035175879397,0.859154929577465,0.973045822102426,0.93888166449935,0.880670960435983,0,89.9786780383795,90.7035175879397,85.9154929577465,97.3045822102426,93.888166449935,0.904159354310378,0.876494929224337
20,8,0.79,0.899786780383795,0.907035175879397,0.859154929577465,0.973045822102426,0.93888166449935,0.880670960435983,0,89.9786780383795,90.7035175879397,85.9154929577465,97.3045822102426,93.888166449935,0.904159354310378,0.876494929224337
20,8,0.8,0.899786780383795,0.907035175879397,0.859154929577465,0.973045822102426,0.93888166449935,0.880670960435983,0,89.9786780383795,90.7035175879397,85.9154929577465,97.3045822102426,93.888166449935,0.904159354310378,0.876494929224337
10,10,0.22,0.916844349680171,0.92964824120603,0.845070422535211,0.971128608923885,0.949935815147625,0.896011748885271,0,91.6844349680171,92.964824120603,84.5070422535211,97.1128608923885,94.9935815147625,0.906196540331278,0.875700577122074
20,8,0.81,0.897654584221748,0.904522613065327,0.859154929577465,0.972972972972973,0.9375,0.880670960435983,0,89.7654584221748,90.4522613065327,85.9154929577465,97.2972972972973,93.75,0.902016796598742,0.875584995761715
20,8,0.82,0.897654584221748,0.904522613065327,0.859154929577465,0.972972972972973,0.9375,0.880670960435983,0,89.7654584221748,90.4522613065327,85.9154929577465,97.2972972972973,93.75,0.902016796598742,0.875584995761715
20,8,0.83,0.897654584221748,0.904522613065327,0.859154929577465,0.972972972972973,0.9375,0.880670960435983,0,89.7654584221748,90.4522613065327,85.9154929577465,97.2972972972973,93.75,0.902016796598742,0.875584995761715
20,8,0.84,0.897654584221748,0.904522613065327,0.859154929577465,0.972972972972973,0.9375,0.880670960435983,0,89.7654584221748,90.4522613065327,85.9154929577465,97.2972972972973,93.75,0.902016796598742,0.875584995761715
20,8,0.85,0.897654584221748,0.904522613065327,0.859154929577465,0.972972972972973,0.9375,0.880670960435983,0,89.7654584221748,90.4522613065327,85.9154929577465,97.2972972972973,93.75,0.902016796598742,0.875584995761715
20,8,0.86,0.897654584221748,0.904522613065327,0.859154929577465,0.972972972972973,0.9375,0.880670960435983,0,89.7654584221748,90.4522613065327,85.9154929577465,97.2972972972973,93.75,0.902016796598742,0.875584995761715
20,8,0.87,0.897654584221748,0.904522613065327,0.859154929577465,0.972972972972973,0.9375,0.880670960435983,0,89.7654584221748,90.4522613065327,85.9154929577465,97.2972972972973,93.75,0.902016796598742,0.875584995761715
20,8,0.88,0.897654584221748,0.904522613065327,0.859154929577465,0.972972972972973,0.9375,0.880670960435983,0,89.7654584221748,90.4522613065327,85.9154929577465,97.2972972972973,93.75,0.902016796598742,0.875584995761715
20,8,0.89,0.897654584221748,0.904522613065327,0.859154929577465,0.972972972972973,0.9375,0.880670960435983,0,89.7654584221748,90.4522613065327,85.9154929577465,97.2972972972973,93.75,0.902016796598742,0.875584995761715
15,8,0.71,0.878464818763326,0.879396984924623,0.873239436619718,0.974930362116992,0.924702774108322,0.881520277443556,0,87.8464818763326,87.9396984924623,87.3239436619718,97.4930362116992,92.4702774108322,0.876665795512636,0.875469414401356
15,8,0.72,0.878464818763326,0.879396984924623,0.873239436619718,0.974930362116992,0.924702774108322,0.881520277443556,0,87.8464818763326,87.9396984924623,87.3239436619718,97.4930362116992,92.4702774108322,0.876665795512636,0.875469414401356
15,8,0.73,0.878464818763326,0.879396984924623,0.873239436619718,0.974930362116992,0.924702774108322,0.881520277443556,0,87.8464818763326,87.9396984924623,87.3239436619718,97.4930362116992,92.4702774108322,0.876665795512636,0.875469414401356
15,8,0.74,0.878464818763326,0.879396984924623,0.873239436619718,0.974930362116992,0.924702774108322,0.881520277443556,0,87.8464818763326,87.9396984924623,87.3239436619718,97.4930362116992,92.4702774108322,0.876665795512636,0.875469414401356
15,8,0.75,0.878464818763326,0.879396984924623,0.873239436619718,0.974930362116992,0.924702774108322,0.881520277443556,0,87.8464818763326,87.9396984924623,87.3239436619718,97.4930362116992,92.4702774108322,0.876665795512636,0.875469414401356
15,8,0.76,0.878464818763326,0.879396984924623,0.873239436619718,0.974930362116992,0.924702774108322,0.881520277443556,0,87.8464818763326,87.9396984924623,87.3239436619718,97.4930362116992,92.4702774108322,0.876665795512636,0.875469414401356
15,8,0.77,0.878464818763326,0.879396984924623,0.873239436619718,0.974930362116992,0.924702774108322,0.881520277443556,0,87.8464818763326,87.9396984924623,87.3239436619718,97.4930362116992,92.4702774108322,0.876665795512636,0.875469414401356
15,8,0.78,0.878464818763326,0.879396984924623,0.873239436619718,0.974930362116992,0.924702774108322,0.881520277443556,0,87.8464818763326,87.9396984924623,87.3239436619718,97.4930362116992,92.4702774108322,0.876665795512636,0.875469414401356
15,8,0.79,0.878464818763326,0.879396984924623,0.873239436619718,0.974930362116992,0.924702774108322,0.881520277443556,0,87.8464818763326,87.9396984924623,87.3239436619718,97.4930362116992,92.4702774108322,0.876665795512636,0.875469414401356
15,8,0.8,0.878464818763326,0.879396984924623,0.873239436619718,0.974930362116992,0.924702774108322,0.881520277443556,0,87.8464818763326,87.9396984924623,87.3239436619718,97.4930362116992,92.4702774108322,0.876665795512636,0.875469414401356
15,8,0.81,0.878464818763326,0.879396984924623,0.873239436619718,0.974930362116992,0.924702774108322,0.881520277443556,0,87.8464818763326,87.9396984924623,87.3239436619718,97.4930362116992,92.4702774108322,0.876665795512636,0.875469414401356
15,8,0.82,0.878464818763326,0.879396984924623,0.873239436619718,0.974930362116992,0.924702774108322,0.881520277443556,0,87.8464818763326,87.9396984924623,87.3239436619718,97.4930362116992,92.4702774108322,0.876665795512636,0.875469414401356
15,8,0.83,0.878464818763326,0.879396984924623,0.873239436619718,0.974930362116992,0.924702774108322,0.881520277443556,0,87.8464818763326,87.9396984924623,87.3239436619718,97.4930362116992,92.4702774108322,0.876665795512636,0.875469414401356
15,8,0.84,0.878464818763326,0.879396984924623,0.873239436619718,0.974930362116992,0.924702774108322,0.881520277443556,0,87.8464818763326,87.9396984924623,87.3239436619718,97.4930362116992,92.4702774108322,0.876665795512636,0.875469414401356
5,3,0.8,0.859275053304904,0.85427135678392,0.887323943661972,0.977011494252874,0.911528150134048,0.883095052728431,0,85.9275053304904,85.427135678392,88.7323943661972,97.7011494252874,91.1528150134048,0.846450615181861,0.875353833040997
5,3,0.81,0.859275053304904,0.85427135678392,0.887323943661972,0.977011494252874,0.911528150134048,0.883095052728431,0,85.9275053304904,85.427135678392,88.7323943661972,97.7011494252874,91.1528150134048,0.846450615181861,0.875353833040997
5,3,0.82,0.859275053304904,0.85427135678392,0.887323943661972,0.977011494252874,0.911528150134048,0.883095052728431,0,85.9275053304904,85.427135678392,88.7323943661972,97.7011494252874,91.1528150134048,0.846450615181861,0.875353833040997
5,3,0.83,0.859275053304904,0.85427135678392,0.887323943661972,0.977011494252874,0.911528150134048,0.883095052728431,0,85.9275053304904,85.427135678392,88.7323943661972,97.7011494252874,91.1528150134048,0.846450615181861,0.875353833040997
5,3,0.84,0.859275053304904,0.85427135678392,0.887323943661972,0.977011494252874,0.911528150134048,0.883095052728431,0,85.9275053304904,85.427135678392,88.7323943661972,97.7011494252874,91.1528150134048,0.846450615181861,0.875353833040997
5,3,0.85,0.859275053304904,0.85427135678392,0.887323943661972,0.977011494252874,0.911528150134048,0.883095052728431,0,85.9275053304904,85.427135678392,88.7323943661972,97.7011494252874,91.1528150134048,0.846450615181861,0.875353833040997
5,3,0.86,0.859275053304904,0.85427135678392,0.887323943661972,0.977011494252874,0.911528150134048,0.883095052728431,0,85.9275053304904,85.427135678392,88.7323943661972,97.7011494252874,91.1528150134048,0.846450615181861,0.875353833040997
20,8,0.9,0.895522388059702,0.902010050251256,0.859154929577465,0.97289972899729,0.936114732724902,0.880670960435983,0,89.5522388059701,90.2010050251256,85.9154929577465,97.289972899729,93.6114732724902,0.899874238887106,0.874675062299093
20,8,0.91,0.895522388059702,0.902010050251256,0.859154929577465,0.97289972899729,0.936114732724902,0.880670960435983,0,89.5522388059701,90.2010050251256,85.9154929577465,97.289972899729,93.6114732724902,0.899874238887106,0.874675062299093
40,10,0.67,0.876332622601279,0.876884422110553,0.873239436619718,0.974860335195531,0.923280423280423,0.909069997876707,0,87.6332622601279,87.6884422110553,87.3239436619718,97.4860335195531,92.3280423280423,0.872039286009272,0.874559480938734
10,10,0.23,0.912579957356077,0.924623115577889,0.845070422535211,0.970976253298153,0.947232947232947,0.896011748885271,0,91.2579957356077,92.462311557789,84.5070422535211,97.0976253298153,94.7232947232947,0.90198167270183,0.873880710196829
10,10,0.24,0.912579957356077,0.924623115577889,0.845070422535211,0.970976253298153,0.947232947232947,0.896011748885271,0,91.2579957356077,92.462311557789,84.5070422535211,97.0976253298153,94.7232947232947,0.90198167270183,0.873880710196829
10,10,0.25,0.912579957356077,0.924623115577889,0.845070422535211,0.970976253298153,0.947232947232947,0.896011748885271,0,91.2579957356077,92.462311557789,84.5070422535211,97.0976253298153,94.7232947232947,0.90198167270183,0.873880710196829
10,10,0.26,0.912579957356077,0.924623115577889,0.845070422535211,0.970976253298153,0.947232947232947,0.896011748885271,0,91.2579957356077,92.462311557789,84.5070422535211,97.0976253298153,94.7232947232947,0.90198167270183,0.873880710196829
10,10,0.27,0.912579957356077,0.924623115577889,0.845070422535211,0.970976253298153,0.947232947232947,0.896011748885271,0,91.2579957356077,92.462311557789,84.5070422535211,97.0976253298153,94.7232947232947,0.90198167270183,0.873880710196829
10,10,0.28,0.912579957356077,0.924623115577889,0.845070422535211,0.970976253298153,0.947232947232947,0.896011748885271,0,91.2579957356077,92.462311557789,84.5070422535211,97.0976253298153,94.7232947232947,0.90198167270183,0.873880710196829
10,10,0.29,0.912579957356077,0.924623115577889,0.845070422535211,0.970976253298153,0.947232947232947,0.896011748885271,0,91.2579957356077,92.462311557789,84.5070422535211,97.0976253298153,94.7232947232947,0.90198167270183,0.873880710196829
10,10,0.3,0.912579957356077,0.924623115577889,0.845070422535211,0.970976253298153,0.947232947232947,0.896011748885271,0,91.2579957356077,92.462311557789,84.5070422535211,97.0976253298153,94.7232947232947,0.90198167270183,0.873880710196829
10,10,0.31,0.912579957356077,0.924623115577889,0.845070422535211,0.970976253298153,0.947232947232947,0.896011748885271,0,91.2579957356077,92.462311557789,84.5070422535211,97.0976253298153,94.7232947232947,0.90198167270183,0.873880710196829
10,10,0.32,0.912579957356077,0.924623115577889,0.845070422535211,0.970976253298153,0.947232947232947,0.896011748885271,0,91.2579957356077,92.462311557789,84.5070422535211,97.0976253298153,94.7232947232947,0.90198167270183,0.873880710196829
20,8,0.92,0.893390191897655,0.899497487437186,0.859154929577465,0.972826086956522,0.934725848563969,0.880670960435983,0,89.3390191897655,89.9497487437186,85.9154929577465,97.2826086956522,93.4725848563969,0.897230435122329,0.87376512883647
20,8,0.93,0.893390191897655,0.899497487437186,0.859154929577465,0.972826086956522,0.934725848563969,0.880670960435983,0,89.3390191897655,89.9497487437186,85.9154929577465,97.2826086956522,93.4725848563969,0.897230435122329,0.87376512883647
20,8,0.94,0.893390191897655,0.899497487437186,0.859154929577465,0.972826086956522,0.934725848563969,0.880670960435983,0,89.3390191897655,89.9497487437186,85.9154929577465,97.2826086956522,93.4725848563969,0.897230435122329,0.87376512883647
20,8,0.95,0.893390191897655,0.899497487437186,0.859154929577465,0.972826086956522,0.934725848563969,0.880670960435983,0,89.3390191897655,89.9497487437186,85.9154929577465,97.2826086956522,93.4725848563969,0.897230435122329,0.87376512883647
50,10,0.64,0.893390191897655,0.899497487437186,0.859154929577465,0.972826086956522,0.934725848563969,0.904434142543705,0,89.3390191897655,89.9497487437186,85.9154929577465,97.2826086956522,93.4725848563969,0.897230435122329,0.87376512883647
50,10,0.65,0.893390191897655,0.899497487437186,0.859154929577465,0.972826086956522,0.934725848563969,0.904434142543705,0,89.3390191897655,89.9497487437186,85.9154929577465,97.2826086956522,93.4725848563969,0.897230435122329,0.87376512883647
50,10,0.66,0.893390191897655,0.899497487437186,0.859154929577465,0.972826086956522,0.934725848563969,0.904434142543705,0,89.3390191897655,89.9497487437186,85.9154929577465,97.2826086956522,93.4725848563969,0.897230435122329,0.87376512883647
50,10,0.67,0.893390191897655,0.899497487437186,0.859154929577465,0.972826086956522,0.934725848563969,0.904434142543705,0,89.3390191897655,89.9497487437186,85.9154929577465,97.2826086956522,93.4725848563969,0.897230435122329,0.87376512883647
50,10,0.68,0.893390191897655,0.899497487437186,0.859154929577465,0.972826086956522,0.934725848563969,0.904434142543705,0,89.3390191897655,89.9497487437186,85.9154929577465,97.2826086956522,93.4725848563969,0.897230435122329,0.87376512883647
50,10,0.69,0.893390191897655,0.899497487437186,0.859154929577465,0.972826086956522,0.934725848563969,0.904434142543705,0,89.3390191897655,89.9497487437186,85.9154929577465,97.2826086956522,93.4725848563969,0.897230435122329,0.87376512883647
50,10,0.7,0.893390191897655,0.899497487437186,0.859154929577465,0.972826086956522,0.934725848563969,0.904434142543705,0,89.3390191897655,89.9497487437186,85.9154929577465,97.2826086956522,93.4725848563969,0.897230435122329,0.87376512883647
50,10,0.71,0.893390191897655,0.899497487437186,0.859154929577465,0.972826086956522,0.934725848563969,0.904434142543705,0,89.3390191897655,89.9497487437186,85.9154929577465,97.2826086956522,93.4725848563969,0.897230435122329,0.87376512883647
50,10,0.72,0.893390191897655,0.899497487437186,0.859154929577465,0.972826086956522,0.934725848563969,0.904434142543705,0,89.3390191897655,89.9497487437186,85.9154929577465,97.2826086956522,93.4725848563969,0.897230435122329,0.87376512883647
50,10,0.73,0.893390191897655,0.899497487437186,0.859154929577465,0.972826086956522,0.934725848563969,0.904434142543705,0,89.3390191897655,89.9497487437186,85.9154929577465,97.2826086956522,93.4725848563969,0.897230435122329,0.87376512883647
50,10,0.74,0.893390191897655,0.899497487437186,0.859154929577465,0.972826086956522,0.934725848563969,0.904434142543705,0,89.3390191897655,89.9497487437186,85.9154929577465,97.2826086956522,93.4725848563969,0.897230435122329,0.87376512883647
50,10,0.75,0.893390191897655,0.899497487437186,0.859154929577465,0.972826086956522,0.934725848563969,0.904434142543705,0,89.3390191897655,89.9497487437186,85.9154929577465,97.2826086956522,93.4725848563969,0.897230435122329,0.87376512883647
50,10,0.76,0.893390191897655,0.899497487437186,0.859154929577465,0.972826086956522,0.934725848563969,0.904434142543705,0,89.3390191897655,89.9497487437186,85.9154929577465,97.2826086956522,93.4725848563969,0.897230435122329,0.87376512883647
50,10,0.77,0.893390191897655,0.899497487437186,0.859154929577465,0.972826086956522,0.934725848563969,0.904434142543705,0,89.3390191897655,89.9497487437186,85.9154929577465,97.2826086956522,93.4725848563969,0.897230435122329,0.87376512883647
5,5,0.46,0.891257995735608,0.896984924623116,0.859154929577465,0.97275204359673,0.933333333333333,0.905106518508033,0,89.1257995735608,89.6984924623116,85.9154929577465,97.275204359673,93.3333333333333,0.892588824892766,0.872855195373848
5,5,0.47,0.891257995735608,0.896984924623116,0.859154929577465,0.97275204359673,0.933333333333333,0.905106518508033,0,89.1257995735608,89.6984924623116,85.9154929577465,97.275204359673,93.3333333333333,0.892588824892766,0.872855195373848
5,5,0.48,0.891257995735608,0.896984924623116,0.859154929577465,0.97275204359673,0.933333333333333,0.905106518508033,0,89.1257995735608,89.6984924623116,85.9154929577465,97.275204359673,93.3333333333333,0.892588824892766,0.872855195373848
5,5,0.49,0.891257995735608,0.896984924623116,0.859154929577465,0.97275204359673,0.933333333333333,0.905106518508033,0,89.1257995735608,89.6984924623116,85.9154929577465,97.275204359673,93.3333333333333,0.892588824892766,0.872855195373848
5,5,0.5,0.891257995735608,0.896984924623116,0.859154929577465,0.97275204359673,0.933333333333333,0.905106518508033,0,89.1257995735608,89.6984924623116,85.9154929577465,97.275204359673,93.3333333333333,0.892588824892766,0.872855195373848
5,5,0.51,0.891257995735608,0.896984924623116,0.859154929577465,0.97275204359673,0.933333333333333,0.905106518508033,0,89.1257995735608,89.6984924623116,85.9154929577465,97.275204359673,93.3333333333333,0.892588824892766,0.872855195373848
5,5,0.52,0.891257995735608,0.896984924623116,0.859154929577465,0.97275204359673,0.933333333333333,0.905106518508033,0,89.1257995735608,89.6984924623116,85.9154929577465,97.275204359673,93.3333333333333,0.892588824892766,0.872855195373848
5,5,0.53,0.891257995735608,0.896984924623116,0.859154929577465,0.97275204359673,0.933333333333333,0.905106518508033,0,89.1257995735608,89.6984924623116,85.9154929577465,97.275204359673,93.3333333333333,0.892588824892766,0.872855195373848
5,5,0.54,0.891257995735608,0.896984924623116,0.859154929577465,0.97275204359673,0.933333333333333,0.905106518508033,0,89.1257995735608,89.6984924623116,85.9154929577465,97.275204359673,93.3333333333333,0.892588824892766,0.872855195373848
5,5,0.55,0.891257995735608,0.896984924623116,0.859154929577465,0.97275204359673,0.933333333333333,0.905106518508033,0,89.1257995735608,89.6984924623116,85.9154929577465,97.275204359673,93.3333333333333,0.892588824892766,0.872855195373848
5,5,0.56,0.891257995735608,0.896984924623116,0.859154929577465,0.97275204359673,0.933333333333333,0.905106518508033,0,89.1257995735608,89.6984924623116,85.9154929577465,97.275204359673,93.3333333333333,0.892588824892766,0.872855195373848
5,5,0.57,0.891257995735608,0.896984924623116,0.859154929577465,0.97275204359673,0.933333333333333,0.905106518508033,0,89.1257995735608,89.6984924623116,85.9154929577465,97.275204359673,93.3333333333333,0.892588824892766,0.872855195373848
5,5,0.58,0.891257995735608,0.896984924623116,0.859154929577465,0.97275204359673,0.933333333333333,0.905106518508033,0,89.1257995735608,89.6984924623116,85.9154929577465,97.275204359673,93.3333333333333,0.892588824892766,0.872855195373848
50,10,0.78,0.891257995735608,0.896984924623116,0.859154929577465,0.97275204359673,0.933333333333333,0.904434142543705,0,89.1257995735608,89.6984924623116,85.9154929577465,97.275204359673,93.3333333333333,0.892588824892766,0.872855195373848
50,10,0.79,0.891257995735608,0.896984924623116,0.859154929577465,0.97275204359673,0.933333333333333,0.904434142543705,0,89.1257995735608,89.6984924623116,85.9154929577465,97.275204359673,93.3333333333333,0.892588824892766,0.872855195373848
40,10,0.68,0.872068230277185,0.871859296482412,0.873239436619718,0.974719101123595,0.920424403183024,0.909069997876707,0,87.2068230277186,87.1859296482412,87.3239436619718,97.4719101123596,92.0424403183024,0.862822744081414,0.872739614013489
40,10,0.69,0.872068230277185,0.871859296482412,0.873239436619718,0.974719101123595,0.920424403183024,0.909069997876707,0,87.2068230277186,87.1859296482412,87.3239436619718,97.4719101123596,92.0424403183024,0.862822744081414,0.872739614013489
40,10,0.7,0.872068230277185,0.871859296482412,0.873239436619718,0.974719101123595,0.920424403183024,0.909069997876707,0,87.2068230277186,87.1859296482412,87.3239436619718,97.4719101123596,92.0424403183024,0.862822744081414,0.872739614013489
10,1,0.32,0.889125799573561,0.894472361809045,0.859154929577465,0.972677595628415,0.931937172774869,0.899002052516102,0,88.9125799573561,89.4472361809045,85.9154929577465,97.2677595628415,93.1937172774869,0.887959177576166,0.871945261911226
10,1,0.33,0.889125799573561,0.894472361809045,0.859154929577465,0.972677595628415,0.931937172774869,0.899002052516102,0,88.9125799573561,89.4472361809045,85.9154929577465,97.2677595628415,93.1937172774869,0.887959177576166,0.871945261911226
10,1,0.34,0.889125799573561,0.894472361809045,0.859154929577465,0.972677595628415,0.931937172774869,0.899002052516102,0,88.9125799573561,89.4472361809045,85.9154929577465,97.2677595628415,93.1937172774869,0.887959177576166,0.871945261911226
10,1,0.35,0.889125799573561,0.894472361809045,0.859154929577465,0.972677595628415,0.931937172774869,0.899002052516102,0,88.9125799573561,89.4472361809045,85.9154929577465,97.2677595628415,93.1937172774869,0.887959177576166,0.871945261911226
10,1,0.36,0.889125799573561,0.894472361809045,0.859154929577465,0.972677595628415,0.931937172774869,0.899002052516102,0,88.9125799573561,89.4472361809045,85.9154929577465,97.2677595628415,93.1937172774869,0.887959177576166,0.871945261911226
10,1,0.37,0.889125799573561,0.894472361809045,0.859154929577465,0.972677595628415,0.931937172774869,0.899002052516102,0,88.9125799573561,89.4472361809045,85.9154929577465,97.2677595628415,93.1937172774869,0.887959177576166,0.871945261911226
10,1,0.38,0.889125799573561,0.894472361809045,0.859154929577465,0.972677595628415,0.931937172774869,0.899002052516102,0,88.9125799573561,89.4472361809045,85.9154929577465,97.2677595628415,93.1937172774869,0.887959177576166,0.871945261911226
10,1,0.39,0.889125799573561,0.894472361809045,0.859154929577465,0.972677595628415,0.931937172774869,0.899002052516102,0,88.9125799573561,89.4472361809045,85.9154929577465,97.2677595628415,93.1937172774869,0.887959177576166,0.871945261911226
10,1,0.4,0.889125799573561,0.894472361809045,0.859154929577465,0.972677595628415,0.931937172774869,0.899002052516102,0,88.9125799573561,89.4472361809045,85.9154929577465,97.2677595628415,93.1937172774869,0.887959177576166,0.871945261911226
10,1,0.41,0.889125799573561,0.894472361809045,0.859154929577465,0.972677595628415,0.931937172774869,0.899002052516102,0,88.9125799573561,89.4472361809045,85.9154929577465,97.2677595628415,93.1937172774869,0.887959177576166,0.871945261911226
10,1,0.42,0.889125799573561,0.894472361809045,0.859154929577465,0.972677595628415,0.931937172774869,0.899002052516102,0,88.9125799573561,89.4472361809045,85.9154929577465,97.2677595628415,93.1937172774869,0.887959177576166,0.871945261911226
10,1,0.43,0.889125799573561,0.894472361809045,0.859154929577465,0.972677595628415,0.931937172774869,0.899002052516102,0,88.9125799573561,89.4472361809045,85.9154929577465,97.2677595628415,93.1937172774869,0.887959177576166,0.871945261911226
10,1,0.44,0.889125799573561,0.894472361809045,0.859154929577465,0.972677595628415,0.931937172774869,0.899002052516102,0,88.9125799573561,89.4472361809045,85.9154929577465,97.2677595628415,93.1937172774869,0.887959177576166,0.871945261911226
10,1,0.45,0.889125799573561,0.894472361809045,0.859154929577465,0.972677595628415,0.931937172774869,0.899002052516102,0,88.9125799573561,89.4472361809045,85.9154929577465,97.2677595628415,93.1937172774869,0.887959177576166,0.871945261911226
10,1,0.46,0.889125799573561,0.894472361809045,0.859154929577465,0.972677595628415,0.931937172774869,0.899002052516102,0,88.9125799573561,89.4472361809045,85.9154929577465,97.2677595628415,93.1937172774869,0.887959177576166,0.871945261911226
10,1,0.47,0.889125799573561,0.894472361809045,0.859154929577465,0.972677595628415,0.931937172774869,0.899002052516102,0,88.9125799573561,89.4472361809045,85.9154929577465,97.2677595628415,93.1937172774869,0.887959177576166,0.871945261911226
10,1,0.48,0.889125799573561,0.894472361809045,0.859154929577465,0.972677595628415,0.931937172774869,0.899002052516102,0,88.9125799573561,89.4472361809045,85.9154929577465,97.2677595628415,93.1937172774869,0.887959177576166,0.871945261911226
10,1,0.49,0.889125799573561,0.894472361809045,0.859154929577465,0.972677595628415,0.931937172774869,0.899002052516102,0,88.9125799573561,89.4472361809045,85.9154929577465,97.2677595628415,93.1937172774869,0.887959177576166,0.871945261911226
10,1,0.5,0.889125799573561,0.894472361809045,0.859154929577465,0.972677595628415,0.931937172774869,0.899002052516102,0,88.9125799573561,89.4472361809045,85.9154929577465,97.2677595628415,93.1937172774869,0.887959177576166,0.871945261911226
10,1,0.51,0.889125799573561,0.894472361809045,0.859154929577465,0.972677595628415,0.931937172774869,0.899002052516102,0,88.9125799573561,89.4472361809045,85.9154929577465,97.2677595628415,93.1937172774869,0.887959177576166,0.871945261911226
10,1,0.52,0.889125799573561,0.894472361809045,0.859154929577465,0.972677595628415,0.931937172774869,0.899002052516102,0,88.9125799573561,89.4472361809045,85.9154929577465,97.2677595628415,93.1937172774869,0.887959177576166,0.871945261911226
10,1,0.53,0.889125799573561,0.894472361809045,0.859154929577465,0.972677595628415,0.931937172774869,0.899002052516102,0,88.9125799573561,89.4472361809045,85.9154929577465,97.2677595628415,93.1937172774869,0.887959177576166,0.871945261911226
10,1,0.54,0.889125799573561,0.894472361809045,0.859154929577465,0.972677595628415,0.931937172774869,0.899002052516102,0,88.9125799573561,89.4472361809045,85.9154929577465,97.2677595628415,93.1937172774869,0.887959177576166,0.871945261911226
10,1,0.55,0.889125799573561,0.894472361809045,0.859154929577465,0.972677595628415,0.931937172774869,0.899002052516102,0,88.9125799573561,89.4472361809045,85.9154929577465,97.2677595628415,93.1937172774869,0.887959177576166,0.871945261911226
10,1,0.56,0.889125799573561,0.894472361809045,0.859154929577465,0.972677595628415,0.931937172774869,0.899002052516102,0,88.9125799573561,89.4472361809045,85.9154929577465,97.2677595628415,93.1937172774869,0.887959177576166,0.871945261911226
10,1,0.57,0.889125799573561,0.894472361809045,0.859154929577465,0.972677595628415,0.931937172774869,0.899002052516102,0,88.9125799573561,89.4472361809045,85.9154929577465,97.2677595628415,93.1937172774869,0.887959177576166,0.871945261911226
10,1,0.58,0.889125799573561,0.894472361809045,0.859154929577465,0.972677595628415,0.931937172774869,0.899002052516102,0,88.9125799573561,89.4472361809045,85.9154929577465,97.2677595628415,93.1937172774869,0.887959177576166,0.871945261911226
10,1,0.59,0.889125799573561,0.894472361809045,0.859154929577465,0.972677595628415,0.931937172774869,0.899002052516102,0,88.9125799573561,89.4472361809045,85.9154929577465,97.2677595628415,93.1937172774869,0.887959177576166,0.871945261911226
10,1,0.6,0.889125799573561,0.894472361809045,0.859154929577465,0.972677595628415,0.931937172774869,0.899002052516102,0,88.9125799573561,89.4472361809045,85.9154929577465,97.2677595628415,93.1937172774869,0.887959177576166,0.871945261911226
10,1,0.61,0.889125799573561,0.894472361809045,0.859154929577465,0.972677595628415,0.931937172774869,0.899002052516102,0,88.9125799573561,89.4472361809045,85.9154929577465,97.2677595628415,93.1937172774869,0.887959177576166,0.871945261911226
10,1,0.62,0.889125799573561,0.894472361809045,0.859154929577465,0.972677595628415,0.931937172774869,0.899002052516102,0,88.9125799573561,89.4472361809045,85.9154929577465,97.2677595628415,93.1937172774869,0.887959177576166,0.871945261911226
10,1,0.63,0.889125799573561,0.894472361809045,0.859154929577465,0.972677595628415,0.931937172774869,0.899002052516102,0,88.9125799573561,89.4472361809045,85.9154929577465,97.2677595628415,93.1937172774869,0.887959177576166,0.871945261911226
10,1,0.64,0.889125799573561,0.894472361809045,0.859154929577465,0.972677595628415,0.931937172774869,0.899002052516102,0,88.9125799573561,89.4472361809045,85.9154929577465,97.2677595628415,93.1937172774869,0.887959177576166,0.871945261911226
10,1,0.65,0.889125799573561,0.894472361809045,0.859154929577465,0.972677595628415,0.931937172774869,0.899002052516102,0,88.9125799573561,89.4472361809045,85.9154929577465,97.2677595628415,93.1937172774869,0.887959177576166,0.871945261911226
10,1,0.66,0.889125799573561,0.894472361809045,0.859154929577465,0.972677595628415,0.931937172774869,0.899002052516102,0,88.9125799573561,89.4472361809045,85.9154929577465,97.2677595628415,93.1937172774869,0.887959177576166,0.871945261911226
10,1,0.67,0.889125799573561,0.894472361809045,0.859154929577465,0.972677595628415,0.931937172774869,0.899002052516102,0,88.9125799573561,89.4472361809045,85.9154929577465,97.2677595628415,93.1937172774869,0.887959177576166,0.871945261911226
10,1,0.68,0.889125799573561,0.894472361809045,0.859154929577465,0.972677595628415,0.931937172774869,0.899002052516102,0,88.9125799573561,89.4472361809045,85.9154929577465,97.2677595628415,93.1937172774869,0.887959177576166,0.871945261911226
10,1,0.69,0.889125799573561,0.894472361809045,0.859154929577465,0.972677595628415,0.931937172774869,0.899002052516102,0,88.9125799573561,89.4472361809045,85.9154929577465,97.2677595628415,93.1937172774869,0.887959177576166,0.871945261911226
10,1,0.7,0.889125799573561,0.894472361809045,0.859154929577465,0.972677595628415,0.931937172774869,0.899002052516102,0,88.9125799573561,89.4472361809045,85.9154929577465,97.2677595628415,93.1937172774869,0.887959177576166,0.871945261911226
10,1,0.71,0.889125799573561,0.894472361809045,0.859154929577465,0.972677595628415,0.931937172774869,0.899002052516102,0,88.9125799573561,89.4472361809045,85.9154929577465,97.2677595628415,93.1937172774869,0.887959177576166,0.871945261911226
10,1,0.72,0.889125799573561,0.894472361809045,0.859154929577465,0.972677595628415,0.931937172774869,0.899002052516102,0,88.9125799573561,89.4472361809045,85.9154929577465,97.2677595628415,93.1937172774869,0.887959177576166,0.871945261911226
10,1,0.73,0.889125799573561,0.894472361809045,0.859154929577465,0.972677595628415,0.931937172774869,0.899002052516102,0,88.9125799573561,89.4472361809045,85.9154929577465,97.2677595628415,93.1937172774869,0.887959177576166,0.871945261911226
10,1,0.74,0.889125799573561,0.894472361809045,0.859154929577465,0.972677595628415,0.931937172774869,0.899002052516102,0,88.9125799573561,89.4472361809045,85.9154929577465,97.2677595628415,93.1937172774869,0.887959177576166,0.871945261911226
10,1,0.75,0.889125799573561,0.894472361809045,0.859154929577465,0.972677595628415,0.931937172774869,0.899002052516102,0,88.9125799573561,89.4472361809045,85.9154929577465,97.2677595628415,93.1937172774869,0.887959177576166,0.871945261911226
10,1,0.76,0.889125799573561,0.894472361809045,0.859154929577465,0.972677595628415,0.931937172774869,0.899002052516102,0,88.9125799573561,89.4472361809045,85.9154929577465,97.2677595628415,93.1937172774869,0.887959177576166,0.871945261911226
10,1,0.77,0.889125799573561,0.894472361809045,0.859154929577465,0.972677595628415,0.931937172774869,0.899002052516102,0,88.9125799573561,89.4472361809045,85.9154929577465,97.2677595628415,93.1937172774869,0.887959177576166,0.871945261911226
10,1,0.78,0.889125799573561,0.894472361809045,0.859154929577465,0.972677595628415,0.931937172774869,0.899002052516102,0,88.9125799573561,89.4472361809045,85.9154929577465,97.2677595628415,93.1937172774869,0.887959177576166,0.871945261911226
10,1,0.79,0.889125799573561,0.894472361809045,0.859154929577465,0.972677595628415,0.931937172774869,0.899002052516102,0,88.9125799573561,89.4472361809045,85.9154929577465,97.2677595628415,93.1937172774869,0.887959177576166,0.871945261911226
30,10,0.65,0.889125799573561,0.894472361809045,0.859154929577465,0.972677595628415,0.931937172774869,0.860234269941256,0,88.9125799573561,89.4472361809045,85.9154929577465,97.2677595628415,93.1937172774869,0.887959177576166,0.871945261911226
30,10,0.66,0.889125799573561,0.894472361809045,0.859154929577465,0.972677595628415,0.931937172774869,0.860234269941256,0,88.9125799573561,89.4472361809045,85.9154929577465,97.2677595628415,93.1937172774869,0.887959177576166,0.871945261911226
30,10,0.67,0.889125799573561,0.894472361809045,0.859154929577465,0.972677595628415,0.931937172774869,0.860234269941256,0,88.9125799573561,89.4472361809045,85.9154929577465,97.2677595628415,93.1937172774869,0.887959177576166,0.871945261911226
30,10,0.68,0.889125799573561,0.894472361809045,0.859154929577465,0.972677595628415,0.931937172774869,0.860234269941256,0,88.9125799573561,89.4472361809045,85.9154929577465,97.2677595628415,93.1937172774869,0.887959177576166,0.871945261911226
30,10,0.69,0.889125799573561,0.894472361809045,0.859154929577465,0.972677595628415,0.931937172774869,0.860234269941256,0,88.9125799573561,89.4472361809045,85.9154929577465,97.2677595628415,93.1937172774869,0.887959177576166,0.871945261911226
30,10,0.7,0.889125799573561,0.894472361809045,0.859154929577465,0.972677595628415,0.931937172774869,0.860234269941256,0,88.9125799573561,89.4472361809045,85.9154929577465,97.2677595628415,93.1937172774869,0.887959177576166,0.871945261911226
30,10,0.71,0.889125799573561,0.894472361809045,0.859154929577465,0.972677595628415,0.931937172774869,0.860234269941256,0,88.9125799573561,89.4472361809045,85.9154929577465,97.2677595628415,93.1937172774869,0.887959177576166,0.871945261911226
30,10,0.72,0.889125799573561,0.894472361809045,0.859154929577465,0.972677595628415,0.931937172774869,0.860234269941256,0,88.9125799573561,89.4472361809045,85.9154929577465,97.2677595628415,93.1937172774869,0.887959177576166,0.871945261911226
40,10,0.71,0.867803837953092,0.866834170854271,0.873239436619718,0.974576271186441,0.917553191489362,0.909069997876707,0,86.7803837953092,86.6834170854271,87.3239436619718,97.4576271186441,91.7553191489362,0.853654838258716,0.870919747088245
40,10,0.72,0.867803837953092,0.866834170854271,0.873239436619718,0.974576271186441,0.917553191489362,0.909069997876707,0,86.7803837953092,86.6834170854271,87.3239436619718,97.4576271186441,91.7553191489362,0.853654838258716,0.870919747088245
40,10,0.73,0.865671641791045,0.864321608040201,0.873239436619718,0.974504249291785,0.916111850865513,0.909069997876707,0,86.5671641791045,86.4321608040201,87.3239436619718,97.4504249291785,91.6111850865512,0.849089123886802,0.870009813625622
40,10,0.74,0.865671641791045,0.864321608040201,0.873239436619718,0.974504249291785,0.916111850865513,0.909069997876707,0,86.5671641791045,86.4321608040201,87.3239436619718,97.4504249291785,91.6111850865512,0.849089123886802,0.870009813625622
40,10,0.75,0.865671641791045,0.864321608040201,0.873239436619718,0.974504249291785,0.916111850865513,0.909069997876707,0,86.5671641791045,86.4321608040201,87.3239436619718,97.4504249291785,91.6111850865512,0.849089123886802,0.870009813625622
40,10,0.76,0.865671641791045,0.864321608040201,0.873239436619718,0.974504249291785,0.916111850865513,0.909069997876707,0,86.5671641791045,86.4321608040201,87.3239436619718,97.4504249291785,91.6111850865512,0.849089123886802,0.870009813625622
40,10,0.77,0.865671641791045,0.864321608040201,0.873239436619718,0.974504249291785,0.916111850865513,0.909069997876707,0,86.5671641791045,86.4321608040201,87.3239436619718,97.4504249291785,91.6111850865512,0.849089123886802,0.870009813625622
40,10,0.78,0.865671641791045,0.864321608040201,0.873239436619718,0.974504249291785,0.916111850865513,0.909069997876707,0,86.5671641791045,86.4321608040201,87.3239436619718,97.4504249291785,91.6111850865512,0.849089123886802,0.870009813625622
40,10,0.79,0.865671641791045,0.864321608040201,0.873239436619718,0.974504249291785,0.916111850865513,0.909069997876707,0,86.5671641791045,86.4321608040201,87.3239436619718,97.4504249291785,91.6111850865512,0.849089123886802,0.870009813625622
40,10,0.8,0.865671641791045,0.864321608040201,0.873239436619718,0.974504249291785,0.916111850865513,0.909069997876707,0,86.5671641791045,86.4321608040201,87.3239436619718,97.4504249291785,91.6111850865512,0.849089123886802,0.870009813625622
40,10,0.81,0.865671641791045,0.864321608040201,0.873239436619718,0.974504249291785,0.916111850865513,0.909069997876707,0,86.5671641791045,86.4321608040201,87.3239436619718,97.4504249291785,91.6111850865512,0.849089123886802,0.870009813625622
40,10,0.82,0.865671641791045,0.864321608040201,0.873239436619718,0.974504249291785,0.916111850865513,0.909069997876707,0,86.5671641791045,86.4321608040201,87.3239436619718,97.4504249291785,91.6111850865512,0.849089123886802,0.870009813625622
40,10,0.83,0.865671641791045,0.864321608040201,0.873239436619718,0.974504249291785,0.916111850865513,0.909069997876707,0,86.5671641791045,86.4321608040201,87.3239436619718,97.4504249291785,91.6111850865512,0.849089123886802,0.870009813625622
40,10,0.84,0.865671641791045,0.864321608040201,0.873239436619718,0.974504249291785,0.916111850865513,0.909069997876707,0,86.5671641791045,86.4321608040201,87.3239436619718,97.4504249291785,91.6111850865512,0.849089123886802,0.870009813625622
5,3,0.87,0.846481876332623,0.839195979899497,0.887323943661972,0.976608187134503,0.902702702702703,0.883095052728431,0,84.6481876332623,83.9195979899498,88.7323943661972,97.6608187134503,90.2702702702703,0.81913340148799,0.869894232265263
5,3,0.88,0.846481876332623,0.839195979899497,0.887323943661972,0.976608187134503,0.902702702702703,0.883095052728431,0,84.6481876332623,83.9195979899498,88.7323943661972,97.6608187134503,90.2702702702703,0.81913340148799,0.869894232265263
5,3,0.89,0.846481876332623,0.839195979899497,0.887323943661972,0.976608187134503,0.902702702702703,0.883095052728431,0,84.6481876332623,83.9195979899498,88.7323943661972,97.6608187134503,90.2702702702703,0.81913340148799,0.869894232265263
5,3,0.9,0.846481876332623,0.839195979899497,0.887323943661972,0.976608187134503,0.902702702702703,0.883095052728431,0,84.6481876332623,83.9195979899498,88.7323943661972,97.6608187134503,90.2702702702703,0.81913340148799,0.869894232265263
5,3,0.91,0.846481876332623,0.839195979899497,0.887323943661972,0.976608187134503,0.902702702702703,0.883095052728431,0,84.6481876332623,83.9195979899498,88.7323943661972,97.6608187134503,90.2702702702703,0.81913340148799,0.869894232265263
5,3,0.92,0.846481876332623,0.839195979899497,0.887323943661972,0.976608187134503,0.902702702702703,0.883095052728431,0,84.6481876332623,83.9195979899498,88.7323943661972,97.6608187134503,90.2702702702703,0.81913340148799,0.869894232265263
5,3,0.93,0.846481876332623,0.839195979899497,0.887323943661972,0.976608187134503,0.902702702702703,0.883095052728431,0,84.6481876332623,83.9195979899498,88.7323943661972,97.6608187134503,90.2702702702703,0.81913340148799,0.869894232265263
5,3,0.94,0.846481876332623,0.839195979899497,0.887323943661972,0.976608187134503,0.902702702702703,0.883095052728431,0,84.6481876332623,83.9195979899498,88.7323943661972,97.6608187134503,90.2702702702703,0.81913340148799,0.869894232265263
5,10,0.13,0.88272921108742,0.886934673366834,0.859154929577465,0.972451790633609,0.92772667542707,0.865170925047774,0,88.272921108742,88.6934673366834,85.9154929577465,97.2451790633609,92.772667542707,0.874142013104142,0.869215461523359
5,10,0.14,0.88272921108742,0.886934673366834,0.859154929577465,0.972451790633609,0.92772667542707,0.865170925047774,0,88.272921108742,88.6934673366834,85.9154929577465,97.2451790633609,92.772667542707,0.874142013104142,0.869215461523359
5,10,0.15,0.88272921108742,0.886934673366834,0.859154929577465,0.972451790633609,0.92772667542707,0.865170925047774,0,88.272921108742,88.6934673366834,85.9154929577465,97.2451790633609,92.772667542707,0.874142013104142,0.869215461523359
5,10,0.16,0.88272921108742,0.886934673366834,0.859154929577465,0.972451790633609,0.92772667542707,0.865170925047774,0,88.272921108742,88.6934673366834,85.9154929577465,97.2451790633609,92.772667542707,0.874142013104142,0.869215461523359
5,10,0.17,0.88272921108742,0.886934673366834,0.859154929577465,0.972451790633609,0.92772667542707,0.865170925047774,0,88.272921108742,88.6934673366834,85.9154929577465,97.2451790633609,92.772667542707,0.874142013104142,0.869215461523359
5,10,0.18,0.88272921108742,0.886934673366834,0.859154929577465,0.972451790633609,0.92772667542707,0.865170925047774,0,88.272921108742,88.6934673366834,85.9154929577465,97.2451790633609,92.772667542707,0.874142013104142,0.869215461523359
5,10,0.19,0.88272921108742,0.886934673366834,0.859154929577465,0.972451790633609,0.92772667542707,0.865170925047774,0,88.272921108742,88.6934673366834,85.9154929577465,97.2451790633609,92.772667542707,0.874142013104142,0.869215461523359
30,10,0.73,0.88272921108742,0.886934673366834,0.859154929577465,0.972451790633609,0.92772667542707,0.860234269941256,0,88.272921108742,88.6934673366834,85.9154929577465,97.2451790633609,92.772667542707,0.874142013104142,0.869215461523359
30,10,0.74,0.88272921108742,0.886934673366834,0.859154929577465,0.972451790633609,0.92772667542707,0.860234269941256,0,88.272921108742,88.6934673366834,85.9154929577465,97.2451790633609,92.772667542707,0.874142013104142,0.869215461523359
30,10,0.75,0.88272921108742,0.886934673366834,0.859154929577465,0.972451790633609,0.92772667542707,0.860234269941256,0,88.272921108742,88.6934673366834,85.9154929577465,97.2451790633609,92.772667542707,0.874142013104142,0.869215461523359
30,10,0.76,0.88272921108742,0.886934673366834,0.859154929577465,0.972451790633609,0.92772667542707,0.860234269941256,0,88.272921108742,88.6934673366834,85.9154929577465,97.2451790633609,92.772667542707,0.874142013104142,0.869215461523359
30,10,0.77,0.88272921108742,0.886934673366834,0.859154929577465,0.972451790633609,0.92772667542707,0.860234269941256,0,88.272921108742,88.6934673366834,85.9154929577465,97.2451790633609,92.772667542707,0.874142013104142,0.869215461523359
30,10,0.78,0.88272921108742,0.886934673366834,0.859154929577465,0.972451790633609,0.92772667542707,0.860234269941256,0,88.272921108742,88.6934673366834,85.9154929577465,97.2451790633609,92.772667542707,0.874142013104142,0.869215461523359
30,10,0.79,0.88272921108742,0.886934673366834,0.859154929577465,0.972451790633609,0.92772667542707,0.860234269941256,0,88.272921108742,88.6934673366834,85.9154929577465,97.2451790633609,92.772667542707,0.874142013104142,0.869215461523359
30,10,0.8,0.88272921108742,0.886934673366834,0.859154929577465,0.972451790633609,0.92772667542707,0.860234269941256,0,88.272921108742,88.6934673366834,85.9154929577465,97.2451790633609,92.772667542707,0.874142013104142,0.869215461523359
30,10,0.81,0.88272921108742,0.886934673366834,0.859154929577465,0.972451790633609,0.92772667542707,0.860234269941256,0,88.272921108742,88.6934673366834,85.9154929577465,97.2451790633609,92.772667542707,0.874142013104142,0.869215461523359
30,10,0.82,0.88272921108742,0.886934673366834,0.859154929577465,0.972451790633609,0.92772667542707,0.860234269941256,0,88.272921108742,88.6934673366834,85.9154929577465,97.2451790633609,92.772667542707,0.874142013104142,0.869215461523359
30,10,0.83,0.88272921108742,0.886934673366834,0.859154929577465,0.972451790633609,0.92772667542707,0.860234269941256,0,88.272921108742,88.6934673366834,85.9154929577465,97.2451790633609,92.772667542707,0.874142013104142,0.869215461523359
30,10,0.84,0.88272921108742,0.886934673366834,0.859154929577465,0.972451790633609,0.92772667542707,0.860234269941256,0,88.272921108742,88.6934673366834,85.9154929577465,97.2451790633609,92.772667542707,0.874142013104142,0.869215461523359
30,10,0.85,0.88272921108742,0.886934673366834,0.859154929577465,0.972451790633609,0.92772667542707,0.860234269941256,0,88.272921108742,88.6934673366834,85.9154929577465,97.2451790633609,92.772667542707,0.874142013104142,0.869215461523359
30,10,0.86,0.88272921108742,0.886934673366834,0.859154929577465,0.972451790633609,0.92772667542707,0.860234269941256,0,88.272921108742,88.6934673366834,85.9154929577465,97.2451790633609,92.772667542707,0.874142013104142,0.869215461523359
30,10,0.87,0.88272921108742,0.886934673366834,0.859154929577465,0.972451790633609,0.92772667542707,0.860234269941256,0,88.272921108742,88.6934673366834,85.9154929577465,97.2451790633609,92.772667542707,0.874142013104142,0.869215461523359
30,10,0.88,0.88272921108742,0.886934673366834,0.859154929577465,0.972451790633609,0.92772667542707,0.860234269941256,0,88.272921108742,88.6934673366834,85.9154929577465,97.2451790633609,92.772667542707,0.874142013104142,0.869215461523359
30,10,0.89,0.88272921108742,0.886934673366834,0.859154929577465,0.972451790633609,0.92772667542707,0.860234269941256,0,88.272921108742,88.6934673366834,85.9154929577465,97.2451790633609,92.772667542707,0.874142013104142,0.869215461523359
30,10,0.9,0.88272921108742,0.886934673366834,0.859154929577465,0.972451790633609,0.92772667542707,0.860234269941256,0,88.272921108742,88.6934673366834,85.9154929577465,97.2451790633609,92.772667542707,0.874142013104142,0.869215461523359
30,10,0.91,0.88272921108742,0.886934673366834,0.859154929577465,0.972451790633609,0.92772667542707,0.860234269941256,0,88.272921108742,88.6934673366834,85.9154929577465,97.2451790633609,92.772667542707,0.874142013104142,0.869215461523359
30,10,0.92,0.88272921108742,0.886934673366834,0.859154929577465,0.972451790633609,0.92772667542707,0.860234269941256,0,88.272921108742,88.6934673366834,85.9154929577465,97.2451790633609,92.772667542707,0.874142013104142,0.869215461523359
40,10,0.59,0.88272921108742,0.886934673366834,0.859154929577465,0.972451790633609,0.92772667542707,0.909069997876707,0,88.272921108742,88.6934673366834,85.9154929577465,97.2451790633609,92.772667542707,0.874142013104142,0.869215461523359
40,10,0.6,0.88272921108742,0.886934673366834,0.859154929577465,0.972451790633609,0.92772667542707,0.909069997876707,0,88.272921108742,88.6934673366834,85.9154929577465,97.2451790633609,92.772667542707,0.874142013104142,0.869215461523359
5,5,0.15,0.899786780383795,0.909547738693467,0.845070422535211,0.970509383378016,0.939040207522698,0.905106518508033,0,89.9786780383795,90.9547738693467,84.5070422535211,97.0509383378016,93.9040207522698,0.889337069813487,0.868421109421096
5,5,0.16,0.899786780383795,0.909547738693467,0.845070422535211,0.970509383378016,0.939040207522698,0.905106518508033,0,89.9786780383795,90.9547738693467,84.5070422535211,97.0509383378016,93.9040207522698,0.889337069813487,0.868421109421096
5,5,0.17,0.899786780383795,0.909547738693467,0.845070422535211,0.970509383378016,0.939040207522698,0.905106518508033,0,89.9786780383795,90.9547738693467,84.5070422535211,97.0509383378016,93.9040207522698,0.889337069813487,0.868421109421096
5,5,0.18,0.899786780383795,0.909547738693467,0.845070422535211,0.970509383378016,0.939040207522698,0.905106518508033,0,89.9786780383795,90.9547738693467,84.5070422535211,97.0509383378016,93.9040207522698,0.889337069813487,0.868421109421096
5,5,0.19,0.899786780383795,0.909547738693467,0.845070422535211,0.970509383378016,0.939040207522698,0.905106518508033,0,89.9786780383795,90.9547738693467,84.5070422535211,97.0509383378016,93.9040207522698,0.889337069813487,0.868421109421096
5,5,0.2,0.899786780383795,0.909547738693467,0.845070422535211,0.970509383378016,0.939040207522698,0.905106518508033,0,89.9786780383795,90.9547738693467,84.5070422535211,97.0509383378016,93.9040207522698,0.889337069813487,0.868421109421096
5,5,0.21,0.899786780383795,0.909547738693467,0.845070422535211,0.970509383378016,0.939040207522698,0.905106518508033,0,89.9786780383795,90.9547738693467,84.5070422535211,97.0509383378016,93.9040207522698,0.889337069813487,0.868421109421096
5,5,0.22,0.899786780383795,0.909547738693467,0.845070422535211,0.970509383378016,0.939040207522698,0.905106518508033,0,89.9786780383795,90.9547738693467,84.5070422535211,97.0509383378016,93.9040207522698,0.889337069813487,0.868421109421096
5,5,0.23,0.899786780383795,0.909547738693467,0.845070422535211,0.970509383378016,0.939040207522698,0.905106518508033,0,89.9786780383795,90.9547738693467,84.5070422535211,97.0509383378016,93.9040207522698,0.889337069813487,0.868421109421096
5,5,0.24,0.899786780383795,0.909547738693467,0.845070422535211,0.970509383378016,0.939040207522698,0.905106518508033,0,89.9786780383795,90.9547738693467,84.5070422535211,97.0509383378016,93.9040207522698,0.889337069813487,0.868421109421096
5,5,0.25,0.899786780383795,0.909547738693467,0.845070422535211,0.970509383378016,0.939040207522698,0.905106518508033,0,89.9786780383795,90.9547738693467,84.5070422535211,97.0509383378016,93.9040207522698,0.889337069813487,0.868421109421096
5,5,0.26,0.899786780383795,0.909547738693467,0.845070422535211,0.970509383378016,0.939040207522698,0.905106518508033,0,89.9786780383795,90.9547738693467,84.5070422535211,97.0509383378016,93.9040207522698,0.889337069813487,0.868421109421096
5,5,0.27,0.899786780383795,0.909547738693467,0.845070422535211,0.970509383378016,0.939040207522698,0.905106518508033,0,89.9786780383795,90.9547738693467,84.5070422535211,97.0509383378016,93.9040207522698,0.889337069813487,0.868421109421096
5,5,0.28,0.899786780383795,0.909547738693467,0.845070422535211,0.970509383378016,0.939040207522698,0.905106518508033,0,89.9786780383795,90.9547738693467,84.5070422535211,97.0509383378016,93.9040207522698,0.889337069813487,0.868421109421096
5,5,0.29,0.899786780383795,0.909547738693467,0.845070422535211,0.970509383378016,0.939040207522698,0.905106518508033,0,89.9786780383795,90.9547738693467,84.5070422535211,97.0509383378016,93.9040207522698,0.889337069813487,0.868421109421096
5,5,0.3,0.899786780383795,0.909547738693467,0.845070422535211,0.970509383378016,0.939040207522698,0.905106518508033,0,89.9786780383795,90.9547738693467,84.5070422535211,97.0509383378016,93.9040207522698,0.889337069813487,0.868421109421096
5,5,0.31,0.899786780383795,0.909547738693467,0.845070422535211,0.970509383378016,0.939040207522698,0.905106518508033,0,89.9786780383795,90.9547738693467,84.5070422535211,97.0509383378016,93.9040207522698,0.889337069813487,0.868421109421096
5,5,0.32,0.899786780383795,0.909547738693467,0.845070422535211,0.970509383378016,0.939040207522698,0.905106518508033,0,89.9786780383795,90.9547738693467,84.5070422535211,97.0509383378016,93.9040207522698,0.889337069813487,0.868421109421096
5,5,0.33,0.899786780383795,0.909547738693467,0.845070422535211,0.970509383378016,0.939040207522698,0.905106518508033,0,89.9786780383795,90.9547738693467,84.5070422535211,97.0509383378016,93.9040207522698,0.889337069813487,0.868421109421096
5,5,0.34,0.899786780383795,0.909547738693467,0.845070422535211,0.970509383378016,0.939040207522698,0.905106518508033,0,89.9786780383795,90.9547738693467,84.5070422535211,97.0509383378016,93.9040207522698,0.889337069813487,0.868421109421096
5,5,0.35,0.899786780383795,0.909547738693467,0.845070422535211,0.970509383378016,0.939040207522698,0.905106518508033,0,89.9786780383795,90.9547738693467,84.5070422535211,97.0509383378016,93.9040207522698,0.889337069813487,0.868421109421096
5,5,0.36,0.899786780383795,0.909547738693467,0.845070422535211,0.970509383378016,0.939040207522698,0.905106518508033,0,89.9786780383795,90.9547738693467,84.5070422535211,97.0509383378016,93.9040207522698,0.889337069813487,0.868421109421096
5,5,0.37,0.899786780383795,0.909547738693467,0.845070422535211,0.970509383378016,0.939040207522698,0.905106518508033,0,89.9786780383795,90.9547738693467,84.5070422535211,97.0509383378016,93.9040207522698,0.889337069813487,0.868421109421096
5,5,0.38,0.899786780383795,0.909547738693467,0.845070422535211,0.970509383378016,0.939040207522698,0.905106518508033,0,89.9786780383795,90.9547738693467,84.5070422535211,97.0509383378016,93.9040207522698,0.889337069813487,0.868421109421096
5,5,0.39,0.899786780383795,0.909547738693467,0.845070422535211,0.970509383378016,0.939040207522698,0.905106518508033,0,89.9786780383795,90.9547738693467,84.5070422535211,97.0509383378016,93.9040207522698,0.889337069813487,0.868421109421096
5,5,0.4,0.899786780383795,0.909547738693467,0.845070422535211,0.970509383378016,0.939040207522698,0.905106518508033,0,89.9786780383795,90.9547738693467,84.5070422535211,97.0509383378016,93.9040207522698,0.889337069813487,0.868421109421096
5,5,0.41,0.899786780383795,0.909547738693467,0.845070422535211,0.970509383378016,0.939040207522698,0.905106518508033,0,89.9786780383795,90.9547738693467,84.5070422535211,97.0509383378016,93.9040207522698,0.889337069813487,0.868421109421096
5,5,0.42,0.899786780383795,0.909547738693467,0.845070422535211,0.970509383378016,0.939040207522698,0.905106518508033,0,89.9786780383795,90.9547738693467,84.5070422535211,97.0509383378016,93.9040207522698,0.889337069813487,0.868421109421096
5,5,0.43,0.899786780383795,0.909547738693467,0.845070422535211,0.970509383378016,0.939040207522698,0.905106518508033,0,89.9786780383795,90.9547738693467,84.5070422535211,97.0509383378016,93.9040207522698,0.889337069813487,0.868421109421096
5,5,0.44,0.899786780383795,0.909547738693467,0.845070422535211,0.970509383378016,0.939040207522698,0.905106518508033,0,89.9786780383795,90.9547738693467,84.5070422535211,97.0509383378016,93.9040207522698,0.889337069813487,0.868421109421096
5,5,0.45,0.899786780383795,0.909547738693467,0.845070422535211,0.970509383378016,0.939040207522698,0.905106518508033,0,89.9786780383795,90.9547738693467,84.5070422535211,97.0509383378016,93.9040207522698,0.889337069813487,0.868421109421096
5,10,0.2,0.880597014925373,0.884422110552764,0.859154929577465,0.972375690607735,0.926315789473684,0.865170925047774,0,88.0597014925373,88.4422110552764,85.9154929577465,97.2375690607735,92.6315789473684,0.869560217439392,0.868305528060737
10,5,0.74,0.880597014925373,0.884422110552764,0.859154929577465,0.972375690607735,0.926315789473684,0.886510014863048,0,88.0597014925373,88.4422110552764,85.9154929577465,97.2375690607735,92.6315789473684,0.869560217439392,0.868305528060737
10,5,0.75,0.880597014925373,0.884422110552764,0.859154929577465,0.972375690607735,0.926315789473684,0.886510014863048,0,88.0597014925373,88.4422110552764,85.9154929577465,97.2375690607735,92.6315789473684,0.869560217439392,0.868305528060737
10,5,0.76,0.880597014925373,0.884422110552764,0.859154929577465,0.972375690607735,0.926315789473684,0.886510014863048,0,88.0597014925373,88.4422110552764,85.9154929577465,97.2375690607735,92.6315789473684,0.869560217439392,0.868305528060737
10,5,0.77,0.880597014925373,0.884422110552764,0.859154929577465,0.972375690607735,0.926315789473684,0.886510014863048,0,88.0597014925373,88.4422110552764,85.9154929577465,97.2375690607735,92.6315789473684,0.869560217439392,0.868305528060737
10,5,0.78,0.880597014925373,0.884422110552764,0.859154929577465,0.972375690607735,0.926315789473684,0.886510014863048,0,88.0597014925373,88.4422110552764,85.9154929577465,97.2375690607735,92.6315789473684,0.869560217439392,0.868305528060737
10,5,0.79,0.880597014925373,0.884422110552764,0.859154929577465,0.972375690607735,0.926315789473684,0.886510014863048,0,88.0597014925373,88.4422110552764,85.9154929577465,97.2375690607735,92.6315789473684,0.869560217439392,0.868305528060737
10,5,0.8,0.880597014925373,0.884422110552764,0.859154929577465,0.972375690607735,0.926315789473684,0.886510014863048,0,88.0597014925373,88.4422110552764,85.9154929577465,97.2375690607735,92.6315789473684,0.869560217439392,0.868305528060737
10,5,0.81,0.880597014925373,0.884422110552764,0.859154929577465,0.972375690607735,0.926315789473684,0.886510014863048,0,88.0597014925373,88.4422110552764,85.9154929577465,97.2375690607735,92.6315789473684,0.869560217439392,0.868305528060737
10,5,0.82,0.880597014925373,0.884422110552764,0.859154929577465,0.972375690607735,0.926315789473684,0.886510014863048,0,88.0597014925373,88.4422110552764,85.9154929577465,97.2375690607735,92.6315789473684,0.869560217439392,0.868305528060737
10,5,0.83,0.880597014925373,0.884422110552764,0.859154929577465,0.972375690607735,0.926315789473684,0.886510014863048,0,88.0597014925373,88.4422110552764,85.9154929577465,97.2375690607735,92.6315789473684,0.869560217439392,0.868305528060737
10,5,0.84,0.880597014925373,0.884422110552764,0.859154929577465,0.972375690607735,0.926315789473684,0.886510014863048,0,88.0597014925373,88.4422110552764,85.9154929577465,97.2375690607735,92.6315789473684,0.869560217439392,0.868305528060737
10,5,0.85,0.880597014925373,0.884422110552764,0.859154929577465,0.972375690607735,0.926315789473684,0.886510014863048,0,88.0597014925373,88.4422110552764,85.9154929577465,97.2375690607735,92.6315789473684,0.869560217439392,0.868305528060737
10,5,0.86,0.880597014925373,0.884422110552764,0.859154929577465,0.972375690607735,0.926315789473684,0.886510014863048,0,88.0597014925373,88.4422110552764,85.9154929577465,97.2375690607735,92.6315789473684,0.869560217439392,0.868305528060737
10,5,0.87,0.880597014925373,0.884422110552764,0.859154929577465,0.972375690607735,0.926315789473684,0.886510014863048,0,88.0597014925373,88.4422110552764,85.9154929577465,97.2375690607735,92.6315789473684,0.869560217439392,0.868305528060737
10,5,0.88,0.880597014925373,0.884422110552764,0.859154929577465,0.972375690607735,0.926315789473684,0.886510014863048,0,88.0597014925373,88.4422110552764,85.9154929577465,97.2375690607735,92.6315789473684,0.869560217439392,0.868305528060737
10,5,0.89,0.880597014925373,0.884422110552764,0.859154929577465,0.972375690607735,0.926315789473684,0.886510014863048,0,88.0597014925373,88.4422110552764,85.9154929577465,97.2375690607735,92.6315789473684,0.869560217439392,0.868305528060737
10,5,0.9,0.880597014925373,0.884422110552764,0.859154929577465,0.972375690607735,0.926315789473684,0.886510014863048,0,88.0597014925373,88.4422110552764,85.9154929577465,97.2375690607735,92.6315789473684,0.869560217439392,0.868305528060737
10,5,0.91,0.880597014925373,0.884422110552764,0.859154929577465,0.972375690607735,0.926315789473684,0.886510014863048,0,88.0597014925373,88.4422110552764,85.9154929577465,97.2375690607735,92.6315789473684,0.869560217439392,0.868305528060737
10,5,0.92,0.880597014925373,0.884422110552764,0.859154929577465,0.972375690607735,0.926315789473684,0.886510014863048,0,88.0597014925373,88.4422110552764,85.9154929577465,97.2375690607735,92.6315789473684,0.869560217439392,0.868305528060737
10,5,0.93,0.880597014925373,0.884422110552764,0.859154929577465,0.972375690607735,0.926315789473684,0.886510014863048,0,88.0597014925373,88.4422110552764,85.9154929577465,97.2375690607735,92.6315789473684,0.869560217439392,0.868305528060737
10,5,0.94,0.880597014925373,0.884422110552764,0.859154929577465,0.972375690607735,0.926315789473684,0.886510014863048,0,88.0597014925373,88.4422110552764,85.9154929577465,97.2375690607735,92.6315789473684,0.869560217439392,0.868305528060737
10,5,0.95,0.880597014925373,0.884422110552764,0.859154929577465,0.972375690607735,0.926315789473684,0.886510014863048,0,88.0597014925373,88.4422110552764,85.9154929577465,97.2375690607735,92.6315789473684,0.869560217439392,0.868305528060737
15,8,0.67,0.880597014925373,0.884422110552764,0.859154929577465,0.972375690607735,0.926315789473684,0.881520277443556,0,88.0597014925373,88.4422110552764,85.9154929577465,97.2375690607735,92.6315789473684,0.869560217439392,0.868305528060737
15,8,0.68,0.880597014925373,0.884422110552764,0.859154929577465,0.972375690607735,0.926315789473684,0.881520277443556,0,88.0597014925373,88.4422110552764,85.9154929577465,97.2375690607735,92.6315789473684,0.869560217439392,0.868305528060737
15,8,0.69,0.880597014925373,0.884422110552764,0.859154929577465,0.972375690607735,0.926315789473684,0.881520277443556,0,88.0597014925373,88.4422110552764,85.9154929577465,97.2375690607735,92.6315789473684,0.869560217439392,0.868305528060737
15,8,0.7,0.880597014925373,0.884422110552764,0.859154929577465,0.972375690607735,0.926315789473684,0.881520277443556,0,88.0597014925373,88.4422110552764,85.9154929577465,97.2375690607735,92.6315789473684,0.869560217439392,0.868305528060737
30,10,0.93,0.880597014925373,0.884422110552764,0.859154929577465,0.972375690607735,0.926315789473684,0.860234269941256,0,88.0597014925373,88.4422110552764,85.9154929577465,97.2375690607735,92.6315789473684,0.869560217439392,0.868305528060737
30,10,0.94,0.880597014925373,0.884422110552764,0.859154929577465,0.972375690607735,0.926315789473684,0.860234269941256,0,88.0597014925373,88.4422110552764,85.9154929577465,97.2375690607735,92.6315789473684,0.869560217439392,0.868305528060737
30,10,0.95,0.880597014925373,0.884422110552764,0.859154929577465,0.972375690607735,0.926315789473684,0.860234269941256,0,88.0597014925373,88.4422110552764,85.9154929577465,97.2375690607735,92.6315789473684,0.869560217439392,0.868305528060737
15,3,0.38,0.916844349680171,0.9321608040201,0.830985915492958,0.968668407310705,0.950064020486556,0.891588222804162,0,91.6844349680171,93.21608040201,83.0985915492958,96.8668407310705,95.0064020486556,0.89109326465909,0.867626757318832
15,3,0.39,0.916844349680171,0.9321608040201,0.830985915492958,0.968668407310705,0.950064020486556,0.891588222804162,0,91.6844349680171,93.21608040201,83.0985915492958,96.8668407310705,95.0064020486556,0.89109326465909,0.867626757318832
15,3,0.4,0.916844349680171,0.9321608040201,0.830985915492958,0.968668407310705,0.950064020486556,0.891588222804162,0,91.6844349680171,93.21608040201,83.0985915492958,96.8668407310705,95.0064020486556,0.89109326465909,0.867626757318832
15,3,0.41,0.916844349680171,0.9321608040201,0.830985915492958,0.968668407310705,0.950064020486556,0.891588222804162,0,91.6844349680171,93.21608040201,83.0985915492958,96.8668407310705,95.0064020486556,0.89109326465909,0.867626757318832
15,3,0.42,0.916844349680171,0.9321608040201,0.830985915492958,0.968668407310705,0.950064020486556,0.891588222804162,0,91.6844349680171,93.21608040201,83.0985915492958,96.8668407310705,95.0064020486556,0.89109326465909,0.867626757318832
15,3,0.43,0.916844349680171,0.9321608040201,0.830985915492958,0.968668407310705,0.950064020486556,0.891588222804162,0,91.6844349680171,93.21608040201,83.0985915492958,96.8668407310705,95.0064020486556,0.89109326465909,0.867626757318832
15,3,0.44,0.916844349680171,0.9321608040201,0.830985915492958,0.968668407310705,0.950064020486556,0.891588222804162,0,91.6844349680171,93.21608040201,83.0985915492958,96.8668407310705,95.0064020486556,0.89109326465909,0.867626757318832
15,3,0.45,0.916844349680171,0.9321608040201,0.830985915492958,0.968668407310705,0.950064020486556,0.891588222804162,0,91.6844349680171,93.21608040201,83.0985915492958,96.8668407310705,95.0064020486556,0.89109326465909,0.867626757318832
15,3,0.46,0.916844349680171,0.9321608040201,0.830985915492958,0.968668407310705,0.950064020486556,0.891588222804162,0,91.6844349680171,93.21608040201,83.0985915492958,96.8668407310705,95.0064020486556,0.89109326465909,0.867626757318832
15,3,0.47,0.916844349680171,0.9321608040201,0.830985915492958,0.968668407310705,0.950064020486556,0.891588222804162,0,91.6844349680171,93.21608040201,83.0985915492958,96.8668407310705,95.0064020486556,0.89109326465909,0.867626757318832
15,3,0.48,0.916844349680171,0.9321608040201,0.830985915492958,0.968668407310705,0.950064020486556,0.891588222804162,0,91.6844349680171,93.21608040201,83.0985915492958,96.8668407310705,95.0064020486556,0.89109326465909,0.867626757318832
15,3,0.49,0.916844349680171,0.9321608040201,0.830985915492958,0.968668407310705,0.950064020486556,0.891588222804162,0,91.6844349680171,93.21608040201,83.0985915492958,96.8668407310705,95.0064020486556,0.89109326465909,0.867626757318832
15,3,0.5,0.916844349680171,0.9321608040201,0.830985915492958,0.968668407310705,0.950064020486556,0.891588222804162,0,91.6844349680171,93.21608040201,83.0985915492958,96.8668407310705,95.0064020486556,0.89109326465909,0.867626757318832
15,3,0.51,0.916844349680171,0.9321608040201,0.830985915492958,0.968668407310705,0.950064020486556,0.891588222804162,0,91.6844349680171,93.21608040201,83.0985915492958,96.8668407310705,95.0064020486556,0.89109326465909,0.867626757318832
15,3,0.52,0.916844349680171,0.9321608040201,0.830985915492958,0.968668407310705,0.950064020486556,0.891588222804162,0,91.6844349680171,93.21608040201,83.0985915492958,96.8668407310705,95.0064020486556,0.89109326465909,0.867626757318832
15,3,0.53,0.916844349680171,0.9321608040201,0.830985915492958,0.968668407310705,0.950064020486556,0.891588222804162,0,91.6844349680171,93.21608040201,83.0985915492958,96.8668407310705,95.0064020486556,0.89109326465909,0.867626757318832
15,3,0.54,0.916844349680171,0.9321608040201,0.830985915492958,0.968668407310705,0.950064020486556,0.891588222804162,0,91.6844349680171,93.21608040201,83.0985915492958,96.8668407310705,95.0064020486556,0.89109326465909,0.867626757318832
15,3,0.55,0.916844349680171,0.9321608040201,0.830985915492958,0.968668407310705,0.950064020486556,0.891588222804162,0,91.6844349680171,93.21608040201,83.0985915492958,96.8668407310705,95.0064020486556,0.89109326465909,0.867626757318832
15,3,0.56,0.916844349680171,0.9321608040201,0.830985915492958,0.968668407310705,0.950064020486556,0.891588222804162,0,91.6844349680171,93.21608040201,83.0985915492958,96.8668407310705,95.0064020486556,0.89109326465909,0.867626757318832
15,3,0.57,0.916844349680171,0.9321608040201,0.830985915492958,0.968668407310705,0.950064020486556,0.891588222804162,0,91.6844349680171,93.21608040201,83.0985915492958,96.8668407310705,95.0064020486556,0.89109326465909,0.867626757318832
15,3,0.58,0.916844349680171,0.9321608040201,0.830985915492958,0.968668407310705,0.950064020486556,0.891588222804162,0,91.6844349680171,93.21608040201,83.0985915492958,96.8668407310705,95.0064020486556,0.89109326465909,0.867626757318832
15,3,0.59,0.916844349680171,0.9321608040201,0.830985915492958,0.968668407310705,0.950064020486556,0.891588222804162,0,91.6844349680171,93.21608040201,83.0985915492958,96.8668407310705,95.0064020486556,0.89109326465909,0.867626757318832
15,3,0.6,0.916844349680171,0.9321608040201,0.830985915492958,0.968668407310705,0.950064020486556,0.891588222804162,0,91.6844349680171,93.21608040201,83.0985915492958,96.8668407310705,95.0064020486556,0.89109326465909,0.867626757318832
15,3,0.61,0.916844349680171,0.9321608040201,0.830985915492958,0.968668407310705,0.950064020486556,0.891588222804162,0,91.6844349680171,93.21608040201,83.0985915492958,96.8668407310705,95.0064020486556,0.89109326465909,0.867626757318832
15,3,0.62,0.916844349680171,0.9321608040201,0.830985915492958,0.968668407310705,0.950064020486556,0.891588222804162,0,91.6844349680171,93.21608040201,83.0985915492958,96.8668407310705,95.0064020486556,0.89109326465909,0.867626757318832
15,3,0.63,0.916844349680171,0.9321608040201,0.830985915492958,0.968668407310705,0.950064020486556,0.891588222804162,0,91.6844349680171,93.21608040201,83.0985915492958,96.8668407310705,95.0064020486556,0.89109326465909,0.867626757318832
15,3,0.64,0.916844349680171,0.9321608040201,0.830985915492958,0.968668407310705,0.950064020486556,0.891588222804162,0,91.6844349680171,93.21608040201,83.0985915492958,96.8668407310705,95.0064020486556,0.89109326465909,0.867626757318832
15,3,0.65,0.916844349680171,0.9321608040201,0.830985915492958,0.968668407310705,0.950064020486556,0.891588222804162,0,91.6844349680171,93.21608040201,83.0985915492958,96.8668407310705,95.0064020486556,0.89109326465909,0.867626757318832
15,3,0.66,0.916844349680171,0.9321608040201,0.830985915492958,0.968668407310705,0.950064020486556,0.891588222804162,0,91.6844349680171,93.21608040201,83.0985915492958,96.8668407310705,95.0064020486556,0.89109326465909,0.867626757318832
15,3,0.67,0.916844349680171,0.9321608040201,0.830985915492958,0.968668407310705,0.950064020486556,0.891588222804162,0,91.6844349680171,93.21608040201,83.0985915492958,96.8668407310705,95.0064020486556,0.89109326465909,0.867626757318832
15,3,0.68,0.916844349680171,0.9321608040201,0.830985915492958,0.968668407310705,0.950064020486556,0.891588222804162,0,91.6844349680171,93.21608040201,83.0985915492958,96.8668407310705,95.0064020486556,0.89109326465909,0.867626757318832
15,3,0.69,0.916844349680171,0.9321608040201,0.830985915492958,0.968668407310705,0.950064020486556,0.891588222804162,0,91.6844349680171,93.21608040201,83.0985915492958,96.8668407310705,95.0064020486556,0.89109326465909,0.867626757318832
15,3,0.7,0.916844349680171,0.9321608040201,0.830985915492958,0.968668407310705,0.950064020486556,0.891588222804162,0,91.6844349680171,93.21608040201,83.0985915492958,96.8668407310705,95.0064020486556,0.89109326465909,0.867626757318832
20,8,0.67,0.897654584221748,0.907035175879397,0.845070422535211,0.970430107526882,0.937662337662338,0.880670960435983,0,89.7654584221748,90.7035175879397,84.5070422535211,97.0430107526882,93.7662337662338,0.887229635998763,0.867511175958473
30,8,0.85,0.878464818763326,0.881909547738693,0.859154929577465,0.972299168975069,0.924901185770751,0.867541935027249,0,87.8464818763326,88.1909547738694,85.9154929577465,97.2299168975069,92.4901185770751,0.864990384687606,0.867395594598114
30,8,0.86,0.878464818763326,0.881909547738693,0.859154929577465,0.972299168975069,0.924901185770751,0.867541935027249,0,87.8464818763326,88.1909547738694,85.9154929577465,97.2299168975069,92.4901185770751,0.864990384687606,0.867395594598114
30,8,0.87,0.878464818763326,0.881909547738693,0.859154929577465,0.972299168975069,0.924901185770751,0.867541935027249,0,87.8464818763326,88.1909547738694,85.9154929577465,97.2299168975069,92.4901185770751,0.864990384687606,0.867395594598114
30,8,0.88,0.878464818763326,0.881909547738693,0.859154929577465,0.972299168975069,0.924901185770751,0.867541935027249,0,87.8464818763326,88.1909547738694,85.9154929577465,97.2299168975069,92.4901185770751,0.864990384687606,0.867395594598114
30,8,0.89,0.878464818763326,0.881909547738693,0.859154929577465,0.972299168975069,0.924901185770751,0.867541935027249,0,87.8464818763326,88.1909547738694,85.9154929577465,97.2299168975069,92.4901185770751,0.864990384687606,0.867395594598114
30,8,0.9,0.878464818763326,0.881909547738693,0.859154929577465,0.972299168975069,0.924901185770751,0.867541935027249,0,87.8464818763326,88.1909547738694,85.9154929577465,97.2299168975069,92.4901185770751,0.864990384687606,0.867395594598114
30,8,0.91,0.878464818763326,0.881909547738693,0.859154929577465,0.972299168975069,0.924901185770751,0.867541935027249,0,87.8464818763326,88.1909547738694,85.9154929577465,97.2299168975069,92.4901185770751,0.864990384687606,0.867395594598114
30,8,0.92,0.878464818763326,0.881909547738693,0.859154929577465,0.972299168975069,0.924901185770751,0.867541935027249,0,87.8464818763326,88.1909547738694,85.9154929577465,97.2299168975069,92.4901185770751,0.864990384687606,0.867395594598114
30,8,0.93,0.878464818763326,0.881909547738693,0.859154929577465,0.972299168975069,0.924901185770751,0.867541935027249,0,87.8464818763326,88.1909547738694,85.9154929577465,97.2299168975069,92.4901185770751,0.864990384687606,0.867395594598114
30,8,0.94,0.878464818763326,0.881909547738693,0.859154929577465,0.972299168975069,0.924901185770751,0.867541935027249,0,87.8464818763326,88.1909547738694,85.9154929577465,97.2299168975069,92.4901185770751,0.864990384687606,0.867395594598114
30,8,0.95,0.878464818763326,0.881909547738693,0.859154929577465,0.972299168975069,0.924901185770751,0.867541935027249,0,87.8464818763326,88.1909547738694,85.9154929577465,97.2299168975069,92.4901185770751,0.864990384687606,0.867395594598114
40,10,0.61,0.878464818763326,0.881909547738693,0.859154929577465,0.972299168975069,0.924901185770751,0.909069997876707,0,87.8464818763326,88.1909547738694,85.9154929577465,97.2299168975069,92.4901185770751,0.864990384687606,0.867395594598114
40,10,0.62,0.878464818763326,0.881909547738693,0.859154929577465,0.972299168975069,0.924901185770751,0.909069997876707,0,87.8464818763326,88.1909547738694,85.9154929577465,97.2299168975069,92.4901185770751,0.864990384687606,0.867395594598114
40,10,0.63,0.878464818763326,0.881909547738693,0.859154929577465,0.972299168975069,0.924901185770751,0.909069997876707,0,87.8464818763326,88.1909547738694,85.9154929577465,97.2299168975069,92.4901185770751,0.864990384687606,0.867395594598114
40,10,0.64,0.878464818763326,0.881909547738693,0.859154929577465,0.972299168975069,0.924901185770751,0.909069997876707,0,87.8464818763326,88.1909547738694,85.9154929577465,97.2299168975069,92.4901185770751,0.864990384687606,0.867395594598114
40,10,0.65,0.878464818763326,0.881909547738693,0.859154929577465,0.972299168975069,0.924901185770751,0.909069997876707,0,87.8464818763326,88.1909547738694,85.9154929577465,97.2299168975069,92.4901185770751,0.864990384687606,0.867395594598114
40,10,0.66,0.878464818763326,0.881909547738693,0.859154929577465,0.972299168975069,0.924901185770751,0.909069997876707,0,87.8464818763326,88.1909547738694,85.9154929577465,97.2299168975069,92.4901185770751,0.864990384687606,0.867395594598114
5,10,0.21,0.876332622601279,0.879396984924623,0.859154929577465,0.972222222222222,0.923482849604222,0.865170925047774,0,87.6332622601279,87.9396984924623,85.9154929577465,97.2222222222222,92.3482849604222,0.860432514848783,0.866485661135492
5,10,0.22,0.876332622601279,0.879396984924623,0.859154929577465,0.972222222222222,0.923482849604222,0.865170925047774,0,87.6332622601279,87.9396984924623,85.9154929577465,97.2222222222222,92.3482849604222,0.860432514848783,0.866485661135492
15,10,0.87,0.891257995735608,0.899497487437186,0.845070422535211,0.970189701897019,0.933507170795306,0.850042465850379,0,89.1257995735608,89.9497487437186,84.5070422535211,97.0189701897019,93.3507170795306,0.880415482329826,0.864781375570607
15,10,0.88,0.891257995735608,0.899497487437186,0.845070422535211,0.970189701897019,0.933507170795306,0.850042465850379,0,89.1257995735608,89.9497487437186,84.5070422535211,97.0189701897019,93.3507170795306,0.880415482329826,0.864781375570607
15,10,0.89,0.891257995735608,0.899497487437186,0.845070422535211,0.970189701897019,0.933507170795306,0.850042465850379,0,89.1257995735608,89.9497487437186,84.5070422535211,97.0189701897019,93.3507170795306,0.880415482329826,0.864781375570607
5,10,0.23,0.872068230277185,0.874371859296482,0.859154929577465,0.972067039106145,0.920634920634921,0.865170925047774,0,87.2068230277186,87.4371859296482,85.9154929577465,97.2067039106145,92.0634920634921,0.851352663910024,0.864665794210248
5,10,0.24,0.872068230277185,0.874371859296482,0.859154929577465,0.972067039106145,0.920634920634921,0.865170925047774,0,87.2068230277186,87.4371859296482,85.9154929577465,97.2067039106145,92.0634920634921,0.851352663910024,0.864665794210248
5,10,0.25,0.872068230277185,0.874371859296482,0.859154929577465,0.972067039106145,0.920634920634921,0.865170925047774,0,87.2068230277186,87.4371859296482,85.9154929577465,97.2067039106145,92.0634920634921,0.851352663910024,0.864665794210248
5,10,0.26,0.872068230277185,0.874371859296482,0.859154929577465,0.972067039106145,0.920634920634921,0.865170925047774,0,87.2068230277186,87.4371859296482,85.9154929577465,97.2067039106145,92.0634920634921,0.851352663910024,0.864665794210248
5,10,0.27,0.872068230277185,0.874371859296482,0.859154929577465,0.972067039106145,0.920634920634921,0.865170925047774,0,87.2068230277186,87.4371859296482,85.9154929577465,97.2067039106145,92.0634920634921,0.851352663910024,0.864665794210248
5,10,0.28,0.872068230277185,0.874371859296482,0.859154929577465,0.972067039106145,0.920634920634921,0.865170925047774,0,87.2068230277186,87.4371859296482,85.9154929577465,97.2067039106145,92.0634920634921,0.851352663910024,0.864665794210248
5,10,0.29,0.872068230277185,0.874371859296482,0.859154929577465,0.972067039106145,0.920634920634921,0.865170925047774,0,87.2068230277186,87.4371859296482,85.9154929577465,97.2067039106145,92.0634920634921,0.851352663910024,0.864665794210248
5,10,0.3,0.872068230277185,0.874371859296482,0.859154929577465,0.972067039106145,0.920634920634921,0.865170925047774,0,87.2068230277186,87.4371859296482,85.9154929577465,97.2067039106145,92.0634920634921,0.851352663910024,0.864665794210248
5,10,0.31,0.872068230277185,0.874371859296482,0.859154929577465,0.972067039106145,0.920634920634921,0.865170925047774,0,87.2068230277186,87.4371859296482,85.9154929577465,97.2067039106145,92.0634920634921,0.851352663910024,0.864665794210248
5,10,0.32,0.872068230277185,0.874371859296482,0.859154929577465,0.972067039106145,0.920634920634921,0.865170925047774,0,87.2068230277186,87.4371859296482,85.9154929577465,97.2067039106145,92.0634920634921,0.851352663910024,0.864665794210248
5,10,0.33,0.872068230277185,0.874371859296482,0.859154929577465,0.972067039106145,0.920634920634921,0.865170925047774,0,87.2068230277186,87.4371859296482,85.9154929577465,97.2067039106145,92.0634920634921,0.851352663910024,0.864665794210248
5,10,0.34,0.872068230277185,0.874371859296482,0.859154929577465,0.972067039106145,0.920634920634921,0.865170925047774,0,87.2068230277186,87.4371859296482,85.9154929577465,97.2067039106145,92.0634920634921,0.851352663910024,0.864665794210248
5,10,0.35,0.872068230277185,0.874371859296482,0.859154929577465,0.972067039106145,0.920634920634921,0.865170925047774,0,87.2068230277186,87.4371859296482,85.9154929577465,97.2067039106145,92.0634920634921,0.851352663910024,0.864665794210248
5,10,0.36,0.872068230277185,0.874371859296482,0.859154929577465,0.972067039106145,0.920634920634921,0.865170925047774,0,87.2068230277186,87.4371859296482,85.9154929577465,97.2067039106145,92.0634920634921,0.851352663910024,0.864665794210248
5,10,0.37,0.872068230277185,0.874371859296482,0.859154929577465,0.972067039106145,0.920634920634921,0.865170925047774,0,87.2068230277186,87.4371859296482,85.9154929577465,97.2067039106145,92.0634920634921,0.851352663910024,0.864665794210248
5,10,0.38,0.872068230277185,0.874371859296482,0.859154929577465,0.972067039106145,0.920634920634921,0.865170925047774,0,87.2068230277186,87.4371859296482,85.9154929577465,97.2067039106145,92.0634920634921,0.851352663910024,0.864665794210248
5,10,0.39,0.872068230277185,0.874371859296482,0.859154929577465,0.972067039106145,0.920634920634921,0.865170925047774,0,87.2068230277186,87.4371859296482,85.9154929577465,97.2067039106145,92.0634920634921,0.851352663910024,0.864665794210248
5,10,0.4,0.872068230277185,0.874371859296482,0.859154929577465,0.972067039106145,0.920634920634921,0.865170925047774,0,87.2068230277186,87.4371859296482,85.9154929577465,97.2067039106145,92.0634920634921,0.851352663910024,0.864665794210248
5,10,0.41,0.872068230277185,0.874371859296482,0.859154929577465,0.972067039106145,0.920634920634921,0.865170925047774,0,87.2068230277186,87.4371859296482,85.9154929577465,97.2067039106145,92.0634920634921,0.851352663910024,0.864665794210248
5,10,0.42,0.872068230277185,0.874371859296482,0.859154929577465,0.972067039106145,0.920634920634921,0.865170925047774,0,87.2068230277186,87.4371859296482,85.9154929577465,97.2067039106145,92.0634920634921,0.851352663910024,0.864665794210248
5,10,0.43,0.872068230277185,0.874371859296482,0.859154929577465,0.972067039106145,0.920634920634921,0.865170925047774,0,87.2068230277186,87.4371859296482,85.9154929577465,97.2067039106145,92.0634920634921,0.851352663910024,0.864665794210248
5,10,0.44,0.872068230277185,0.874371859296482,0.859154929577465,0.972067039106145,0.920634920634921,0.865170925047774,0,87.2068230277186,87.4371859296482,85.9154929577465,97.2067039106145,92.0634920634921,0.851352663910024,0.864665794210248
5,10,0.45,0.872068230277185,0.874371859296482,0.859154929577465,0.972067039106145,0.920634920634921,0.865170925047774,0,87.2068230277186,87.4371859296482,85.9154929577465,97.2067039106145,92.0634920634921,0.851352663910024,0.864665794210248
5,10,0.46,0.872068230277185,0.874371859296482,0.859154929577465,0.972067039106145,0.920634920634921,0.865170925047774,0,87.2068230277186,87.4371859296482,85.9154929577465,97.2067039106145,92.0634920634921,0.851352663910024,0.864665794210248
5,10,0.47,0.872068230277185,0.874371859296482,0.859154929577465,0.972067039106145,0.920634920634921,0.865170925047774,0,87.2068230277186,87.4371859296482,85.9154929577465,97.2067039106145,92.0634920634921,0.851352663910024,0.864665794210248
5,10,0.48,0.872068230277185,0.874371859296482,0.859154929577465,0.972067039106145,0.920634920634921,0.865170925047774,0,87.2068230277186,87.4371859296482,85.9154929577465,97.2067039106145,92.0634920634921,0.851352663910024,0.864665794210248
5,10,0.49,0.872068230277185,0.874371859296482,0.859154929577465,0.972067039106145,0.920634920634921,0.865170925047774,0,87.2068230277186,87.4371859296482,85.9154929577465,97.2067039106145,92.0634920634921,0.851352663910024,0.864665794210248
5,10,0.5,0.872068230277185,0.874371859296482,0.859154929577465,0.972067039106145,0.920634920634921,0.865170925047774,0,87.2068230277186,87.4371859296482,85.9154929577465,97.2067039106145,92.0634920634921,0.851352663910024,0.864665794210248
5,10,0.51,0.872068230277185,0.874371859296482,0.859154929577465,0.972067039106145,0.920634920634921,0.865170925047774,0,87.2068230277186,87.4371859296482,85.9154929577465,97.2067039106145,92.0634920634921,0.851352663910024,0.864665794210248
5,10,0.52,0.872068230277185,0.874371859296482,0.859154929577465,0.972067039106145,0.920634920634921,0.865170925047774,0,87.2068230277186,87.4371859296482,85.9154929577465,97.2067039106145,92.0634920634921,0.851352663910024,0.864665794210248
5,10,0.53,0.872068230277185,0.874371859296482,0.859154929577465,0.972067039106145,0.920634920634921,0.865170925047774,0,87.2068230277186,87.4371859296482,85.9154929577465,97.2067039106145,92.0634920634921,0.851352663910024,0.864665794210248
5,10,0.54,0.872068230277185,0.874371859296482,0.859154929577465,0.972067039106145,0.920634920634921,0.865170925047774,0,87.2068230277186,87.4371859296482,85.9154929577465,97.2067039106145,92.0634920634921,0.851352663910024,0.864665794210248
5,10,0.55,0.872068230277185,0.874371859296482,0.859154929577465,0.972067039106145,0.920634920634921,0.865170925047774,0,87.2068230277186,87.4371859296482,85.9154929577465,97.2067039106145,92.0634920634921,0.851352663910024,0.864665794210248
5,10,0.56,0.872068230277185,0.874371859296482,0.859154929577465,0.972067039106145,0.920634920634921,0.865170925047774,0,87.2068230277186,87.4371859296482,85.9154929577465,97.2067039106145,92.0634920634921,0.851352663910024,0.864665794210248
5,10,0.57,0.872068230277185,0.874371859296482,0.859154929577465,0.972067039106145,0.920634920634921,0.865170925047774,0,87.2068230277186,87.4371859296482,85.9154929577465,97.2067039106145,92.0634920634921,0.851352663910024,0.864665794210248
5,10,0.58,0.872068230277185,0.874371859296482,0.859154929577465,0.972067039106145,0.920634920634921,0.865170925047774,0,87.2068230277186,87.4371859296482,85.9154929577465,97.2067039106145,92.0634920634921,0.851352663910024,0.864665794210248
5,10,0.59,0.872068230277185,0.874371859296482,0.859154929577465,0.972067039106145,0.920634920634921,0.865170925047774,0,87.2068230277186,87.4371859296482,85.9154929577465,97.2067039106145,92.0634920634921,0.851352663910024,0.864665794210248
5,10,0.6,0.872068230277185,0.874371859296482,0.859154929577465,0.972067039106145,0.920634920634921,0.865170925047774,0,87.2068230277186,87.4371859296482,85.9154929577465,97.2067039106145,92.0634920634921,0.851352663910024,0.864665794210248
5,10,0.61,0.872068230277185,0.874371859296482,0.859154929577465,0.972067039106145,0.920634920634921,0.865170925047774,0,87.2068230277186,87.4371859296482,85.9154929577465,97.2067039106145,92.0634920634921,0.851352663910024,0.864665794210248
5,10,0.62,0.872068230277185,0.874371859296482,0.859154929577465,0.972067039106145,0.920634920634921,0.865170925047774,0,87.2068230277186,87.4371859296482,85.9154929577465,97.2067039106145,92.0634920634921,0.851352663910024,0.864665794210248
5,10,0.63,0.872068230277185,0.874371859296482,0.859154929577465,0.972067039106145,0.920634920634921,0.865170925047774,0,87.2068230277186,87.4371859296482,85.9154929577465,97.2067039106145,92.0634920634921,0.851352663910024,0.864665794210248
5,10,0.64,0.872068230277185,0.874371859296482,0.859154929577465,0.972067039106145,0.920634920634921,0.865170925047774,0,87.2068230277186,87.4371859296482,85.9154929577465,97.2067039106145,92.0634920634921,0.851352663910024,0.864665794210248
5,10,0.65,0.869936034115139,0.871859296482412,0.859154929577465,0.971988795518207,0.919205298013245,0.865170925047774,0,86.9936034115139,87.1859296482412,85.9154929577465,97.1988795518207,91.9205298013245,0.846830682810089,0.863755860747625
5,10,0.66,0.869936034115139,0.871859296482412,0.859154929577465,0.971988795518207,0.919205298013245,0.865170925047774,0,86.9936034115139,87.1859296482412,85.9154929577465,97.1988795518207,91.9205298013245,0.846830682810089,0.863755860747625
5,10,0.67,0.869936034115139,0.871859296482412,0.859154929577465,0.971988795518207,0.919205298013245,0.865170925047774,0,86.9936034115139,87.1859296482412,85.9154929577465,97.1988795518207,91.9205298013245,0.846830682810089,0.863755860747625
5,10,0.68,0.869936034115139,0.871859296482412,0.859154929577465,0.971988795518207,0.919205298013245,0.865170925047774,0,86.9936034115139,87.1859296482412,85.9154929577465,97.1988795518207,91.9205298013245,0.846830682810089,0.863755860747625
5,10,0.69,0.869936034115139,0.871859296482412,0.859154929577465,0.971988795518207,0.919205298013245,0.865170925047774,0,86.9936034115139,87.1859296482412,85.9154929577465,97.1988795518207,91.9205298013245,0.846830682810089,0.863755860747625
5,10,0.7,0.869936034115139,0.871859296482412,0.859154929577465,0.971988795518207,0.919205298013245,0.865170925047774,0,86.9936034115139,87.1859296482412,85.9154929577465,97.1988795518207,91.9205298013245,0.846830682810089,0.863755860747625
5,10,0.71,0.869936034115139,0.871859296482412,0.859154929577465,0.971988795518207,0.919205298013245,0.865170925047774,0,86.9936034115139,87.1859296482412,85.9154929577465,97.1988795518207,91.9205298013245,0.846830682810089,0.863755860747625
5,10,0.72,0.869936034115139,0.871859296482412,0.859154929577465,0.971988795518207,0.919205298013245,0.865170925047774,0,86.9936034115139,87.1859296482412,85.9154929577465,97.1988795518207,91.9205298013245,0.846830682810089,0.863755860747625
5,3,0.17,0.865671641791045,0.866834170854271,0.859154929577465,0.971830985915493,0.916334661354582,0.883095052728431,0,86.5671641791045,86.6834170854271,85.9154929577465,97.1830985915493,91.6334661354582,0.837822609349106,0.861935993822381
5,3,0.18,0.865671641791045,0.866834170854271,0.859154929577465,0.971830985915493,0.916334661354582,0.883095052728431,0,86.5671641791045,86.6834170854271,85.9154929577465,97.1830985915493,91.6334661354582,0.837822609349106,0.861935993822381
5,3,0.19,0.865671641791045,0.866834170854271,0.859154929577465,0.971830985915493,0.916334661354582,0.883095052728431,0,86.5671641791045,86.6834170854271,85.9154929577465,97.1830985915493,91.6334661354582,0.837822609349106,0.861935993822381
5,3,0.2,0.865671641791045,0.866834170854271,0.859154929577465,0.971830985915493,0.916334661354582,0.883095052728431,0,86.5671641791045,86.6834170854271,85.9154929577465,97.1830985915493,91.6334661354582,0.837822609349106,0.861935993822381
5,3,0.21,0.865671641791045,0.866834170854271,0.859154929577465,0.971830985915493,0.916334661354582,0.883095052728431,0,86.5671641791045,86.6834170854271,85.9154929577465,97.1830985915493,91.6334661354582,0.837822609349106,0.861935993822381
5,3,0.22,0.865671641791045,0.866834170854271,0.859154929577465,0.971830985915493,0.916334661354582,0.883095052728431,0,86.5671641791045,86.6834170854271,85.9154929577465,97.1830985915493,91.6334661354582,0.837822609349106,0.861935993822381
15,1,0.13,0.921108742004264,0.939698492462312,0.816901408450704,0.96640826873385,0.952866242038217,0.872708613489985,0,92.1108742004264,93.9698492462311,81.6901408450704,96.640826873385,95.2866242038217,0.880064361028702,0.861372804440835
15,1,0.14,0.921108742004264,0.939698492462312,0.816901408450704,0.96640826873385,0.952866242038217,0.872708613489985,0,92.1108742004264,93.9698492462311,81.6901408450704,96.640826873385,95.2866242038217,0.880064361028702,0.861372804440835
15,1,0.15,0.921108742004264,0.939698492462312,0.816901408450704,0.96640826873385,0.952866242038217,0.872708613489985,0,92.1108742004264,93.9698492462311,81.6901408450704,96.640826873385,95.2866242038217,0.880064361028702,0.861372804440835
15,1,0.16,0.921108742004264,0.939698492462312,0.816901408450704,0.96640826873385,0.952866242038217,0.872708613489985,0,92.1108742004264,93.9698492462311,81.6901408450704,96.640826873385,95.2866242038217,0.880064361028702,0.861372804440835
15,1,0.17,0.921108742004264,0.939698492462312,0.816901408450704,0.96640826873385,0.952866242038217,0.872708613489985,0,92.1108742004264,93.9698492462311,81.6901408450704,96.640826873385,95.2866242038217,0.880064361028702,0.861372804440835
15,1,0.18,0.921108742004264,0.939698492462312,0.816901408450704,0.96640826873385,0.952866242038217,0.872708613489985,0,92.1108742004264,93.9698492462311,81.6901408450704,96.640826873385,95.2866242038217,0.880064361028702,0.861372804440835
15,1,0.19,0.921108742004264,0.939698492462312,0.816901408450704,0.96640826873385,0.952866242038217,0.872708613489985,0,92.1108742004264,93.9698492462311,81.6901408450704,96.640826873385,95.2866242038217,0.880064361028702,0.861372804440835
15,1,0.2,0.921108742004264,0.939698492462312,0.816901408450704,0.96640826873385,0.952866242038217,0.872708613489985,0,92.1108742004264,93.9698492462311,81.6901408450704,96.640826873385,95.2866242038217,0.880064361028702,0.861372804440835
15,1,0.21,0.921108742004264,0.939698492462312,0.816901408450704,0.96640826873385,0.952866242038217,0.872708613489985,0,92.1108742004264,93.9698492462311,81.6901408450704,96.640826873385,95.2866242038217,0.880064361028702,0.861372804440835
15,1,0.22,0.921108742004264,0.939698492462312,0.816901408450704,0.96640826873385,0.952866242038217,0.872708613489985,0,92.1108742004264,93.9698492462311,81.6901408450704,96.640826873385,95.2866242038217,0.880064361028702,0.861372804440835
15,1,0.23,0.921108742004264,0.939698492462312,0.816901408450704,0.96640826873385,0.952866242038217,0.872708613489985,0,92.1108742004264,93.9698492462311,81.6901408450704,96.640826873385,95.2866242038217,0.880064361028702,0.861372804440835
15,1,0.24,0.921108742004264,0.939698492462312,0.816901408450704,0.96640826873385,0.952866242038217,0.872708613489985,0,92.1108742004264,93.9698492462311,81.6901408450704,96.640826873385,95.2866242038217,0.880064361028702,0.861372804440835
15,1,0.25,0.921108742004264,0.939698492462312,0.816901408450704,0.96640826873385,0.952866242038217,0.872708613489985,0,92.1108742004264,93.9698492462311,81.6901408450704,96.640826873385,95.2866242038217,0.880064361028702,0.861372804440835
15,1,0.26,0.921108742004264,0.939698492462312,0.816901408450704,0.96640826873385,0.952866242038217,0.872708613489985,0,92.1108742004264,93.9698492462311,81.6901408450704,96.640826873385,95.2866242038217,0.880064361028702,0.861372804440835
15,1,0.27,0.921108742004264,0.939698492462312,0.816901408450704,0.96640826873385,0.952866242038217,0.872708613489985,0,92.1108742004264,93.9698492462311,81.6901408450704,96.640826873385,95.2866242038217,0.880064361028702,0.861372804440835
15,1,0.28,0.921108742004264,0.939698492462312,0.816901408450704,0.96640826873385,0.952866242038217,0.872708613489985,0,92.1108742004264,93.9698492462311,81.6901408450704,96.640826873385,95.2866242038217,0.880064361028702,0.861372804440835
15,1,0.29,0.921108742004264,0.939698492462312,0.816901408450704,0.96640826873385,0.952866242038217,0.872708613489985,0,92.1108742004264,93.9698492462311,81.6901408450704,96.640826873385,95.2866242038217,0.880064361028702,0.861372804440835
15,1,0.3,0.921108742004264,0.939698492462312,0.816901408450704,0.96640826873385,0.952866242038217,0.872708613489985,0,92.1108742004264,93.9698492462311,81.6901408450704,96.640826873385,95.2866242038217,0.880064361028702,0.861372804440835
15,1,0.31,0.921108742004264,0.939698492462312,0.816901408450704,0.96640826873385,0.952866242038217,0.872708613489985,0,92.1108742004264,93.9698492462311,81.6901408450704,96.640826873385,95.2866242038217,0.880064361028702,0.861372804440835
15,1,0.32,0.921108742004264,0.939698492462312,0.816901408450704,0.96640826873385,0.952866242038217,0.872708613489985,0,92.1108742004264,93.9698492462311,81.6901408450704,96.640826873385,95.2866242038217,0.880064361028702,0.861372804440835
20,8,0.55,0.901918976545842,0.914572864321608,0.830985915492958,0.968085106382979,0.940568475452196,0.880670960435983,0,90.1918976545842,91.4572864321608,83.0985915492958,96.8085106382979,94.0568475452196,0.876587095234407,0.861257223080476
20,8,0.56,0.901918976545842,0.914572864321608,0.830985915492958,0.968085106382979,0.940568475452196,0.880670960435983,0,90.1918976545842,91.4572864321608,83.0985915492958,96.8085106382979,94.0568475452196,0.876587095234407,0.861257223080476
20,8,0.57,0.901918976545842,0.914572864321608,0.830985915492958,0.968085106382979,0.940568475452196,0.880670960435983,0,90.1918976545842,91.4572864321608,83.0985915492958,96.8085106382979,94.0568475452196,0.876587095234407,0.861257223080476
20,8,0.58,0.901918976545842,0.914572864321608,0.830985915492958,0.968085106382979,0.940568475452196,0.880670960435983,0,90.1918976545842,91.4572864321608,83.0985915492958,96.8085106382979,94.0568475452196,0.876587095234407,0.861257223080476
20,8,0.59,0.901918976545842,0.914572864321608,0.830985915492958,0.968085106382979,0.940568475452196,0.880670960435983,0,90.1918976545842,91.4572864321608,83.0985915492958,96.8085106382979,94.0568475452196,0.876587095234407,0.861257223080476
20,8,0.6,0.901918976545842,0.914572864321608,0.830985915492958,0.968085106382979,0.940568475452196,0.880670960435983,0,90.1918976545842,91.4572864321608,83.0985915492958,96.8085106382979,94.0568475452196,0.876587095234407,0.861257223080476
20,8,0.61,0.901918976545842,0.914572864321608,0.830985915492958,0.968085106382979,0.940568475452196,0.880670960435983,0,90.1918976545842,91.4572864321608,83.0985915492958,96.8085106382979,94.0568475452196,0.876587095234407,0.861257223080476
15,10,0.9,0.88272921108742,0.889447236180904,0.845070422535211,0.96986301369863,0.927916120576671,0.850042465850379,0,88.272921108742,88.9447236180904,84.5070422535211,96.986301369863,92.7916120576671,0.862247543692564,0.861141641720117
15,10,0.91,0.88272921108742,0.889447236180904,0.845070422535211,0.96986301369863,0.927916120576671,0.850042465850379,0,88.272921108742,88.9447236180904,84.5070422535211,96.986301369863,92.7916120576671,0.862247543692564,0.861141641720117
15,10,0.92,0.88272921108742,0.889447236180904,0.845070422535211,0.96986301369863,0.927916120576671,0.850042465850379,0,88.272921108742,88.9447236180904,84.5070422535211,96.986301369863,92.7916120576671,0.862247543692564,0.861141641720117
15,10,0.93,0.88272921108742,0.889447236180904,0.845070422535211,0.96986301369863,0.927916120576671,0.850042465850379,0,88.272921108742,88.9447236180904,84.5070422535211,96.986301369863,92.7916120576671,0.862247543692564,0.861141641720117
15,10,0.94,0.88272921108742,0.889447236180904,0.845070422535211,0.96986301369863,0.927916120576671,0.850042465850379,0,88.272921108742,88.9447236180904,84.5070422535211,96.986301369863,92.7916120576671,0.862247543692564,0.861141641720117
15,10,0.95,0.88272921108742,0.889447236180904,0.845070422535211,0.96986301369863,0.927916120576671,0.850042465850379,0,88.272921108742,88.9447236180904,84.5070422535211,96.986301369863,92.7916120576671,0.862247543692564,0.861141641720117
40,8,0.83,0.88272921108742,0.889447236180904,0.845070422535211,0.96986301369863,0.927916120576671,0.878176091726237,0,88.272921108742,88.9447236180904,84.5070422535211,96.986301369863,92.7916120576671,0.862247543692564,0.861141641720117
40,8,0.84,0.88272921108742,0.889447236180904,0.845070422535211,0.96986301369863,0.927916120576671,0.878176091726237,0,88.272921108742,88.9447236180904,84.5070422535211,96.986301369863,92.7916120576671,0.862247543692564,0.861141641720117
40,8,0.85,0.88272921108742,0.889447236180904,0.845070422535211,0.96986301369863,0.927916120576671,0.878176091726237,0,88.272921108742,88.9447236180904,84.5070422535211,96.986301369863,92.7916120576671,0.862247543692564,0.861141641720117
40,8,0.86,0.88272921108742,0.889447236180904,0.845070422535211,0.96986301369863,0.927916120576671,0.878176091726237,0,88.272921108742,88.9447236180904,84.5070422535211,96.986301369863,92.7916120576671,0.862247543692564,0.861141641720117
40,8,0.87,0.88272921108742,0.889447236180904,0.845070422535211,0.96986301369863,0.927916120576671,0.878176091726237,0,88.272921108742,88.9447236180904,84.5070422535211,96.986301369863,92.7916120576671,0.862247543692564,0.861141641720117
40,8,0.88,0.88272921108742,0.889447236180904,0.845070422535211,0.96986301369863,0.927916120576671,0.878176091726237,0,88.272921108742,88.9447236180904,84.5070422535211,96.986301369863,92.7916120576671,0.862247543692564,0.861141641720117
40,8,0.89,0.88272921108742,0.889447236180904,0.845070422535211,0.96986301369863,0.927916120576671,0.878176091726237,0,88.272921108742,88.9447236180904,84.5070422535211,96.986301369863,92.7916120576671,0.862247543692564,0.861141641720117
40,8,0.9,0.88272921108742,0.889447236180904,0.845070422535211,0.96986301369863,0.927916120576671,0.878176091726237,0,88.272921108742,88.9447236180904,84.5070422535211,96.986301369863,92.7916120576671,0.862247543692564,0.861141641720117
40,8,0.91,0.88272921108742,0.889447236180904,0.845070422535211,0.96986301369863,0.927916120576671,0.878176091726237,0,88.272921108742,88.9447236180904,84.5070422535211,96.986301369863,92.7916120576671,0.862247543692564,0.861141641720117
40,8,0.92,0.88272921108742,0.889447236180904,0.845070422535211,0.96986301369863,0.927916120576671,0.878176091726237,0,88.272921108742,88.9447236180904,84.5070422535211,96.986301369863,92.7916120576671,0.862247543692564,0.861141641720117
40,8,0.93,0.88272921108742,0.889447236180904,0.845070422535211,0.96986301369863,0.927916120576671,0.878176091726237,0,88.272921108742,88.9447236180904,84.5070422535211,96.986301369863,92.7916120576671,0.862247543692564,0.861141641720117
40,8,0.94,0.88272921108742,0.889447236180904,0.845070422535211,0.96986301369863,0.927916120576671,0.878176091726237,0,88.272921108742,88.9447236180904,84.5070422535211,96.986301369863,92.7916120576671,0.862247543692564,0.861141641720117
40,8,0.95,0.88272921108742,0.889447236180904,0.845070422535211,0.96986301369863,0.927916120576671,0.878176091726237,0,88.272921108742,88.9447236180904,84.5070422535211,96.986301369863,92.7916120576671,0.862247543692564,0.861141641720117
15,1,0.33,0.918976545842217,0.937185929648241,0.816901408450704,0.966321243523316,0.951530612244898,0.872708613489985,0,91.8976545842217,93.7185929648241,81.6901408450704,96.6321243523316,95.1530612244898,0.878027175007802,0.860462870978213
15,1,0.34,0.918976545842217,0.937185929648241,0.816901408450704,0.966321243523316,0.951530612244898,0.872708613489985,0,91.8976545842217,93.7185929648241,81.6901408450704,96.6321243523316,95.1530612244898,0.878027175007802,0.860462870978213
15,1,0.35,0.918976545842217,0.937185929648241,0.816901408450704,0.966321243523316,0.951530612244898,0.872708613489985,0,91.8976545842217,93.7185929648241,81.6901408450704,96.6321243523316,95.1530612244898,0.878027175007802,0.860462870978213
15,1,0.36,0.918976545842217,0.937185929648241,0.816901408450704,0.966321243523316,0.951530612244898,0.872708613489985,0,91.8976545842217,93.7185929648241,81.6901408450704,96.6321243523316,95.1530612244898,0.878027175007802,0.860462870978213
15,1,0.37,0.918976545842217,0.937185929648241,0.816901408450704,0.966321243523316,0.951530612244898,0.872708613489985,0,91.8976545842217,93.7185929648241,81.6901408450704,96.6321243523316,95.1530612244898,0.878027175007802,0.860462870978213
15,1,0.38,0.918976545842217,0.937185929648241,0.816901408450704,0.966321243523316,0.951530612244898,0.872708613489985,0,91.8976545842217,93.7185929648241,81.6901408450704,96.6321243523316,95.1530612244898,0.878027175007802,0.860462870978213
15,1,0.39,0.918976545842217,0.937185929648241,0.816901408450704,0.966321243523316,0.951530612244898,0.872708613489985,0,91.8976545842217,93.7185929648241,81.6901408450704,96.6321243523316,95.1530612244898,0.878027175007802,0.860462870978213
15,1,0.4,0.918976545842217,0.937185929648241,0.816901408450704,0.966321243523316,0.951530612244898,0.872708613489985,0,91.8976545842217,93.7185929648241,81.6901408450704,96.6321243523316,95.1530612244898,0.878027175007802,0.860462870978213
15,1,0.41,0.918976545842217,0.937185929648241,0.816901408450704,0.966321243523316,0.951530612244898,0.872708613489985,0,91.8976545842217,93.7185929648241,81.6901408450704,96.6321243523316,95.1530612244898,0.878027175007802,0.860462870978213
15,1,0.42,0.918976545842217,0.937185929648241,0.816901408450704,0.966321243523316,0.951530612244898,0.872708613489985,0,91.8976545842217,93.7185929648241,81.6901408450704,96.6321243523316,95.1530612244898,0.878027175007802,0.860462870978213
15,1,0.43,0.918976545842217,0.937185929648241,0.816901408450704,0.966321243523316,0.951530612244898,0.872708613489985,0,91.8976545842217,93.7185929648241,81.6901408450704,96.6321243523316,95.1530612244898,0.878027175007802,0.860462870978213
15,1,0.44,0.918976545842217,0.937185929648241,0.816901408450704,0.966321243523316,0.951530612244898,0.872708613489985,0,91.8976545842217,93.7185929648241,81.6901408450704,96.6321243523316,95.1530612244898,0.878027175007802,0.860462870978213
15,1,0.45,0.918976545842217,0.937185929648241,0.816901408450704,0.966321243523316,0.951530612244898,0.872708613489985,0,91.8976545842217,93.7185929648241,81.6901408450704,96.6321243523316,95.1530612244898,0.878027175007802,0.860462870978213
15,1,0.46,0.918976545842217,0.937185929648241,0.816901408450704,0.966321243523316,0.951530612244898,0.872708613489985,0,91.8976545842217,93.7185929648241,81.6901408450704,96.6321243523316,95.1530612244898,0.878027175007802,0.860462870978213
15,1,0.47,0.918976545842217,0.937185929648241,0.816901408450704,0.966321243523316,0.951530612244898,0.872708613489985,0,91.8976545842217,93.7185929648241,81.6901408450704,96.6321243523316,95.1530612244898,0.878027175007802,0.860462870978213
15,1,0.48,0.918976545842217,0.937185929648241,0.816901408450704,0.966321243523316,0.951530612244898,0.872708613489985,0,91.8976545842217,93.7185929648241,81.6901408450704,96.6321243523316,95.1530612244898,0.878027175007802,0.860462870978213
15,1,0.49,0.918976545842217,0.937185929648241,0.816901408450704,0.966321243523316,0.951530612244898,0.872708613489985,0,91.8976545842217,93.7185929648241,81.6901408450704,96.6321243523316,95.1530612244898,0.878027175007802,0.860462870978213
15,1,0.5,0.918976545842217,0.937185929648241,0.816901408450704,0.966321243523316,0.951530612244898,0.872708613489985,0,91.8976545842217,93.7185929648241,81.6901408450704,96.6321243523316,95.1530612244898,0.878027175007802,0.860462870978213
15,1,0.51,0.918976545842217,0.937185929648241,0.816901408450704,0.966321243523316,0.951530612244898,0.872708613489985,0,91.8976545842217,93.7185929648241,81.6901408450704,96.6321243523316,95.1530612244898,0.878027175007802,0.860462870978213
15,1,0.52,0.918976545842217,0.937185929648241,0.816901408450704,0.966321243523316,0.951530612244898,0.872708613489985,0,91.8976545842217,93.7185929648241,81.6901408450704,96.6321243523316,95.1530612244898,0.878027175007802,0.860462870978213
15,1,0.53,0.918976545842217,0.937185929648241,0.816901408450704,0.966321243523316,0.951530612244898,0.872708613489985,0,91.8976545842217,93.7185929648241,81.6901408450704,96.6321243523316,95.1530612244898,0.878027175007802,0.860462870978213
15,1,0.54,0.918976545842217,0.937185929648241,0.816901408450704,0.966321243523316,0.951530612244898,0.872708613489985,0,91.8976545842217,93.7185929648241,81.6901408450704,96.6321243523316,95.1530612244898,0.878027175007802,0.860462870978213
15,1,0.55,0.918976545842217,0.937185929648241,0.816901408450704,0.966321243523316,0.951530612244898,0.872708613489985,0,91.8976545842217,93.7185929648241,81.6901408450704,96.6321243523316,95.1530612244898,0.878027175007802,0.860462870978213
15,1,0.56,0.918976545842217,0.937185929648241,0.816901408450704,0.966321243523316,0.951530612244898,0.872708613489985,0,91.8976545842217,93.7185929648241,81.6901408450704,96.6321243523316,95.1530612244898,0.878027175007802,0.860462870978213
15,1,0.57,0.918976545842217,0.937185929648241,0.816901408450704,0.966321243523316,0.951530612244898,0.872708613489985,0,91.8976545842217,93.7185929648241,81.6901408450704,96.6321243523316,95.1530612244898,0.878027175007802,0.860462870978213
15,1,0.58,0.918976545842217,0.937185929648241,0.816901408450704,0.966321243523316,0.951530612244898,0.872708613489985,0,91.8976545842217,93.7185929648241,81.6901408450704,96.6321243523316,95.1530612244898,0.878027175007802,0.860462870978213
15,1,0.59,0.918976545842217,0.937185929648241,0.816901408450704,0.966321243523316,0.951530612244898,0.872708613489985,0,91.8976545842217,93.7185929648241,81.6901408450704,96.6321243523316,95.1530612244898,0.878027175007802,0.860462870978213
15,1,0.6,0.918976545842217,0.937185929648241,0.816901408450704,0.966321243523316,0.951530612244898,0.872708613489985,0,91.8976545842217,93.7185929648241,81.6901408450704,96.6321243523316,95.1530612244898,0.878027175007802,0.860462870978213
15,1,0.61,0.918976545842217,0.937185929648241,0.816901408450704,0.966321243523316,0.951530612244898,0.872708613489985,0,91.8976545842217,93.7185929648241,81.6901408450704,96.6321243523316,95.1530612244898,0.878027175007802,0.860462870978213
15,1,0.62,0.918976545842217,0.937185929648241,0.816901408450704,0.966321243523316,0.951530612244898,0.872708613489985,0,91.8976545842217,93.7185929648241,81.6901408450704,96.6321243523316,95.1530612244898,0.878027175007802,0.860462870978213
15,1,0.63,0.918976545842217,0.937185929648241,0.816901408450704,0.966321243523316,0.951530612244898,0.872708613489985,0,91.8976545842217,93.7185929648241,81.6901408450704,96.6321243523316,95.1530612244898,0.878027175007802,0.860462870978213
15,1,0.64,0.918976545842217,0.937185929648241,0.816901408450704,0.966321243523316,0.951530612244898,0.872708613489985,0,91.8976545842217,93.7185929648241,81.6901408450704,96.6321243523316,95.1530612244898,0.878027175007802,0.860462870978213
15,1,0.65,0.918976545842217,0.937185929648241,0.816901408450704,0.966321243523316,0.951530612244898,0.872708613489985,0,91.8976545842217,93.7185929648241,81.6901408450704,96.6321243523316,95.1530612244898,0.878027175007802,0.860462870978213
15,1,0.66,0.918976545842217,0.937185929648241,0.816901408450704,0.966321243523316,0.951530612244898,0.872708613489985,0,91.8976545842217,93.7185929648241,81.6901408450704,96.6321243523316,95.1530612244898,0.878027175007802,0.860462870978213
15,1,0.67,0.918976545842217,0.937185929648241,0.816901408450704,0.966321243523316,0.951530612244898,0.872708613489985,0,91.8976545842217,93.7185929648241,81.6901408450704,96.6321243523316,95.1530612244898,0.878027175007802,0.860462870978213
15,1,0.68,0.918976545842217,0.937185929648241,0.816901408450704,0.966321243523316,0.951530612244898,0.872708613489985,0,91.8976545842217,93.7185929648241,81.6901408450704,96.6321243523316,95.1530612244898,0.878027175007802,0.860462870978213
15,1,0.69,0.918976545842217,0.937185929648241,0.816901408450704,0.966321243523316,0.951530612244898,0.872708613489985,0,91.8976545842217,93.7185929648241,81.6901408450704,96.6321243523316,95.1530612244898,0.878027175007802,0.860462870978213
15,1,0.7,0.918976545842217,0.937185929648241,0.816901408450704,0.966321243523316,0.951530612244898,0.872708613489985,0,91.8976545842217,93.7185929648241,81.6901408450704,96.6321243523316,95.1530612244898,0.878027175007802,0.860462870978213
15,1,0.71,0.918976545842217,0.937185929648241,0.816901408450704,0.966321243523316,0.951530612244898,0.872708613489985,0,91.8976545842217,93.7185929648241,81.6901408450704,96.6321243523316,95.1530612244898,0.878027175007802,0.860462870978213
15,1,0.72,0.918976545842217,0.937185929648241,0.816901408450704,0.966321243523316,0.951530612244898,0.872708613489985,0,91.8976545842217,93.7185929648241,81.6901408450704,96.6321243523316,95.1530612244898,0.878027175007802,0.860462870978213
15,1,0.73,0.918976545842217,0.937185929648241,0.816901408450704,0.966321243523316,0.951530612244898,0.872708613489985,0,91.8976545842217,93.7185929648241,81.6901408450704,96.6321243523316,95.1530612244898,0.878027175007802,0.860462870978213
15,1,0.74,0.918976545842217,0.937185929648241,0.816901408450704,0.966321243523316,0.951530612244898,0.872708613489985,0,91.8976545842217,93.7185929648241,81.6901408450704,96.6321243523316,95.1530612244898,0.878027175007802,0.860462870978213
15,1,0.75,0.918976545842217,0.937185929648241,0.816901408450704,0.966321243523316,0.951530612244898,0.872708613489985,0,91.8976545842217,93.7185929648241,81.6901408450704,96.6321243523316,95.1530612244898,0.878027175007802,0.860462870978213
15,1,0.76,0.918976545842217,0.937185929648241,0.816901408450704,0.966321243523316,0.951530612244898,0.872708613489985,0,91.8976545842217,93.7185929648241,81.6901408450704,96.6321243523316,95.1530612244898,0.878027175007802,0.860462870978213
15,1,0.77,0.918976545842217,0.937185929648241,0.816901408450704,0.966321243523316,0.951530612244898,0.872708613489985,0,91.8976545842217,93.7185929648241,81.6901408450704,96.6321243523316,95.1530612244898,0.878027175007802,0.860462870978213
15,1,0.78,0.918976545842217,0.937185929648241,0.816901408450704,0.966321243523316,0.951530612244898,0.872708613489985,0,91.8976545842217,93.7185929648241,81.6901408450704,96.6321243523316,95.1530612244898,0.878027175007802,0.860462870978213
15,1,0.79,0.918976545842217,0.937185929648241,0.816901408450704,0.966321243523316,0.951530612244898,0.872708613489985,0,91.8976545842217,93.7185929648241,81.6901408450704,96.6321243523316,95.1530612244898,0.878027175007802,0.860462870978213
15,1,0.8,0.918976545842217,0.937185929648241,0.816901408450704,0.966321243523316,0.951530612244898,0.872708613489985,0,91.8976545842217,93.7185929648241,81.6901408450704,96.6321243523316,95.1530612244898,0.878027175007802,0.860462870978213
15,1,0.81,0.918976545842217,0.937185929648241,0.816901408450704,0.966321243523316,0.951530612244898,0.872708613489985,0,91.8976545842217,93.7185929648241,81.6901408450704,96.6321243523316,95.1530612244898,0.878027175007802,0.860462870978213
15,1,0.82,0.918976545842217,0.937185929648241,0.816901408450704,0.966321243523316,0.951530612244898,0.872708613489985,0,91.8976545842217,93.7185929648241,81.6901408450704,96.6321243523316,95.1530612244898,0.878027175007802,0.860462870978213
15,1,0.83,0.918976545842217,0.937185929648241,0.816901408450704,0.966321243523316,0.951530612244898,0.872708613489985,0,91.8976545842217,93.7185929648241,81.6901408450704,96.6321243523316,95.1530612244898,0.878027175007802,0.860462870978213
15,1,0.84,0.918976545842217,0.937185929648241,0.816901408450704,0.966321243523316,0.951530612244898,0.872708613489985,0,91.8976545842217,93.7185929648241,81.6901408450704,96.6321243523316,95.1530612244898,0.878027175007802,0.860462870978213
15,1,0.85,0.918976545842217,0.937185929648241,0.816901408450704,0.966321243523316,0.951530612244898,0.872708613489985,0,91.8976545842217,93.7185929648241,81.6901408450704,96.6321243523316,95.1530612244898,0.878027175007802,0.860462870978213
15,1,0.86,0.918976545842217,0.937185929648241,0.816901408450704,0.966321243523316,0.951530612244898,0.872708613489985,0,91.8976545842217,93.7185929648241,81.6901408450704,96.6321243523316,95.1530612244898,0.878027175007802,0.860462870978213
15,1,0.87,0.918976545842217,0.937185929648241,0.816901408450704,0.966321243523316,0.951530612244898,0.872708613489985,0,91.8976545842217,93.7185929648241,81.6901408450704,96.6321243523316,95.1530612244898,0.878027175007802,0.860462870978213
15,1,0.88,0.918976545842217,0.937185929648241,0.816901408450704,0.966321243523316,0.951530612244898,0.872708613489985,0,91.8976545842217,93.7185929648241,81.6901408450704,96.6321243523316,95.1530612244898,0.878027175007802,0.860462870978213
15,1,0.89,0.918976545842217,0.937185929648241,0.816901408450704,0.966321243523316,0.951530612244898,0.872708613489985,0,91.8976545842217,93.7185929648241,81.6901408450704,96.6321243523316,95.1530612244898,0.878027175007802,0.860462870978213
15,1,0.9,0.918976545842217,0.937185929648241,0.816901408450704,0.966321243523316,0.951530612244898,0.872708613489985,0,91.8976545842217,93.7185929648241,81.6901408450704,96.6321243523316,95.1530612244898,0.878027175007802,0.860462870978213
15,1,0.91,0.918976545842217,0.937185929648241,0.816901408450704,0.966321243523316,0.951530612244898,0.872708613489985,0,91.8976545842217,93.7185929648241,81.6901408450704,96.6321243523316,95.1530612244898,0.878027175007802,0.860462870978213
15,1,0.92,0.918976545842217,0.937185929648241,0.816901408450704,0.966321243523316,0.951530612244898,0.872708613489985,0,91.8976545842217,93.7185929648241,81.6901408450704,96.6321243523316,95.1530612244898,0.878027175007802,0.860462870978213
15,1,0.93,0.918976545842217,0.937185929648241,0.816901408450704,0.966321243523316,0.951530612244898,0.872708613489985,0,91.8976545842217,93.7185929648241,81.6901408450704,96.6321243523316,95.1530612244898,0.878027175007802,0.860462870978213
15,1,0.94,0.918976545842217,0.937185929648241,0.816901408450704,0.966321243523316,0.951530612244898,0.872708613489985,0,91.8976545842217,93.7185929648241,81.6901408450704,96.6321243523316,95.1530612244898,0.878027175007802,0.860462870978213
15,1,0.95,0.918976545842217,0.937185929648241,0.816901408450704,0.966321243523316,0.951530612244898,0.872708613489985,0,91.8976545842217,93.7185929648241,81.6901408450704,96.6321243523316,95.1530612244898,0.878027175007802,0.860462870978213
15,3,0.09,0.918976545842217,0.937185929648241,0.816901408450704,0.966321243523316,0.951530612244898,0.891588222804162,0,91.8976545842217,93.7185929648241,81.6901408450704,96.6321243523316,95.1530612244898,0.878027175007802,0.860462870978213
15,3,0.1,0.918976545842217,0.937185929648241,0.816901408450704,0.966321243523316,0.951530612244898,0.891588222804162,0,91.8976545842217,93.7185929648241,81.6901408450704,96.6321243523316,95.1530612244898,0.878027175007802,0.860462870978213
15,3,0.11,0.918976545842217,0.937185929648241,0.816901408450704,0.966321243523316,0.951530612244898,0.891588222804162,0,91.8976545842217,93.7185929648241,81.6901408450704,96.6321243523316,95.1530612244898,0.878027175007802,0.860462870978213
15,3,0.12,0.918976545842217,0.937185929648241,0.816901408450704,0.966321243523316,0.951530612244898,0.891588222804162,0,91.8976545842217,93.7185929648241,81.6901408450704,96.6321243523316,95.1530612244898,0.878027175007802,0.860462870978213
15,3,0.13,0.918976545842217,0.937185929648241,0.816901408450704,0.966321243523316,0.951530612244898,0.891588222804162,0,91.8976545842217,93.7185929648241,81.6901408450704,96.6321243523316,95.1530612244898,0.878027175007802,0.860462870978213
15,3,0.14,0.918976545842217,0.937185929648241,0.816901408450704,0.966321243523316,0.951530612244898,0.891588222804162,0,91.8976545842217,93.7185929648241,81.6901408450704,96.6321243523316,95.1530612244898,0.878027175007802,0.860462870978213
15,3,0.15,0.918976545842217,0.937185929648241,0.816901408450704,0.966321243523316,0.951530612244898,0.891588222804162,0,91.8976545842217,93.7185929648241,81.6901408450704,96.6321243523316,95.1530612244898,0.878027175007802,0.860462870978213
10,5,0.67,0.880597014925373,0.886934673366834,0.845070422535211,0.96978021978022,0.926509186351706,0.886510014863048,0,88.0597014925373,88.6934673366834,84.5070422535211,96.978021978022,92.6509186351706,0.857734976032337,0.860231708257495
10,5,0.68,0.880597014925373,0.886934673366834,0.845070422535211,0.96978021978022,0.926509186351706,0.886510014863048,0,88.0597014925373,88.6934673366834,84.5070422535211,96.978021978022,92.6509186351706,0.857734976032337,0.860231708257495
10,5,0.69,0.880597014925373,0.886934673366834,0.845070422535211,0.96978021978022,0.926509186351706,0.886510014863048,0,88.0597014925373,88.6934673366834,84.5070422535211,96.978021978022,92.6509186351706,0.857734976032337,0.860231708257495
10,5,0.7,0.880597014925373,0.886934673366834,0.845070422535211,0.96978021978022,0.926509186351706,0.886510014863048,0,88.0597014925373,88.6934673366834,84.5070422535211,96.978021978022,92.6509186351706,0.857734976032337,0.860231708257495
10,5,0.71,0.880597014925373,0.886934673366834,0.845070422535211,0.96978021978022,0.926509186351706,0.886510014863048,0,88.0597014925373,88.6934673366834,84.5070422535211,96.978021978022,92.6509186351706,0.857734976032337,0.860231708257495
10,5,0.72,0.880597014925373,0.886934673366834,0.845070422535211,0.96978021978022,0.926509186351706,0.886510014863048,0,88.0597014925373,88.6934673366834,84.5070422535211,96.978021978022,92.6509186351706,0.857734976032337,0.860231708257495
10,5,0.73,0.880597014925373,0.886934673366834,0.845070422535211,0.96978021978022,0.926509186351706,0.886510014863048,0,88.0597014925373,88.6934673366834,84.5070422535211,96.978021978022,92.6509186351706,0.857734976032337,0.860231708257495
15,8,0.63,0.880597014925373,0.886934673366834,0.845070422535211,0.96978021978022,0.926509186351706,0.881520277443556,0,88.0597014925373,88.6934673366834,84.5070422535211,96.978021978022,92.6509186351706,0.857734976032337,0.860231708257495
15,8,0.64,0.880597014925373,0.886934673366834,0.845070422535211,0.96978021978022,0.926509186351706,0.881520277443556,0,88.0597014925373,88.6934673366834,84.5070422535211,96.978021978022,92.6509186351706,0.857734976032337,0.860231708257495
15,8,0.65,0.880597014925373,0.886934673366834,0.845070422535211,0.96978021978022,0.926509186351706,0.881520277443556,0,88.0597014925373,88.6934673366834,84.5070422535211,96.978021978022,92.6509186351706,0.857734976032337,0.860231708257495
15,8,0.66,0.880597014925373,0.886934673366834,0.845070422535211,0.96978021978022,0.926509186351706,0.881520277443556,0,88.0597014925373,88.6934673366834,84.5070422535211,96.978021978022,92.6509186351706,0.857734976032337,0.860231708257495
40,10,0.58,0.880597014925373,0.886934673366834,0.845070422535211,0.96978021978022,0.926509186351706,0.909069997876707,0,88.0597014925373,88.6934673366834,84.5070422535211,96.978021978022,92.6509186351706,0.857734976032337,0.860231708257495
5,3,0.23,0.861407249466951,0.861809045226131,0.859154929577465,0.971671388101983,0.913448735019973,0.883095052728431,0,86.1407249466951,86.1809045226131,85.9154929577465,97.1671388101983,91.3448735019973,0.828862387539976,0.860116126897136
5,3,0.24,0.861407249466951,0.861809045226131,0.859154929577465,0.971671388101983,0.913448735019973,0.883095052728431,0,86.1407249466951,86.1809045226131,85.9154929577465,97.1671388101983,91.3448735019973,0.828862387539976,0.860116126897136
5,3,0.25,0.861407249466951,0.861809045226131,0.859154929577465,0.971671388101983,0.913448735019973,0.883095052728431,0,86.1407249466951,86.1809045226131,85.9154929577465,97.1671388101983,91.3448735019973,0.828862387539976,0.860116126897136
5,3,0.26,0.861407249466951,0.861809045226131,0.859154929577465,0.971671388101983,0.913448735019973,0.883095052728431,0,86.1407249466951,86.1809045226131,85.9154929577465,97.1671388101983,91.3448735019973,0.828862387539976,0.860116126897136
5,3,0.27,0.861407249466951,0.861809045226131,0.859154929577465,0.971671388101983,0.913448735019973,0.883095052728431,0,86.1407249466951,86.1809045226131,85.9154929577465,97.1671388101983,91.3448735019973,0.828862387539976,0.860116126897136
5,3,0.28,0.861407249466951,0.861809045226131,0.859154929577465,0.971671388101983,0.913448735019973,0.883095052728431,0,86.1407249466951,86.1809045226131,85.9154929577465,97.1671388101983,91.3448735019973,0.828862387539976,0.860116126897136
5,3,0.29,0.861407249466951,0.861809045226131,0.859154929577465,0.971671388101983,0.913448735019973,0.883095052728431,0,86.1407249466951,86.1809045226131,85.9154929577465,97.1671388101983,91.3448735019973,0.828862387539976,0.860116126897136
5,3,0.3,0.861407249466951,0.861809045226131,0.859154929577465,0.971671388101983,0.913448735019973,0.883095052728431,0,86.1407249466951,86.1809045226131,85.9154929577465,97.1671388101983,91.3448735019973,0.828862387539976,0.860116126897136
5,3,0.31,0.861407249466951,0.861809045226131,0.859154929577465,0.971671388101983,0.913448735019973,0.883095052728431,0,86.1407249466951,86.1809045226131,85.9154929577465,97.1671388101983,91.3448735019973,0.828862387539976,0.860116126897136
5,3,0.32,0.861407249466951,0.861809045226131,0.859154929577465,0.971671388101983,0.913448735019973,0.883095052728431,0,86.1407249466951,86.1809045226131,85.9154929577465,97.1671388101983,91.3448735019973,0.828862387539976,0.860116126897136
5,3,0.33,0.861407249466951,0.861809045226131,0.859154929577465,0.971671388101983,0.913448735019973,0.883095052728431,0,86.1407249466951,86.1809045226131,85.9154929577465,97.1671388101983,91.3448735019973,0.828862387539976,0.860116126897136
5,3,0.34,0.861407249466951,0.861809045226131,0.859154929577465,0.971671388101983,0.913448735019973,0.883095052728431,0,86.1407249466951,86.1809045226131,85.9154929577465,97.1671388101983,91.3448735019973,0.828862387539976,0.860116126897136
5,3,0.35,0.861407249466951,0.861809045226131,0.859154929577465,0.971671388101983,0.913448735019973,0.883095052728431,0,86.1407249466951,86.1809045226131,85.9154929577465,97.1671388101983,91.3448735019973,0.828862387539976,0.860116126897136
5,3,0.36,0.861407249466951,0.861809045226131,0.859154929577465,0.971671388101983,0.913448735019973,0.883095052728431,0,86.1407249466951,86.1809045226131,85.9154929577465,97.1671388101983,91.3448735019973,0.828862387539976,0.860116126897136
5,3,0.37,0.861407249466951,0.861809045226131,0.859154929577465,0.971671388101983,0.913448735019973,0.883095052728431,0,86.1407249466951,86.1809045226131,85.9154929577465,97.1671388101983,91.3448735019973,0.828862387539976,0.860116126897136
5,3,0.38,0.861407249466951,0.861809045226131,0.859154929577465,0.971671388101983,0.913448735019973,0.883095052728431,0,86.1407249466951,86.1809045226131,85.9154929577465,97.1671388101983,91.3448735019973,0.828862387539976,0.860116126897136
5,3,0.39,0.861407249466951,0.861809045226131,0.859154929577465,0.971671388101983,0.913448735019973,0.883095052728431,0,86.1407249466951,86.1809045226131,85.9154929577465,97.1671388101983,91.3448735019973,0.828862387539976,0.860116126897136
5,3,0.4,0.861407249466951,0.861809045226131,0.859154929577465,0.971671388101983,0.913448735019973,0.883095052728431,0,86.1407249466951,86.1809045226131,85.9154929577465,97.1671388101983,91.3448735019973,0.828862387539976,0.860116126897136
5,3,0.41,0.861407249466951,0.861809045226131,0.859154929577465,0.971671388101983,0.913448735019973,0.883095052728431,0,86.1407249466951,86.1809045226131,85.9154929577465,97.1671388101983,91.3448735019973,0.828862387539976,0.860116126897136
5,3,0.42,0.861407249466951,0.861809045226131,0.859154929577465,0.971671388101983,0.913448735019973,0.883095052728431,0,86.1407249466951,86.1809045226131,85.9154929577465,97.1671388101983,91.3448735019973,0.828862387539976,0.860116126897136
5,3,0.43,0.861407249466951,0.861809045226131,0.859154929577465,0.971671388101983,0.913448735019973,0.883095052728431,0,86.1407249466951,86.1809045226131,85.9154929577465,97.1671388101983,91.3448735019973,0.828862387539976,0.860116126897136
5,3,0.44,0.861407249466951,0.861809045226131,0.859154929577465,0.971671388101983,0.913448735019973,0.883095052728431,0,86.1407249466951,86.1809045226131,85.9154929577465,97.1671388101983,91.3448735019973,0.828862387539976,0.860116126897136
5,3,0.45,0.861407249466951,0.861809045226131,0.859154929577465,0.971671388101983,0.913448735019973,0.883095052728431,0,86.1407249466951,86.1809045226131,85.9154929577465,97.1671388101983,91.3448735019973,0.828862387539976,0.860116126897136
5,3,0.46,0.861407249466951,0.861809045226131,0.859154929577465,0.971671388101983,0.913448735019973,0.883095052728431,0,86.1407249466951,86.1809045226131,85.9154929577465,97.1671388101983,91.3448735019973,0.828862387539976,0.860116126897136
5,3,0.47,0.861407249466951,0.861809045226131,0.859154929577465,0.971671388101983,0.913448735019973,0.883095052728431,0,86.1407249466951,86.1809045226131,85.9154929577465,97.1671388101983,91.3448735019973,0.828862387539976,0.860116126897136
5,3,0.48,0.861407249466951,0.861809045226131,0.859154929577465,0.971671388101983,0.913448735019973,0.883095052728431,0,86.1407249466951,86.1809045226131,85.9154929577465,97.1671388101983,91.3448735019973,0.828862387539976,0.860116126897136
5,3,0.49,0.861407249466951,0.861809045226131,0.859154929577465,0.971671388101983,0.913448735019973,0.883095052728431,0,86.1407249466951,86.1809045226131,85.9154929577465,97.1671388101983,91.3448735019973,0.828862387539976,0.860116126897136
5,3,0.5,0.861407249466951,0.861809045226131,0.859154929577465,0.971671388101983,0.913448735019973,0.883095052728431,0,86.1407249466951,86.1809045226131,85.9154929577465,97.1671388101983,91.3448735019973,0.828862387539976,0.860116126897136
5,3,0.51,0.861407249466951,0.861809045226131,0.859154929577465,0.971671388101983,0.913448735019973,0.883095052728431,0,86.1407249466951,86.1809045226131,85.9154929577465,97.1671388101983,91.3448735019973,0.828862387539976,0.860116126897136
5,3,0.52,0.861407249466951,0.861809045226131,0.859154929577465,0.971671388101983,0.913448735019973,0.883095052728431,0,86.1407249466951,86.1809045226131,85.9154929577465,97.1671388101983,91.3448735019973,0.828862387539976,0.860116126897136
5,3,0.53,0.861407249466951,0.861809045226131,0.859154929577465,0.971671388101983,0.913448735019973,0.883095052728431,0,86.1407249466951,86.1809045226131,85.9154929577465,97.1671388101983,91.3448735019973,0.828862387539976,0.860116126897136
5,3,0.54,0.861407249466951,0.861809045226131,0.859154929577465,0.971671388101983,0.913448735019973,0.883095052728431,0,86.1407249466951,86.1809045226131,85.9154929577465,97.1671388101983,91.3448735019973,0.828862387539976,0.860116126897136
5,3,0.55,0.861407249466951,0.861809045226131,0.859154929577465,0.971671388101983,0.913448735019973,0.883095052728431,0,86.1407249466951,86.1809045226131,85.9154929577465,97.1671388101983,91.3448735019973,0.828862387539976,0.860116126897136
5,3,0.56,0.861407249466951,0.861809045226131,0.859154929577465,0.971671388101983,0.913448735019973,0.883095052728431,0,86.1407249466951,86.1809045226131,85.9154929577465,97.1671388101983,91.3448735019973,0.828862387539976,0.860116126897136
5,3,0.57,0.861407249466951,0.861809045226131,0.859154929577465,0.971671388101983,0.913448735019973,0.883095052728431,0,86.1407249466951,86.1809045226131,85.9154929577465,97.1671388101983,91.3448735019973,0.828862387539976,0.860116126897136
5,3,0.58,0.861407249466951,0.861809045226131,0.859154929577465,0.971671388101983,0.913448735019973,0.883095052728431,0,86.1407249466951,86.1809045226131,85.9154929577465,97.1671388101983,91.3448735019973,0.828862387539976,0.860116126897136
5,3,0.59,0.861407249466951,0.861809045226131,0.859154929577465,0.971671388101983,0.913448735019973,0.883095052728431,0,86.1407249466951,86.1809045226131,85.9154929577465,97.1671388101983,91.3448735019973,0.828862387539976,0.860116126897136
5,3,0.6,0.861407249466951,0.861809045226131,0.859154929577465,0.971671388101983,0.913448735019973,0.883095052728431,0,86.1407249466951,86.1809045226131,85.9154929577465,97.1671388101983,91.3448735019973,0.828862387539976,0.860116126897136
5,3,0.61,0.861407249466951,0.861809045226131,0.859154929577465,0.971671388101983,0.913448735019973,0.883095052728431,0,86.1407249466951,86.1809045226131,85.9154929577465,97.1671388101983,91.3448735019973,0.828862387539976,0.860116126897136
5,3,0.62,0.861407249466951,0.861809045226131,0.859154929577465,0.971671388101983,0.913448735019973,0.883095052728431,0,86.1407249466951,86.1809045226131,85.9154929577465,97.1671388101983,91.3448735019973,0.828862387539976,0.860116126897136
5,3,0.63,0.861407249466951,0.861809045226131,0.859154929577465,0.971671388101983,0.913448735019973,0.883095052728431,0,86.1407249466951,86.1809045226131,85.9154929577465,97.1671388101983,91.3448735019973,0.828862387539976,0.860116126897136
5,3,0.64,0.861407249466951,0.861809045226131,0.859154929577465,0.971671388101983,0.913448735019973,0.883095052728431,0,86.1407249466951,86.1809045226131,85.9154929577465,97.1671388101983,91.3448735019973,0.828862387539976,0.860116126897136
5,3,0.65,0.861407249466951,0.861809045226131,0.859154929577465,0.971671388101983,0.913448735019973,0.883095052728431,0,86.1407249466951,86.1809045226131,85.9154929577465,97.1671388101983,91.3448735019973,0.828862387539976,0.860116126897136
5,3,0.66,0.861407249466951,0.861809045226131,0.859154929577465,0.971671388101983,0.913448735019973,0.883095052728431,0,86.1407249466951,86.1809045226131,85.9154929577465,97.1671388101983,91.3448735019973,0.828862387539976,0.860116126897136
5,3,0.67,0.861407249466951,0.861809045226131,0.859154929577465,0.971671388101983,0.913448735019973,0.883095052728431,0,86.1407249466951,86.1809045226131,85.9154929577465,97.1671388101983,91.3448735019973,0.828862387539976,0.860116126897136
5,3,0.68,0.861407249466951,0.861809045226131,0.859154929577465,0.971671388101983,0.913448735019973,0.883095052728431,0,86.1407249466951,86.1809045226131,85.9154929577465,97.1671388101983,91.3448735019973,0.828862387539976,0.860116126897136
5,3,0.69,0.861407249466951,0.861809045226131,0.859154929577465,0.971671388101983,0.913448735019973,0.883095052728431,0,86.1407249466951,86.1809045226131,85.9154929577465,97.1671388101983,91.3448735019973,0.828862387539976,0.860116126897136
5,3,0.7,0.861407249466951,0.861809045226131,0.859154929577465,0.971671388101983,0.913448735019973,0.883095052728431,0,86.1407249466951,86.1809045226131,85.9154929577465,97.1671388101983,91.3448735019973,0.828862387539976,0.860116126897136
5,3,0.71,0.861407249466951,0.861809045226131,0.859154929577465,0.971671388101983,0.913448735019973,0.883095052728431,0,86.1407249466951,86.1809045226131,85.9154929577465,97.1671388101983,91.3448735019973,0.828862387539976,0.860116126897136
5,3,0.72,0.861407249466951,0.861809045226131,0.859154929577465,0.971671388101983,0.913448735019973,0.883095052728431,0,86.1407249466951,86.1809045226131,85.9154929577465,97.1671388101983,91.3448735019973,0.828862387539976,0.860116126897136
5,3,0.73,0.861407249466951,0.861809045226131,0.859154929577465,0.971671388101983,0.913448735019973,0.883095052728431,0,86.1407249466951,86.1809045226131,85.9154929577465,97.1671388101983,91.3448735019973,0.828862387539976,0.860116126897136
5,3,0.74,0.861407249466951,0.861809045226131,0.859154929577465,0.971671388101983,0.913448735019973,0.883095052728431,0,86.1407249466951,86.1809045226131,85.9154929577465,97.1671388101983,91.3448735019973,0.828862387539976,0.860116126897136
5,3,0.75,0.861407249466951,0.861809045226131,0.859154929577465,0.971671388101983,0.913448735019973,0.883095052728431,0,86.1407249466951,86.1809045226131,85.9154929577465,97.1671388101983,91.3448735019973,0.828862387539976,0.860116126897136
5,3,0.76,0.861407249466951,0.861809045226131,0.859154929577465,0.971671388101983,0.913448735019973,0.883095052728431,0,86.1407249466951,86.1809045226131,85.9154929577465,97.1671388101983,91.3448735019973,0.828862387539976,0.860116126897136
5,3,0.77,0.861407249466951,0.861809045226131,0.859154929577465,0.971671388101983,0.913448735019973,0.883095052728431,0,86.1407249466951,86.1809045226131,85.9154929577465,97.1671388101983,91.3448735019973,0.828862387539976,0.860116126897136
5,3,0.78,0.861407249466951,0.861809045226131,0.859154929577465,0.971671388101983,0.913448735019973,0.883095052728431,0,86.1407249466951,86.1809045226131,85.9154929577465,97.1671388101983,91.3448735019973,0.828862387539976,0.860116126897136
5,3,0.79,0.861407249466951,0.861809045226131,0.859154929577465,0.971671388101983,0.913448735019973,0.883095052728431,0,86.1407249466951,86.1809045226131,85.9154929577465,97.1671388101983,91.3448735019973,0.828862387539976,0.860116126897136
15,3,0.16,0.916844349680171,0.934673366834171,0.816901408450704,0.966233766233766,0.950191570881226,0.891588222804162,0,91.6844349680171,93.4673366834171,81.6901408450704,96.6233766233766,95.0191570881226,0.875989988986902,0.859552937515591
15,3,0.17,0.916844349680171,0.934673366834171,0.816901408450704,0.966233766233766,0.950191570881226,0.891588222804162,0,91.6844349680171,93.4673366834171,81.6901408450704,96.6233766233766,95.0191570881226,0.875989988986902,0.859552937515591
15,3,0.18,0.916844349680171,0.934673366834171,0.816901408450704,0.966233766233766,0.950191570881226,0.891588222804162,0,91.6844349680171,93.4673366834171,81.6901408450704,96.6233766233766,95.0191570881226,0.875989988986902,0.859552937515591
15,3,0.19,0.916844349680171,0.934673366834171,0.816901408450704,0.966233766233766,0.950191570881226,0.891588222804162,0,91.6844349680171,93.4673366834171,81.6901408450704,96.6233766233766,95.0191570881226,0.875989988986902,0.859552937515591
15,3,0.2,0.916844349680171,0.934673366834171,0.816901408450704,0.966233766233766,0.950191570881226,0.891588222804162,0,91.6844349680171,93.4673366834171,81.6901408450704,96.6233766233766,95.0191570881226,0.875989988986902,0.859552937515591
15,3,0.21,0.916844349680171,0.934673366834171,0.816901408450704,0.966233766233766,0.950191570881226,0.891588222804162,0,91.6844349680171,93.4673366834171,81.6901408450704,96.6233766233766,95.0191570881226,0.875989988986902,0.859552937515591
15,3,0.22,0.916844349680171,0.934673366834171,0.816901408450704,0.966233766233766,0.950191570881226,0.891588222804162,0,91.6844349680171,93.4673366834171,81.6901408450704,96.6233766233766,95.0191570881226,0.875989988986902,0.859552937515591
15,3,0.23,0.916844349680171,0.934673366834171,0.816901408450704,0.966233766233766,0.950191570881226,0.891588222804162,0,91.6844349680171,93.4673366834171,81.6901408450704,96.6233766233766,95.0191570881226,0.875989988986902,0.859552937515591
15,3,0.24,0.916844349680171,0.934673366834171,0.816901408450704,0.966233766233766,0.950191570881226,0.891588222804162,0,91.6844349680171,93.4673366834171,81.6901408450704,96.6233766233766,95.0191570881226,0.875989988986902,0.859552937515591
15,3,0.25,0.916844349680171,0.934673366834171,0.816901408450704,0.966233766233766,0.950191570881226,0.891588222804162,0,91.6844349680171,93.4673366834171,81.6901408450704,96.6233766233766,95.0191570881226,0.875989988986902,0.859552937515591
15,3,0.26,0.916844349680171,0.934673366834171,0.816901408450704,0.966233766233766,0.950191570881226,0.891588222804162,0,91.6844349680171,93.4673366834171,81.6901408450704,96.6233766233766,95.0191570881226,0.875989988986902,0.859552937515591
15,3,0.27,0.916844349680171,0.934673366834171,0.816901408450704,0.966233766233766,0.950191570881226,0.891588222804162,0,91.6844349680171,93.4673366834171,81.6901408450704,96.6233766233766,95.0191570881226,0.875989988986902,0.859552937515591
15,3,0.28,0.916844349680171,0.934673366834171,0.816901408450704,0.966233766233766,0.950191570881226,0.891588222804162,0,91.6844349680171,93.4673366834171,81.6901408450704,96.6233766233766,95.0191570881226,0.875989988986902,0.859552937515591
15,3,0.29,0.916844349680171,0.934673366834171,0.816901408450704,0.966233766233766,0.950191570881226,0.891588222804162,0,91.6844349680171,93.4673366834171,81.6901408450704,96.6233766233766,95.0191570881226,0.875989988986902,0.859552937515591
15,3,0.3,0.916844349680171,0.934673366834171,0.816901408450704,0.966233766233766,0.950191570881226,0.891588222804162,0,91.6844349680171,93.4673366834171,81.6901408450704,96.6233766233766,95.0191570881226,0.875989988986902,0.859552937515591
15,3,0.31,0.916844349680171,0.934673366834171,0.816901408450704,0.966233766233766,0.950191570881226,0.891588222804162,0,91.6844349680171,93.4673366834171,81.6901408450704,96.6233766233766,95.0191570881226,0.875989988986902,0.859552937515591
15,3,0.32,0.916844349680171,0.934673366834171,0.816901408450704,0.966233766233766,0.950191570881226,0.891588222804162,0,91.6844349680171,93.4673366834171,81.6901408450704,96.6233766233766,95.0191570881226,0.875989988986902,0.859552937515591
15,3,0.33,0.916844349680171,0.934673366834171,0.816901408450704,0.966233766233766,0.950191570881226,0.891588222804162,0,91.6844349680171,93.4673366834171,81.6901408450704,96.6233766233766,95.0191570881226,0.875989988986902,0.859552937515591
15,3,0.34,0.916844349680171,0.934673366834171,0.816901408450704,0.966233766233766,0.950191570881226,0.891588222804162,0,91.6844349680171,93.4673366834171,81.6901408450704,96.6233766233766,95.0191570881226,0.875989988986902,0.859552937515591
15,3,0.35,0.916844349680171,0.934673366834171,0.816901408450704,0.966233766233766,0.950191570881226,0.891588222804162,0,91.6844349680171,93.4673366834171,81.6901408450704,96.6233766233766,95.0191570881226,0.875989988986902,0.859552937515591
15,3,0.36,0.916844349680171,0.934673366834171,0.816901408450704,0.966233766233766,0.950191570881226,0.891588222804162,0,91.6844349680171,93.4673366834171,81.6901408450704,96.6233766233766,95.0191570881226,0.875989988986902,0.859552937515591
15,3,0.37,0.916844349680171,0.934673366834171,0.816901408450704,0.966233766233766,0.950191570881226,0.891588222804162,0,91.6844349680171,93.4673366834171,81.6901408450704,96.6233766233766,95.0191570881226,0.875989988986902,0.859552937515591
5,8,0.11,0.897654584221748,0.909547738693467,0.830985915492958,0.967914438502674,0.937823834196891,0.91119329039564,0,89.7654584221748,90.9547738693467,83.0985915492958,96.7914438502674,93.7823834196891,0.872442475398784,0.859437356155232
5,8,0.12,0.897654584221748,0.909547738693467,0.830985915492958,0.967914438502674,0.937823834196891,0.91119329039564,0,89.7654584221748,90.9547738693467,83.0985915492958,96.7914438502674,93.7823834196891,0.872442475398784,0.859437356155232
5,8,0.13,0.897654584221748,0.909547738693467,0.830985915492958,0.967914438502674,0.937823834196891,0.91119329039564,0,89.7654584221748,90.9547738693467,83.0985915492958,96.7914438502674,93.7823834196891,0.872442475398784,0.859437356155232
5,8,0.14,0.897654584221748,0.909547738693467,0.830985915492958,0.967914438502674,0.937823834196891,0.91119329039564,0,89.7654584221748,90.9547738693467,83.0985915492958,96.7914438502674,93.7823834196891,0.872442475398784,0.859437356155232
5,8,0.15,0.897654584221748,0.909547738693467,0.830985915492958,0.967914438502674,0.937823834196891,0.91119329039564,0,89.7654584221748,90.9547738693467,83.0985915492958,96.7914438502674,93.7823834196891,0.872442475398784,0.859437356155232
5,8,0.16,0.897654584221748,0.909547738693467,0.830985915492958,0.967914438502674,0.937823834196891,0.91119329039564,0,89.7654584221748,90.9547738693467,83.0985915492958,96.7914438502674,93.7823834196891,0.872442475398784,0.859437356155232
5,8,0.17,0.897654584221748,0.909547738693467,0.830985915492958,0.967914438502674,0.937823834196891,0.91119329039564,0,89.7654584221748,90.9547738693467,83.0985915492958,96.7914438502674,93.7823834196891,0.872442475398784,0.859437356155232
5,8,0.18,0.897654584221748,0.909547738693467,0.830985915492958,0.967914438502674,0.937823834196891,0.91119329039564,0,89.7654584221748,90.9547738693467,83.0985915492958,96.7914438502674,93.7823834196891,0.872442475398784,0.859437356155232
5,8,0.19,0.897654584221748,0.909547738693467,0.830985915492958,0.967914438502674,0.937823834196891,0.91119329039564,0,89.7654584221748,90.9547738693467,83.0985915492958,96.7914438502674,93.7823834196891,0.872442475398784,0.859437356155232
5,8,0.2,0.897654584221748,0.909547738693467,0.830985915492958,0.967914438502674,0.937823834196891,0.91119329039564,0,89.7654584221748,90.9547738693467,83.0985915492958,96.7914438502674,93.7823834196891,0.872442475398784,0.859437356155232
10,2,0.76,0.897654584221748,0.909547738693467,0.830985915492958,0.967914438502674,0.937823834196891,0.885059098308444,0,89.7654584221748,90.9547738693467,83.0985915492958,96.7914438502674,93.7823834196891,0.872442475398784,0.859437356155232
10,2,0.77,0.897654584221748,0.909547738693467,0.830985915492958,0.967914438502674,0.937823834196891,0.885059098308444,0,89.7654584221748,90.9547738693467,83.0985915492958,96.7914438502674,93.7823834196891,0.872442475398784,0.859437356155232
10,2,0.78,0.897654584221748,0.909547738693467,0.830985915492958,0.967914438502674,0.937823834196891,0.885059098308444,0,89.7654584221748,90.9547738693467,83.0985915492958,96.7914438502674,93.7823834196891,0.872442475398784,0.859437356155232
10,2,0.79,0.897654584221748,0.909547738693467,0.830985915492958,0.967914438502674,0.937823834196891,0.885059098308444,0,89.7654584221748,90.9547738693467,83.0985915492958,96.7914438502674,93.7823834196891,0.872442475398784,0.859437356155232
10,2,0.8,0.897654584221748,0.909547738693467,0.830985915492958,0.967914438502674,0.937823834196891,0.885059098308444,0,89.7654584221748,90.9547738693467,83.0985915492958,96.7914438502674,93.7823834196891,0.872442475398784,0.859437356155232
10,2,0.81,0.897654584221748,0.909547738693467,0.830985915492958,0.967914438502674,0.937823834196891,0.885059098308444,0,89.7654584221748,90.9547738693467,83.0985915492958,96.7914438502674,93.7823834196891,0.872442475398784,0.859437356155232
10,2,0.82,0.897654584221748,0.909547738693467,0.830985915492958,0.967914438502674,0.937823834196891,0.885059098308444,0,89.7654584221748,90.9547738693467,83.0985915492958,96.7914438502674,93.7823834196891,0.872442475398784,0.859437356155232
10,2,0.83,0.897654584221748,0.909547738693467,0.830985915492958,0.967914438502674,0.937823834196891,0.885059098308444,0,89.7654584221748,90.9547738693467,83.0985915492958,96.7914438502674,93.7823834196891,0.872442475398784,0.859437356155232
10,2,0.84,0.897654584221748,0.909547738693467,0.830985915492958,0.967914438502674,0.937823834196891,0.885059098308444,0,89.7654584221748,90.9547738693467,83.0985915492958,96.7914438502674,93.7823834196891,0.872442475398784,0.859437356155232
10,2,0.85,0.897654584221748,0.909547738693467,0.830985915492958,0.967914438502674,0.937823834196891,0.885059098308444,0,89.7654584221748,90.9547738693467,83.0985915492958,96.7914438502674,93.7823834196891,0.872442475398784,0.859437356155232
10,2,0.86,0.897654584221748,0.909547738693467,0.830985915492958,0.967914438502674,0.937823834196891,0.885059098308444,0,89.7654584221748,90.9547738693467,83.0985915492958,96.7914438502674,93.7823834196891,0.872442475398784,0.859437356155232
10,2,0.87,0.897654584221748,0.909547738693467,0.830985915492958,0.967914438502674,0.937823834196891,0.885059098308444,0,89.7654584221748,90.9547738693467,83.0985915492958,96.7914438502674,93.7823834196891,0.872442475398784,0.859437356155232
10,2,0.88,0.897654584221748,0.909547738693467,0.830985915492958,0.967914438502674,0.937823834196891,0.885059098308444,0,89.7654584221748,90.9547738693467,83.0985915492958,96.7914438502674,93.7823834196891,0.872442475398784,0.859437356155232
10,2,0.89,0.897654584221748,0.909547738693467,0.830985915492958,0.967914438502674,0.937823834196891,0.885059098308444,0,89.7654584221748,90.9547738693467,83.0985915492958,96.7914438502674,93.7823834196891,0.872442475398784,0.859437356155232
10,2,0.9,0.897654584221748,0.909547738693467,0.830985915492958,0.967914438502674,0.937823834196891,0.885059098308444,0,89.7654584221748,90.9547738693467,83.0985915492958,96.7914438502674,93.7823834196891,0.872442475398784,0.859437356155232
10,2,0.91,0.897654584221748,0.909547738693467,0.830985915492958,0.967914438502674,0.937823834196891,0.885059098308444,0,89.7654584221748,90.9547738693467,83.0985915492958,96.7914438502674,93.7823834196891,0.872442475398784,0.859437356155232
10,2,0.92,0.897654584221748,0.909547738693467,0.830985915492958,0.967914438502674,0.937823834196891,0.885059098308444,0,89.7654584221748,90.9547738693467,83.0985915492958,96.7914438502674,93.7823834196891,0.872442475398784,0.859437356155232
10,2,0.93,0.897654584221748,0.909547738693467,0.830985915492958,0.967914438502674,0.937823834196891,0.885059098308444,0,89.7654584221748,90.9547738693467,83.0985915492958,96.7914438502674,93.7823834196891,0.872442475398784,0.859437356155232
10,2,0.94,0.897654584221748,0.909547738693467,0.830985915492958,0.967914438502674,0.937823834196891,0.885059098308444,0,89.7654584221748,90.9547738693467,83.0985915492958,96.7914438502674,93.7823834196891,0.872442475398784,0.859437356155232
10,2,0.95,0.897654584221748,0.909547738693467,0.830985915492958,0.967914438502674,0.937823834196891,0.885059098308444,0,89.7654584221748,90.9547738693467,83.0985915492958,96.7914438502674,93.7823834196891,0.872442475398784,0.859437356155232
20,8,0.62,0.897654584221748,0.909547738693467,0.830985915492958,0.967914438502674,0.937823834196891,0.880670960435983,0,89.7654584221748,90.9547738693467,83.0985915492958,96.7914438502674,93.7823834196891,0.872442475398784,0.859437356155232
20,8,0.63,0.897654584221748,0.909547738693467,0.830985915492958,0.967914438502674,0.937823834196891,0.880670960435983,0,89.7654584221748,90.9547738693467,83.0985915492958,96.7914438502674,93.7823834196891,0.872442475398784,0.859437356155232
20,8,0.64,0.897654584221748,0.909547738693467,0.830985915492958,0.967914438502674,0.937823834196891,0.880670960435983,0,89.7654584221748,90.9547738693467,83.0985915492958,96.7914438502674,93.7823834196891,0.872442475398784,0.859437356155232
20,8,0.65,0.897654584221748,0.909547738693467,0.830985915492958,0.967914438502674,0.937823834196891,0.880670960435983,0,89.7654584221748,90.9547738693467,83.0985915492958,96.7914438502674,93.7823834196891,0.872442475398784,0.859437356155232
20,8,0.66,0.897654584221748,0.909547738693467,0.830985915492958,0.967914438502674,0.937823834196891,0.880670960435983,0,89.7654584221748,90.9547738693467,83.0985915492958,96.7914438502674,93.7823834196891,0.872442475398784,0.859437356155232
20,10,0.78,0.859275053304904,0.85929648241206,0.859154929577465,0.971590909090909,0.912,0.860977422322882,0,85.9275053304904,85.929648241206,85.9154929577465,97.1590909090909,91.2,0.824400221004854,0.859206193434514
20,10,0.79,0.859275053304904,0.85929648241206,0.859154929577465,0.971590909090909,0.912,0.860977422322882,0,85.9275053304904,85.929648241206,85.9154929577465,97.1590909090909,91.2,0.824400221004854,0.859206193434514
20,10,0.8,0.859275053304904,0.85929648241206,0.859154929577465,0.971590909090909,0.912,0.860977422322882,0,85.9275053304904,85.929648241206,85.9154929577465,97.1590909090909,91.2,0.824400221004854,0.859206193434514
20,10,0.81,0.859275053304904,0.85929648241206,0.859154929577465,0.971590909090909,0.912,0.860977422322882,0,85.9275053304904,85.929648241206,85.9154929577465,97.1590909090909,91.2,0.824400221004854,0.859206193434514
20,10,0.82,0.859275053304904,0.85929648241206,0.859154929577465,0.971590909090909,0.912,0.860977422322882,0,85.9275053304904,85.929648241206,85.9154929577465,97.1590909090909,91.2,0.824400221004854,0.859206193434514
20,10,0.83,0.859275053304904,0.85929648241206,0.859154929577465,0.971590909090909,0.912,0.860977422322882,0,85.9275053304904,85.929648241206,85.9154929577465,97.1590909090909,91.2,0.824400221004854,0.859206193434514
20,10,0.84,0.859275053304904,0.85929648241206,0.859154929577465,0.971590909090909,0.912,0.860977422322882,0,85.9275053304904,85.929648241206,85.9154929577465,97.1590909090909,91.2,0.824400221004854,0.859206193434514
20,10,0.85,0.859275053304904,0.85929648241206,0.859154929577465,0.971590909090909,0.912,0.860977422322882,0,85.9275053304904,85.929648241206,85.9154929577465,97.1590909090909,91.2,0.824400221004854,0.859206193434514
20,10,0.86,0.859275053304904,0.85929648241206,0.859154929577465,0.971590909090909,0.912,0.860977422322882,0,85.9275053304904,85.929648241206,85.9154929577465,97.1590909090909,91.2,0.824400221004854,0.859206193434514
20,10,0.87,0.859275053304904,0.85929648241206,0.859154929577465,0.971590909090909,0.912,0.860977422322882,0,85.9275053304904,85.929648241206,85.9154929577465,97.1590909090909,91.2,0.824400221004854,0.859206193434514
20,10,0.88,0.859275053304904,0.85929648241206,0.859154929577465,0.971590909090909,0.912,0.860977422322882,0,85.9275053304904,85.929648241206,85.9154929577465,97.1590909090909,91.2,0.824400221004854,0.859206193434514
20,10,0.89,0.859275053304904,0.85929648241206,0.859154929577465,0.971590909090909,0.912,0.860977422322882,0,85.9275053304904,85.929648241206,85.9154929577465,97.1590909090909,91.2,0.824400221004854,0.859206193434514
20,10,0.9,0.859275053304904,0.85929648241206,0.859154929577465,0.971590909090909,0.912,0.860977422322882,0,85.9275053304904,85.929648241206,85.9154929577465,97.1590909090909,91.2,0.824400221004854,0.859206193434514
20,10,0.91,0.859275053304904,0.85929648241206,0.859154929577465,0.971590909090909,0.912,0.860977422322882,0,85.9275053304904,85.929648241206,85.9154929577465,97.1590909090909,91.2,0.824400221004854,0.859206193434514
20,10,0.92,0.859275053304904,0.85929648241206,0.859154929577465,0.971590909090909,0.912,0.860977422322882,0,85.9275053304904,85.929648241206,85.9154929577465,97.1590909090909,91.2,0.824400221004854,0.859206193434514
20,10,0.93,0.859275053304904,0.85929648241206,0.859154929577465,0.971590909090909,0.912,0.860977422322882,0,85.9275053304904,85.929648241206,85.9154929577465,97.1590909090909,91.2,0.824400221004854,0.859206193434514
20,10,0.94,0.859275053304904,0.85929648241206,0.859154929577465,0.971590909090909,0.912,0.860977422322882,0,85.9275053304904,85.929648241206,85.9154929577465,97.1590909090909,91.2,0.824400221004854,0.859206193434514
5,3,0.15,0.876332622601279,0.881909547738693,0.845070422535211,0.969613259668508,0.923684210526316,0.883095052728431,0,87.6332622601279,88.1909547738694,84.5070422535211,96.9613259668508,92.3684210526316,0.84874514111079,0.858411841332251
5,3,0.16,0.876332622601279,0.881909547738693,0.845070422535211,0.969613259668508,0.923684210526316,0.883095052728431,0,87.6332622601279,88.1909547738694,84.5070422535211,96.9613259668508,92.3684210526316,0.84874514111079,0.858411841332251
20,5,0.6,0.906183368869936,0.922110552763819,0.816901408450704,0.965789473684211,0.943444730077121,0.890261164979829,0,90.6183368869936,92.2110552763819,81.6901408450704,96.5789473684211,94.3444730077121,0.865804058882403,0.855003270202479
20,5,0.61,0.906183368869936,0.922110552763819,0.816901408450704,0.965789473684211,0.943444730077121,0.890261164979829,0,90.6183368869936,92.2110552763819,81.6901408450704,96.5789473684211,94.3444730077121,0.865804058882403,0.855003270202479
20,5,0.62,0.906183368869936,0.922110552763819,0.816901408450704,0.965789473684211,0.943444730077121,0.890261164979829,0,90.6183368869936,92.2110552763819,81.6901408450704,96.5789473684211,94.3444730077121,0.865804058882403,0.855003270202479
20,5,0.63,0.906183368869936,0.922110552763819,0.816901408450704,0.965789473684211,0.943444730077121,0.890261164979829,0,90.6183368869936,92.2110552763819,81.6901408450704,96.5789473684211,94.3444730077121,0.865804058882403,0.855003270202479
20,5,0.64,0.906183368869936,0.922110552763819,0.816901408450704,0.965789473684211,0.943444730077121,0.890261164979829,0,90.6183368869936,92.2110552763819,81.6901408450704,96.5789473684211,94.3444730077121,0.865804058882403,0.855003270202479
20,5,0.65,0.906183368869936,0.922110552763819,0.816901408450704,0.965789473684211,0.943444730077121,0.890261164979829,0,90.6183368869936,92.2110552763819,81.6901408450704,96.5789473684211,94.3444730077121,0.865804058882403,0.855003270202479
20,5,0.66,0.906183368869936,0.922110552763819,0.816901408450704,0.965789473684211,0.943444730077121,0.890261164979829,0,90.6183368869936,92.2110552763819,81.6901408450704,96.5789473684211,94.3444730077121,0.865804058882403,0.855003270202479
20,5,0.67,0.906183368869936,0.922110552763819,0.816901408450704,0.965789473684211,0.943444730077121,0.890261164979829,0,90.6183368869936,92.2110552763819,81.6901408450704,96.5789473684211,94.3444730077121,0.865804058882403,0.855003270202479
20,5,0.68,0.906183368869936,0.922110552763819,0.816901408450704,0.965789473684211,0.943444730077121,0.890261164979829,0,90.6183368869936,92.2110552763819,81.6901408450704,96.5789473684211,94.3444730077121,0.865804058882403,0.855003270202479
20,5,0.69,0.906183368869936,0.922110552763819,0.816901408450704,0.965789473684211,0.943444730077121,0.890261164979829,0,90.6183368869936,92.2110552763819,81.6901408450704,96.5789473684211,94.3444730077121,0.865804058882403,0.855003270202479
20,5,0.7,0.906183368869936,0.922110552763819,0.816901408450704,0.965789473684211,0.943444730077121,0.890261164979829,0,90.6183368869936,92.2110552763819,81.6901408450704,96.5789473684211,94.3444730077121,0.865804058882403,0.855003270202479
20,5,0.71,0.906183368869936,0.922110552763819,0.816901408450704,0.965789473684211,0.943444730077121,0.890261164979829,0,90.6183368869936,92.2110552763819,81.6901408450704,96.5789473684211,94.3444730077121,0.865804058882403,0.855003270202479
20,5,0.72,0.906183368869936,0.922110552763819,0.816901408450704,0.965789473684211,0.943444730077121,0.890261164979829,0,90.6183368869936,92.2110552763819,81.6901408450704,96.5789473684211,94.3444730077121,0.865804058882403,0.855003270202479
20,5,0.73,0.906183368869936,0.922110552763819,0.816901408450704,0.965789473684211,0.943444730077121,0.890261164979829,0,90.6183368869936,92.2110552763819,81.6901408450704,96.5789473684211,94.3444730077121,0.865804058882403,0.855003270202479
20,5,0.74,0.906183368869936,0.922110552763819,0.816901408450704,0.965789473684211,0.943444730077121,0.890261164979829,0,90.6183368869936,92.2110552763819,81.6901408450704,96.5789473684211,94.3444730077121,0.865804058882403,0.855003270202479
20,5,0.75,0.906183368869936,0.922110552763819,0.816901408450704,0.965789473684211,0.943444730077121,0.890261164979829,0,90.6183368869936,92.2110552763819,81.6901408450704,96.5789473684211,94.3444730077121,0.865804058882403,0.855003270202479
20,5,0.76,0.906183368869936,0.922110552763819,0.816901408450704,0.965789473684211,0.943444730077121,0.890261164979829,0,90.6183368869936,92.2110552763819,81.6901408450704,96.5789473684211,94.3444730077121,0.865804058882403,0.855003270202479
20,5,0.77,0.906183368869936,0.922110552763819,0.816901408450704,0.965789473684211,0.943444730077121,0.890261164979829,0,90.6183368869936,92.2110552763819,81.6901408450704,96.5789473684211,94.3444730077121,0.865804058882403,0.855003270202479
20,5,0.78,0.906183368869936,0.922110552763819,0.816901408450704,0.965789473684211,0.943444730077121,0.890261164979829,0,90.6183368869936,92.2110552763819,81.6901408450704,96.5789473684211,94.3444730077121,0.865804058882403,0.855003270202479
20,5,0.79,0.906183368869936,0.922110552763819,0.816901408450704,0.965789473684211,0.943444730077121,0.890261164979829,0,90.6183368869936,92.2110552763819,81.6901408450704,96.5789473684211,94.3444730077121,0.865804058882403,0.855003270202479
20,5,0.8,0.906183368869936,0.922110552763819,0.816901408450704,0.965789473684211,0.943444730077121,0.890261164979829,0,90.6183368869936,92.2110552763819,81.6901408450704,96.5789473684211,94.3444730077121,0.865804058882403,0.855003270202479
20,5,0.81,0.906183368869936,0.922110552763819,0.816901408450704,0.965789473684211,0.943444730077121,0.890261164979829,0,90.6183368869936,92.2110552763819,81.6901408450704,96.5789473684211,94.3444730077121,0.865804058882403,0.855003270202479
20,5,0.82,0.906183368869936,0.922110552763819,0.816901408450704,0.965789473684211,0.943444730077121,0.890261164979829,0,90.6183368869936,92.2110552763819,81.6901408450704,96.5789473684211,94.3444730077121,0.865804058882403,0.855003270202479
20,5,0.83,0.906183368869936,0.922110552763819,0.816901408450704,0.965789473684211,0.943444730077121,0.890261164979829,0,90.6183368869936,92.2110552763819,81.6901408450704,96.5789473684211,94.3444730077121,0.865804058882403,0.855003270202479
20,5,0.84,0.906183368869936,0.922110552763819,0.816901408450704,0.965789473684211,0.943444730077121,0.890261164979829,0,90.6183368869936,92.2110552763819,81.6901408450704,96.5789473684211,94.3444730077121,0.865804058882403,0.855003270202479
20,5,0.85,0.906183368869936,0.922110552763819,0.816901408450704,0.965789473684211,0.943444730077121,0.890261164979829,0,90.6183368869936,92.2110552763819,81.6901408450704,96.5789473684211,94.3444730077121,0.865804058882403,0.855003270202479
20,5,0.86,0.906183368869936,0.922110552763819,0.816901408450704,0.965789473684211,0.943444730077121,0.890261164979829,0,90.6183368869936,92.2110552763819,81.6901408450704,96.5789473684211,94.3444730077121,0.865804058882403,0.855003270202479
20,5,0.87,0.906183368869936,0.922110552763819,0.816901408450704,0.965789473684211,0.943444730077121,0.890261164979829,0,90.6183368869936,92.2110552763819,81.6901408450704,96.5789473684211,94.3444730077121,0.865804058882403,0.855003270202479
20,5,0.88,0.906183368869936,0.922110552763819,0.816901408450704,0.965789473684211,0.943444730077121,0.890261164979829,0,90.6183368869936,92.2110552763819,81.6901408450704,96.5789473684211,94.3444730077121,0.865804058882403,0.855003270202479
20,5,0.89,0.906183368869936,0.922110552763819,0.816901408450704,0.965789473684211,0.943444730077121,0.890261164979829,0,90.6183368869936,92.2110552763819,81.6901408450704,96.5789473684211,94.3444730077121,0.865804058882403,0.855003270202479
20,5,0.9,0.906183368869936,0.922110552763819,0.816901408450704,0.965789473684211,0.943444730077121,0.890261164979829,0,90.6183368869936,92.2110552763819,81.6901408450704,96.5789473684211,94.3444730077121,0.865804058882403,0.855003270202479
20,5,0.91,0.906183368869936,0.922110552763819,0.816901408450704,0.965789473684211,0.943444730077121,0.890261164979829,0,90.6183368869936,92.2110552763819,81.6901408450704,96.5789473684211,94.3444730077121,0.865804058882403,0.855003270202479
20,5,0.92,0.906183368869936,0.922110552763819,0.816901408450704,0.965789473684211,0.943444730077121,0.890261164979829,0,90.6183368869936,92.2110552763819,81.6901408450704,96.5789473684211,94.3444730077121,0.865804058882403,0.855003270202479
5,5,0.1,0.904051172707889,0.919597989949749,0.816901408450704,0.965699208443272,0.942084942084942,0.905106518508033,0,90.4051172707889,91.9597989949749,81.6901408450704,96.5699208443272,94.2084942084942,0.863766872861504,0.854093336739857
5,5,0.11,0.904051172707889,0.919597989949749,0.816901408450704,0.965699208443272,0.942084942084942,0.905106518508033,0,90.4051172707889,91.9597989949749,81.6901408450704,96.5699208443272,94.2084942084942,0.863766872861504,0.854093336739857
5,5,0.12,0.904051172707889,0.919597989949749,0.816901408450704,0.965699208443272,0.942084942084942,0.905106518508033,0,90.4051172707889,91.9597989949749,81.6901408450704,96.5699208443272,94.2084942084942,0.863766872861504,0.854093336739857
5,5,0.13,0.904051172707889,0.919597989949749,0.816901408450704,0.965699208443272,0.942084942084942,0.905106518508033,0,90.4051172707889,91.9597989949749,81.6901408450704,96.5699208443272,94.2084942084942,0.863766872861504,0.854093336739857
5,5,0.14,0.904051172707889,0.919597989949749,0.816901408450704,0.965699208443272,0.942084942084942,0.905106518508033,0,90.4051172707889,91.9597989949749,81.6901408450704,96.5699208443272,94.2084942084942,0.863766872861504,0.854093336739857
5,10,0.12,0.884861407249467,0.894472361809045,0.830985915492958,0.967391304347826,0.929503916449086,0.865170925047774,0,88.4861407249467,89.4472361809045,83.0985915492958,96.7391304347826,92.9503916449086,0.854726597592185,0.853977755379498
50,5,0.75,0.884861407249467,0.894472361809045,0.830985915492958,0.967391304347826,0.929503916449086,0.861738268808833,0,88.4861407249467,89.4472361809045,83.0985915492958,96.7391304347826,92.9503916449086,0.854726597592185,0.853977755379498
50,5,0.76,0.884861407249467,0.894472361809045,0.830985915492958,0.967391304347826,0.929503916449086,0.861738268808833,0,88.4861407249467,89.4472361809045,83.0985915492958,96.7391304347826,92.9503916449086,0.854726597592185,0.853977755379498
50,5,0.77,0.884861407249467,0.894472361809045,0.830985915492958,0.967391304347826,0.929503916449086,0.861738268808833,0,88.4861407249467,89.4472361809045,83.0985915492958,96.7391304347826,92.9503916449086,0.854726597592185,0.853977755379498
50,5,0.78,0.884861407249467,0.894472361809045,0.830985915492958,0.967391304347826,0.929503916449086,0.861738268808833,0,88.4861407249467,89.4472361809045,83.0985915492958,96.7391304347826,92.9503916449086,0.854726597592185,0.853977755379498
50,5,0.79,0.884861407249467,0.894472361809045,0.830985915492958,0.967391304347826,0.929503916449086,0.861738268808833,0,88.4861407249467,89.4472361809045,83.0985915492958,96.7391304347826,92.9503916449086,0.854726597592185,0.853977755379498
50,5,0.8,0.884861407249467,0.894472361809045,0.830985915492958,0.967391304347826,0.929503916449086,0.861738268808833,0,88.4861407249467,89.4472361809045,83.0985915492958,96.7391304347826,92.9503916449086,0.854726597592185,0.853977755379498
50,5,0.81,0.884861407249467,0.894472361809045,0.830985915492958,0.967391304347826,0.929503916449086,0.861738268808833,0,88.4861407249467,89.4472361809045,83.0985915492958,96.7391304347826,92.9503916449086,0.854726597592185,0.853977755379498
50,5,0.82,0.884861407249467,0.894472361809045,0.830985915492958,0.967391304347826,0.929503916449086,0.861738268808833,0,88.4861407249467,89.4472361809045,83.0985915492958,96.7391304347826,92.9503916449086,0.854726597592185,0.853977755379498
50,5,0.83,0.884861407249467,0.894472361809045,0.830985915492958,0.967391304347826,0.929503916449086,0.861738268808833,0,88.4861407249467,89.4472361809045,83.0985915492958,96.7391304347826,92.9503916449086,0.854726597592185,0.853977755379498
50,5,0.84,0.884861407249467,0.894472361809045,0.830985915492958,0.967391304347826,0.929503916449086,0.861738268808833,0,88.4861407249467,89.4472361809045,83.0985915492958,96.7391304347826,92.9503916449086,0.854726597592185,0.853977755379498
50,5,0.85,0.884861407249467,0.894472361809045,0.830985915492958,0.967391304347826,0.929503916449086,0.861738268808833,0,88.4861407249467,89.4472361809045,83.0985915492958,96.7391304347826,92.9503916449086,0.854726597592185,0.853977755379498
50,5,0.86,0.884861407249467,0.894472361809045,0.830985915492958,0.967391304347826,0.929503916449086,0.861738268808833,0,88.4861407249467,89.4472361809045,83.0985915492958,96.7391304347826,92.9503916449086,0.854726597592185,0.853977755379498
50,5,0.87,0.884861407249467,0.894472361809045,0.830985915492958,0.967391304347826,0.929503916449086,0.861738268808833,0,88.4861407249467,89.4472361809045,83.0985915492958,96.7391304347826,92.9503916449086,0.854726597592185,0.853977755379498
50,5,0.88,0.884861407249467,0.894472361809045,0.830985915492958,0.967391304347826,0.929503916449086,0.861738268808833,0,88.4861407249467,89.4472361809045,83.0985915492958,96.7391304347826,92.9503916449086,0.854726597592185,0.853977755379498
50,5,0.89,0.884861407249467,0.894472361809045,0.830985915492958,0.967391304347826,0.929503916449086,0.861738268808833,0,88.4861407249467,89.4472361809045,83.0985915492958,96.7391304347826,92.9503916449086,0.854726597592185,0.853977755379498
50,5,0.9,0.884861407249467,0.894472361809045,0.830985915492958,0.967391304347826,0.929503916449086,0.861738268808833,0,88.4861407249467,89.4472361809045,83.0985915492958,96.7391304347826,92.9503916449086,0.854726597592185,0.853977755379498
50,5,0.91,0.884861407249467,0.894472361809045,0.830985915492958,0.967391304347826,0.929503916449086,0.861738268808833,0,88.4861407249467,89.4472361809045,83.0985915492958,96.7391304347826,92.9503916449086,0.854726597592185,0.853977755379498
50,5,0.92,0.884861407249467,0.894472361809045,0.830985915492958,0.967391304347826,0.929503916449086,0.861738268808833,0,88.4861407249467,89.4472361809045,83.0985915492958,96.7391304347826,92.9503916449086,0.854726597592185,0.853977755379498
50,5,0.93,0.884861407249467,0.894472361809045,0.830985915492958,0.967391304347826,0.929503916449086,0.861738268808833,0,88.4861407249467,89.4472361809045,83.0985915492958,96.7391304347826,92.9503916449086,0.854726597592185,0.853977755379498
50,5,0.94,0.884861407249467,0.894472361809045,0.830985915492958,0.967391304347826,0.929503916449086,0.861738268808833,0,88.4861407249467,89.4472361809045,83.0985915492958,96.7391304347826,92.9503916449086,0.854726597592185,0.853977755379498
50,5,0.95,0.884861407249467,0.894472361809045,0.830985915492958,0.967391304347826,0.929503916449086,0.861738268808833,0,88.4861407249467,89.4472361809045,83.0985915492958,96.7391304347826,92.9503916449086,0.854726597592185,0.853977755379498
20,10,0.95,0.846481876332623,0.844221105527638,0.859154929577465,0.971098265895954,0.903225806451613,0.860977422322882,0,84.6481876332623,84.4221105527638,85.9154929577465,97.1098265895954,90.3225806451613,0.797878442966345,0.85374659265878
15,8,0.6,0.88272921108742,0.891959798994975,0.830985915492958,0.967302452316076,0.928104575163399,0.881520277443556,0,88.272921108742,89.1959798994975,83.0985915492958,96.7302452316076,92.8104575163399,0.8502718833635,0.853067821916876
15,8,0.61,0.88272921108742,0.891959798994975,0.830985915492958,0.967302452316076,0.928104575163399,0.881520277443556,0,88.272921108742,89.1959798994975,83.0985915492958,96.7302452316076,92.8104575163399,0.8502718833635,0.853067821916876
30,8,0.83,0.88272921108742,0.891959798994975,0.830985915492958,0.967302452316076,0.928104575163399,0.867541935027249,0,88.272921108742,89.1959798994975,83.0985915492958,96.7302452316076,92.8104575163399,0.8502718833635,0.853067821916876
30,8,0.84,0.88272921108742,0.891959798994975,0.830985915492958,0.967302452316076,0.928104575163399,0.867541935027249,0,88.272921108742,89.1959798994975,83.0985915492958,96.7302452316076,92.8104575163399,0.8502718833635,0.853067821916876
15,10,0.55,0.899786780383795,0.914572864321608,0.816901408450704,0.96551724137931,0.939354838709678,0.850042465850379,0,89.9786780383795,91.4572864321608,81.6901408450704,96.551724137931,93.9354838709677,0.859692500819704,0.852273469814613
15,10,0.56,0.899786780383795,0.914572864321608,0.816901408450704,0.96551724137931,0.939354838709678,0.850042465850379,0,89.9786780383795,91.4572864321608,81.6901408450704,96.551724137931,93.9354838709677,0.859692500819704,0.852273469814613
15,10,0.57,0.899786780383795,0.914572864321608,0.816901408450704,0.96551724137931,0.939354838709678,0.850042465850379,0,89.9786780383795,91.4572864321608,81.6901408450704,96.551724137931,93.9354838709677,0.859692500819704,0.852273469814613
15,10,0.58,0.899786780383795,0.914572864321608,0.816901408450704,0.96551724137931,0.939354838709678,0.850042465850379,0,89.9786780383795,91.4572864321608,81.6901408450704,96.551724137931,93.9354838709677,0.859692500819704,0.852273469814613
15,10,0.59,0.899786780383795,0.914572864321608,0.816901408450704,0.96551724137931,0.939354838709678,0.850042465850379,0,89.9786780383795,91.4572864321608,81.6901408450704,96.551724137931,93.9354838709677,0.859692500819704,0.852273469814613
15,10,0.6,0.899786780383795,0.914572864321608,0.816901408450704,0.96551724137931,0.939354838709678,0.850042465850379,0,89.9786780383795,91.4572864321608,81.6901408450704,96.551724137931,93.9354838709677,0.859692500819704,0.852273469814613
20,8,0.42,0.899786780383795,0.914572864321608,0.816901408450704,0.96551724137931,0.939354838709678,0.880670960435983,0,89.9786780383795,91.4572864321608,81.6901408450704,96.551724137931,93.9354838709677,0.859692500819704,0.852273469814613
20,8,0.43,0.899786780383795,0.914572864321608,0.816901408450704,0.96551724137931,0.939354838709678,0.880670960435983,0,89.9786780383795,91.4572864321608,81.6901408450704,96.551724137931,93.9354838709677,0.859692500819704,0.852273469814613
20,8,0.44,0.899786780383795,0.914572864321608,0.816901408450704,0.96551724137931,0.939354838709678,0.880670960435983,0,89.9786780383795,91.4572864321608,81.6901408450704,96.551724137931,93.9354838709677,0.859692500819704,0.852273469814613
20,8,0.45,0.899786780383795,0.914572864321608,0.816901408450704,0.96551724137931,0.939354838709678,0.880670960435983,0,89.9786780383795,91.4572864321608,81.6901408450704,96.551724137931,93.9354838709677,0.859692500819704,0.852273469814613
20,8,0.46,0.899786780383795,0.914572864321608,0.816901408450704,0.96551724137931,0.939354838709678,0.880670960435983,0,89.9786780383795,91.4572864321608,81.6901408450704,96.551724137931,93.9354838709677,0.859692500819704,0.852273469814613
20,8,0.47,0.899786780383795,0.914572864321608,0.816901408450704,0.96551724137931,0.939354838709678,0.880670960435983,0,89.9786780383795,91.4572864321608,81.6901408450704,96.551724137931,93.9354838709677,0.859692500819704,0.852273469814613
20,8,0.48,0.899786780383795,0.914572864321608,0.816901408450704,0.96551724137931,0.939354838709678,0.880670960435983,0,89.9786780383795,91.4572864321608,81.6901408450704,96.551724137931,93.9354838709677,0.859692500819704,0.852273469814613
20,8,0.49,0.899786780383795,0.914572864321608,0.816901408450704,0.96551724137931,0.939354838709678,0.880670960435983,0,89.9786780383795,91.4572864321608,81.6901408450704,96.551724137931,93.9354838709677,0.859692500819704,0.852273469814613
20,8,0.5,0.899786780383795,0.914572864321608,0.816901408450704,0.96551724137931,0.939354838709678,0.880670960435983,0,89.9786780383795,91.4572864321608,81.6901408450704,96.551724137931,93.9354838709677,0.859692500819704,0.852273469814613
20,8,0.51,0.899786780383795,0.914572864321608,0.816901408450704,0.96551724137931,0.939354838709678,0.880670960435983,0,89.9786780383795,91.4572864321608,81.6901408450704,96.551724137931,93.9354838709677,0.859692500819704,0.852273469814613
20,8,0.52,0.899786780383795,0.914572864321608,0.816901408450704,0.96551724137931,0.939354838709678,0.880670960435983,0,89.9786780383795,91.4572864321608,81.6901408450704,96.551724137931,93.9354838709677,0.859692500819704,0.852273469814613
20,8,0.53,0.899786780383795,0.914572864321608,0.816901408450704,0.96551724137931,0.939354838709678,0.880670960435983,0,89.9786780383795,91.4572864321608,81.6901408450704,96.551724137931,93.9354838709677,0.859692500819704,0.852273469814613
20,8,0.54,0.899786780383795,0.914572864321608,0.816901408450704,0.96551724137931,0.939354838709678,0.880670960435983,0,89.9786780383795,91.4572864321608,81.6901408450704,96.551724137931,93.9354838709677,0.859692500819704,0.852273469814613
50,8,0.68,0.880597014925373,0.889447236180904,0.830985915492958,0.967213114754098,0.926701570680628,0.860110411210985,0,88.0597014925373,88.9447236180904,83.0985915492958,96.7213114754098,92.6701570680628,0.845828739821123,0.852157888454254
50,8,0.69,0.880597014925373,0.889447236180904,0.830985915492958,0.967213114754098,0.926701570680628,0.860110411210985,0,88.0597014925373,88.9447236180904,83.0985915492958,96.7213114754098,92.6701570680628,0.845828739821123,0.852157888454254
50,8,0.7,0.880597014925373,0.889447236180904,0.830985915492958,0.967213114754098,0.926701570680628,0.860110411210985,0,88.0597014925373,88.9447236180904,83.0985915492958,96.7213114754098,92.6701570680628,0.845828739821123,0.852157888454254
50,8,0.71,0.880597014925373,0.889447236180904,0.830985915492958,0.967213114754098,0.926701570680628,0.860110411210985,0,88.0597014925373,88.9447236180904,83.0985915492958,96.7213114754098,92.6701570680628,0.845828739821123,0.852157888454254
50,8,0.72,0.880597014925373,0.889447236180904,0.830985915492958,0.967213114754098,0.926701570680628,0.860110411210985,0,88.0597014925373,88.9447236180904,83.0985915492958,96.7213114754098,92.6701570680628,0.845828739821123,0.852157888454254
50,8,0.73,0.880597014925373,0.889447236180904,0.830985915492958,0.967213114754098,0.926701570680628,0.860110411210985,0,88.0597014925373,88.9447236180904,83.0985915492958,96.7213114754098,92.6701570680628,0.845828739821123,0.852157888454254
50,8,0.74,0.880597014925373,0.889447236180904,0.830985915492958,0.967213114754098,0.926701570680628,0.860110411210985,0,88.0597014925373,88.9447236180904,83.0985915492958,96.7213114754098,92.6701570680628,0.845828739821123,0.852157888454254
50,8,0.75,0.880597014925373,0.889447236180904,0.830985915492958,0.967213114754098,0.926701570680628,0.860110411210985,0,88.0597014925373,88.9447236180904,83.0985915492958,96.7213114754098,92.6701570680628,0.845828739821123,0.852157888454254
50,8,0.76,0.880597014925373,0.889447236180904,0.830985915492958,0.967213114754098,0.926701570680628,0.860110411210985,0,88.0597014925373,88.9447236180904,83.0985915492958,96.7213114754098,92.6701570680628,0.845828739821123,0.852157888454254
50,8,0.77,0.880597014925373,0.889447236180904,0.830985915492958,0.967213114754098,0.926701570680628,0.860110411210985,0,88.0597014925373,88.9447236180904,83.0985915492958,96.7213114754098,92.6701570680628,0.845828739821123,0.852157888454254
50,8,0.78,0.880597014925373,0.889447236180904,0.830985915492958,0.967213114754098,0.926701570680628,0.860110411210985,0,88.0597014925373,88.9447236180904,83.0985915492958,96.7213114754098,92.6701570680628,0.845828739821123,0.852157888454254
50,8,0.79,0.880597014925373,0.889447236180904,0.830985915492958,0.967213114754098,0.926701570680628,0.860110411210985,0,88.0597014925373,88.9447236180904,83.0985915492958,96.7213114754098,92.6701570680628,0.845828739821123,0.852157888454254
50,8,0.8,0.880597014925373,0.889447236180904,0.830985915492958,0.967213114754098,0.926701570680628,0.860110411210985,0,88.0597014925373,88.9447236180904,83.0985915492958,96.7213114754098,92.6701570680628,0.845828739821123,0.852157888454254
50,8,0.81,0.880597014925373,0.889447236180904,0.830985915492958,0.967213114754098,0.926701570680628,0.860110411210985,0,88.0597014925373,88.9447236180904,83.0985915492958,96.7213114754098,92.6701570680628,0.845828739821123,0.852157888454254
50,8,0.82,0.880597014925373,0.889447236180904,0.830985915492958,0.967213114754098,0.926701570680628,0.860110411210985,0,88.0597014925373,88.9447236180904,83.0985915492958,96.7213114754098,92.6701570680628,0.845828739821123,0.852157888454254
50,8,0.83,0.880597014925373,0.889447236180904,0.830985915492958,0.967213114754098,0.926701570680628,0.860110411210985,0,88.0597014925373,88.9447236180904,83.0985915492958,96.7213114754098,92.6701570680628,0.845828739821123,0.852157888454254
50,8,0.84,0.880597014925373,0.889447236180904,0.830985915492958,0.967213114754098,0.926701570680628,0.860110411210985,0,88.0597014925373,88.9447236180904,83.0985915492958,96.7213114754098,92.6701570680628,0.845828739821123,0.852157888454254
50,8,0.85,0.880597014925373,0.889447236180904,0.830985915492958,0.967213114754098,0.926701570680628,0.860110411210985,0,88.0597014925373,88.9447236180904,83.0985915492958,96.7213114754098,92.6701570680628,0.845828739821123,0.852157888454254
50,8,0.86,0.880597014925373,0.889447236180904,0.830985915492958,0.967213114754098,0.926701570680628,0.860110411210985,0,88.0597014925373,88.9447236180904,83.0985915492958,96.7213114754098,92.6701570680628,0.845828739821123,0.852157888454254
50,8,0.87,0.880597014925373,0.889447236180904,0.830985915492958,0.967213114754098,0.926701570680628,0.860110411210985,0,88.0597014925373,88.9447236180904,83.0985915492958,96.7213114754098,92.6701570680628,0.845828739821123,0.852157888454254
50,8,0.88,0.880597014925373,0.889447236180904,0.830985915492958,0.967213114754098,0.926701570680628,0.860110411210985,0,88.0597014925373,88.9447236180904,83.0985915492958,96.7213114754098,92.6701570680628,0.845828739821123,0.852157888454254
50,8,0.89,0.880597014925373,0.889447236180904,0.830985915492958,0.967213114754098,0.926701570680628,0.860110411210985,0,88.0597014925373,88.9447236180904,83.0985915492958,96.7213114754098,92.6701570680628,0.845828739821123,0.852157888454254
50,8,0.9,0.880597014925373,0.889447236180904,0.830985915492958,0.967213114754098,0.926701570680628,0.860110411210985,0,88.0597014925373,88.9447236180904,83.0985915492958,96.7213114754098,92.6701570680628,0.845828739821123,0.852157888454254
20,10,0.64,0.861407249466951,0.864321608040201,0.845070422535211,0.969014084507042,0.913678618857902,0.860977422322882,0,86.1407249466951,86.4321608040201,84.5070422535211,96.9014084507042,91.3678618857902,0.817651373073895,0.852042307093895
20,10,0.65,0.861407249466951,0.864321608040201,0.845070422535211,0.969014084507042,0.913678618857902,0.860977422322882,0,86.1407249466951,86.4321608040201,84.5070422535211,96.9014084507042,91.3678618857902,0.817651373073895,0.852042307093895
20,10,0.66,0.861407249466951,0.864321608040201,0.845070422535211,0.969014084507042,0.913678618857902,0.860977422322882,0,86.1407249466951,86.4321608040201,84.5070422535211,96.9014084507042,91.3678618857902,0.817651373073895,0.852042307093895
20,10,0.67,0.861407249466951,0.864321608040201,0.845070422535211,0.969014084507042,0.913678618857902,0.860977422322882,0,86.1407249466951,86.4321608040201,84.5070422535211,96.9014084507042,91.3678618857902,0.817651373073895,0.852042307093895
20,10,0.68,0.861407249466951,0.864321608040201,0.845070422535211,0.969014084507042,0.913678618857902,0.860977422322882,0,86.1407249466951,86.4321608040201,84.5070422535211,96.9014084507042,91.3678618857902,0.817651373073895,0.852042307093895
20,10,0.69,0.861407249466951,0.864321608040201,0.845070422535211,0.969014084507042,0.913678618857902,0.860977422322882,0,86.1407249466951,86.4321608040201,84.5070422535211,96.9014084507042,91.3678618857902,0.817651373073895,0.852042307093895
20,10,0.7,0.861407249466951,0.864321608040201,0.845070422535211,0.969014084507042,0.913678618857902,0.860977422322882,0,86.1407249466951,86.4321608040201,84.5070422535211,96.9014084507042,91.3678618857902,0.817651373073895,0.852042307093895
20,10,0.71,0.861407249466951,0.864321608040201,0.845070422535211,0.969014084507042,0.913678618857902,0.860977422322882,0,86.1407249466951,86.4321608040201,84.5070422535211,96.9014084507042,91.3678618857902,0.817651373073895,0.852042307093895
20,10,0.72,0.861407249466951,0.864321608040201,0.845070422535211,0.969014084507042,0.913678618857902,0.860977422322882,0,86.1407249466951,86.4321608040201,84.5070422535211,96.9014084507042,91.3678618857902,0.817651373073895,0.852042307093895
20,10,0.73,0.861407249466951,0.864321608040201,0.845070422535211,0.969014084507042,0.913678618857902,0.860977422322882,0,86.1407249466951,86.4321608040201,84.5070422535211,96.9014084507042,91.3678618857902,0.817651373073895,0.852042307093895
20,10,0.74,0.861407249466951,0.864321608040201,0.845070422535211,0.969014084507042,0.913678618857902,0.860977422322882,0,86.1407249466951,86.4321608040201,84.5070422535211,96.9014084507042,91.3678618857902,0.817651373073895,0.852042307093895
20,10,0.75,0.861407249466951,0.864321608040201,0.845070422535211,0.969014084507042,0.913678618857902,0.860977422322882,0,86.1407249466951,86.4321608040201,84.5070422535211,96.9014084507042,91.3678618857902,0.817651373073895,0.852042307093895
20,10,0.76,0.861407249466951,0.864321608040201,0.845070422535211,0.969014084507042,0.913678618857902,0.860977422322882,0,86.1407249466951,86.4321608040201,84.5070422535211,96.9014084507042,91.3678618857902,0.817651373073895,0.852042307093895
20,10,0.77,0.861407249466951,0.864321608040201,0.845070422535211,0.969014084507042,0.913678618857902,0.860977422322882,0,86.1407249466951,86.4321608040201,84.5070422535211,96.9014084507042,91.3678618857902,0.817651373073895,0.852042307093895
10,2,0.42,0.897654584221748,0.912060301507538,0.816901408450704,0.965425531914894,0.937984496124031,0.885059098308444,0,89.7654584221748,91.2060301507538,81.6901408450704,96.5425531914894,93.7984496124031,0.857655314798804,0.85136353635199
10,2,0.43,0.897654584221748,0.912060301507538,0.816901408450704,0.965425531914894,0.937984496124031,0.885059098308444,0,89.7654584221748,91.2060301507538,81.6901408450704,96.5425531914894,93.7984496124031,0.857655314798804,0.85136353635199
10,2,0.44,0.897654584221748,0.912060301507538,0.816901408450704,0.965425531914894,0.937984496124031,0.885059098308444,0,89.7654584221748,91.2060301507538,81.6901408450704,96.5425531914894,93.7984496124031,0.857655314798804,0.85136353635199
10,2,0.45,0.897654584221748,0.912060301507538,0.816901408450704,0.965425531914894,0.937984496124031,0.885059098308444,0,89.7654584221748,91.2060301507538,81.6901408450704,96.5425531914894,93.7984496124031,0.857655314798804,0.85136353635199
10,2,0.46,0.897654584221748,0.912060301507538,0.816901408450704,0.965425531914894,0.937984496124031,0.885059098308444,0,89.7654584221748,91.2060301507538,81.6901408450704,96.5425531914894,93.7984496124031,0.857655314798804,0.85136353635199
10,2,0.47,0.897654584221748,0.912060301507538,0.816901408450704,0.965425531914894,0.937984496124031,0.885059098308444,0,89.7654584221748,91.2060301507538,81.6901408450704,96.5425531914894,93.7984496124031,0.857655314798804,0.85136353635199
10,2,0.48,0.897654584221748,0.912060301507538,0.816901408450704,0.965425531914894,0.937984496124031,0.885059098308444,0,89.7654584221748,91.2060301507538,81.6901408450704,96.5425531914894,93.7984496124031,0.857655314798804,0.85136353635199
10,2,0.49,0.897654584221748,0.912060301507538,0.816901408450704,0.965425531914894,0.937984496124031,0.885059098308444,0,89.7654584221748,91.2060301507538,81.6901408450704,96.5425531914894,93.7984496124031,0.857655314798804,0.85136353635199
10,2,0.5,0.897654584221748,0.912060301507538,0.816901408450704,0.965425531914894,0.937984496124031,0.885059098308444,0,89.7654584221748,91.2060301507538,81.6901408450704,96.5425531914894,93.7984496124031,0.857655314798804,0.85136353635199
10,2,0.51,0.897654584221748,0.912060301507538,0.816901408450704,0.965425531914894,0.937984496124031,0.885059098308444,0,89.7654584221748,91.2060301507538,81.6901408450704,96.5425531914894,93.7984496124031,0.857655314798804,0.85136353635199
10,2,0.52,0.897654584221748,0.912060301507538,0.816901408450704,0.965425531914894,0.937984496124031,0.885059098308444,0,89.7654584221748,91.2060301507538,81.6901408450704,96.5425531914894,93.7984496124031,0.857655314798804,0.85136353635199
10,2,0.53,0.897654584221748,0.912060301507538,0.816901408450704,0.965425531914894,0.937984496124031,0.885059098308444,0,89.7654584221748,91.2060301507538,81.6901408450704,96.5425531914894,93.7984496124031,0.857655314798804,0.85136353635199
10,2,0.54,0.897654584221748,0.912060301507538,0.816901408450704,0.965425531914894,0.937984496124031,0.885059098308444,0,89.7654584221748,91.2060301507538,81.6901408450704,96.5425531914894,93.7984496124031,0.857655314798804,0.85136353635199
10,2,0.55,0.897654584221748,0.912060301507538,0.816901408450704,0.965425531914894,0.937984496124031,0.885059098308444,0,89.7654584221748,91.2060301507538,81.6901408450704,96.5425531914894,93.7984496124031,0.857655314798804,0.85136353635199
10,2,0.56,0.897654584221748,0.912060301507538,0.816901408450704,0.965425531914894,0.937984496124031,0.885059098308444,0,89.7654584221748,91.2060301507538,81.6901408450704,96.5425531914894,93.7984496124031,0.857655314798804,0.85136353635199
10,2,0.57,0.897654584221748,0.912060301507538,0.816901408450704,0.965425531914894,0.937984496124031,0.885059098308444,0,89.7654584221748,91.2060301507538,81.6901408450704,96.5425531914894,93.7984496124031,0.857655314798804,0.85136353635199
10,2,0.58,0.897654584221748,0.912060301507538,0.816901408450704,0.965425531914894,0.937984496124031,0.885059098308444,0,89.7654584221748,91.2060301507538,81.6901408450704,96.5425531914894,93.7984496124031,0.857655314798804,0.85136353635199
10,2,0.59,0.897654584221748,0.912060301507538,0.816901408450704,0.965425531914894,0.937984496124031,0.885059098308444,0,89.7654584221748,91.2060301507538,81.6901408450704,96.5425531914894,93.7984496124031,0.857655314798804,0.85136353635199
10,2,0.6,0.897654584221748,0.912060301507538,0.816901408450704,0.965425531914894,0.937984496124031,0.885059098308444,0,89.7654584221748,91.2060301507538,81.6901408450704,96.5425531914894,93.7984496124031,0.857655314798804,0.85136353635199
10,2,0.61,0.897654584221748,0.912060301507538,0.816901408450704,0.965425531914894,0.937984496124031,0.885059098308444,0,89.7654584221748,91.2060301507538,81.6901408450704,96.5425531914894,93.7984496124031,0.857655314798804,0.85136353635199
10,2,0.62,0.897654584221748,0.912060301507538,0.816901408450704,0.965425531914894,0.937984496124031,0.885059098308444,0,89.7654584221748,91.2060301507538,81.6901408450704,96.5425531914894,93.7984496124031,0.857655314798804,0.85136353635199
10,2,0.63,0.897654584221748,0.912060301507538,0.816901408450704,0.965425531914894,0.937984496124031,0.885059098308444,0,89.7654584221748,91.2060301507538,81.6901408450704,96.5425531914894,93.7984496124031,0.857655314798804,0.85136353635199
10,2,0.64,0.897654584221748,0.912060301507538,0.816901408450704,0.965425531914894,0.937984496124031,0.885059098308444,0,89.7654584221748,91.2060301507538,81.6901408450704,96.5425531914894,93.7984496124031,0.857655314798804,0.85136353635199
10,2,0.65,0.897654584221748,0.912060301507538,0.816901408450704,0.965425531914894,0.937984496124031,0.885059098308444,0,89.7654584221748,91.2060301507538,81.6901408450704,96.5425531914894,93.7984496124031,0.857655314798804,0.85136353635199
10,2,0.66,0.897654584221748,0.912060301507538,0.816901408450704,0.965425531914894,0.937984496124031,0.885059098308444,0,89.7654584221748,91.2060301507538,81.6901408450704,96.5425531914894,93.7984496124031,0.857655314798804,0.85136353635199
10,2,0.67,0.897654584221748,0.912060301507538,0.816901408450704,0.965425531914894,0.937984496124031,0.885059098308444,0,89.7654584221748,91.2060301507538,81.6901408450704,96.5425531914894,93.7984496124031,0.857655314798804,0.85136353635199
10,2,0.68,0.897654584221748,0.912060301507538,0.816901408450704,0.965425531914894,0.937984496124031,0.885059098308444,0,89.7654584221748,91.2060301507538,81.6901408450704,96.5425531914894,93.7984496124031,0.857655314798804,0.85136353635199
10,2,0.69,0.897654584221748,0.912060301507538,0.816901408450704,0.965425531914894,0.937984496124031,0.885059098308444,0,89.7654584221748,91.2060301507538,81.6901408450704,96.5425531914894,93.7984496124031,0.857655314798804,0.85136353635199
10,2,0.7,0.897654584221748,0.912060301507538,0.816901408450704,0.965425531914894,0.937984496124031,0.885059098308444,0,89.7654584221748,91.2060301507538,81.6901408450704,96.5425531914894,93.7984496124031,0.857655314798804,0.85136353635199
10,2,0.71,0.897654584221748,0.912060301507538,0.816901408450704,0.965425531914894,0.937984496124031,0.885059098308444,0,89.7654584221748,91.2060301507538,81.6901408450704,96.5425531914894,93.7984496124031,0.857655314798804,0.85136353635199
10,2,0.72,0.897654584221748,0.912060301507538,0.816901408450704,0.965425531914894,0.937984496124031,0.885059098308444,0,89.7654584221748,91.2060301507538,81.6901408450704,96.5425531914894,93.7984496124031,0.857655314798804,0.85136353635199
10,2,0.73,0.897654584221748,0.912060301507538,0.816901408450704,0.965425531914894,0.937984496124031,0.885059098308444,0,89.7654584221748,91.2060301507538,81.6901408450704,96.5425531914894,93.7984496124031,0.857655314798804,0.85136353635199
10,2,0.74,0.897654584221748,0.912060301507538,0.816901408450704,0.965425531914894,0.937984496124031,0.885059098308444,0,89.7654584221748,91.2060301507538,81.6901408450704,96.5425531914894,93.7984496124031,0.857655314798804,0.85136353635199
10,2,0.75,0.897654584221748,0.912060301507538,0.816901408450704,0.965425531914894,0.937984496124031,0.885059098308444,0,89.7654584221748,91.2060301507538,81.6901408450704,96.5425531914894,93.7984496124031,0.857655314798804,0.85136353635199
15,8,0.62,0.878464818763326,0.886934673366834,0.830985915492958,0.967123287671233,0.925294888597641,0.881520277443556,0,87.8464818763326,88.6934673366834,83.0985915492958,96.7123287671233,92.5294888597641,0.841397166965054,0.851247954991631
10,10,0.19,0.914712153518124,0.934673366834171,0.802816901408451,0.963730569948187,0.948979591836735,0.896011748885271,0,91.4712153518124,93.4673366834171,80.2816901408451,96.3730569948187,94.8979591836735,0.858884651190726,0.850569184249727
15,10,0.61,0.895522388059702,0.909547738693467,0.816901408450704,0.965333333333333,0.936610608020699,0.850042465850379,0,89.5522388059701,90.9547738693467,81.6901408450704,96.5333333333333,93.6610608020699,0.855618128777905,0.850453602889368
15,10,0.62,0.895522388059702,0.909547738693467,0.816901408450704,0.965333333333333,0.936610608020699,0.850042465850379,0,89.5522388059701,90.9547738693467,81.6901408450704,96.5333333333333,93.6610608020699,0.855618128777905,0.850453602889368
15,10,0.63,0.895522388059702,0.909547738693467,0.816901408450704,0.965333333333333,0.936610608020699,0.850042465850379,0,89.5522388059701,90.9547738693467,81.6901408450704,96.5333333333333,93.6610608020699,0.855618128777905,0.850453602889368
15,10,0.64,0.895522388059702,0.909547738693467,0.816901408450704,0.965333333333333,0.936610608020699,0.850042465850379,0,89.5522388059701,90.9547738693467,81.6901408450704,96.5333333333333,93.6610608020699,0.855618128777905,0.850453602889368
15,10,0.65,0.895522388059702,0.909547738693467,0.816901408450704,0.965333333333333,0.936610608020699,0.850042465850379,0,89.5522388059701,90.9547738693467,81.6901408450704,96.5333333333333,93.6610608020699,0.855618128777905,0.850453602889368
15,10,0.66,0.895522388059702,0.909547738693467,0.816901408450704,0.965333333333333,0.936610608020699,0.850042465850379,0,89.5522388059701,90.9547738693467,81.6901408450704,96.5333333333333,93.6610608020699,0.855618128777905,0.850453602889368
15,10,0.67,0.895522388059702,0.909547738693467,0.816901408450704,0.965333333333333,0.936610608020699,0.850042465850379,0,89.5522388059701,90.9547738693467,81.6901408450704,96.5333333333333,93.6610608020699,0.855618128777905,0.850453602889368
15,10,0.68,0.895522388059702,0.909547738693467,0.816901408450704,0.965333333333333,0.936610608020699,0.850042465850379,0,89.5522388059701,90.9547738693467,81.6901408450704,96.5333333333333,93.6610608020699,0.855618128777905,0.850453602889368
15,10,0.69,0.895522388059702,0.909547738693467,0.816901408450704,0.965333333333333,0.936610608020699,0.850042465850379,0,89.5522388059701,90.9547738693467,81.6901408450704,96.5333333333333,93.6610608020699,0.855618128777905,0.850453602889368
15,10,0.7,0.895522388059702,0.909547738693467,0.816901408450704,0.965333333333333,0.936610608020699,0.850042465850379,0,89.5522388059701,90.9547738693467,81.6901408450704,96.5333333333333,93.6610608020699,0.855618128777905,0.850453602889368
15,10,0.71,0.895522388059702,0.909547738693467,0.816901408450704,0.965333333333333,0.936610608020699,0.850042465850379,0,89.5522388059701,90.9547738693467,81.6901408450704,96.5333333333333,93.6610608020699,0.855618128777905,0.850453602889368
15,10,0.72,0.895522388059702,0.909547738693467,0.816901408450704,0.965333333333333,0.936610608020699,0.850042465850379,0,89.5522388059701,90.9547738693467,81.6901408450704,96.5333333333333,93.6610608020699,0.855618128777905,0.850453602889368
15,10,0.73,0.895522388059702,0.909547738693467,0.816901408450704,0.965333333333333,0.936610608020699,0.850042465850379,0,89.5522388059701,90.9547738693467,81.6901408450704,96.5333333333333,93.6610608020699,0.855618128777905,0.850453602889368
15,10,0.74,0.895522388059702,0.909547738693467,0.816901408450704,0.965333333333333,0.936610608020699,0.850042465850379,0,89.5522388059701,90.9547738693467,81.6901408450704,96.5333333333333,93.6610608020699,0.855618128777905,0.850453602889368
15,10,0.75,0.895522388059702,0.909547738693467,0.816901408450704,0.965333333333333,0.936610608020699,0.850042465850379,0,89.5522388059701,90.9547738693467,81.6901408450704,96.5333333333333,93.6610608020699,0.855618128777905,0.850453602889368
15,10,0.76,0.895522388059702,0.909547738693467,0.816901408450704,0.965333333333333,0.936610608020699,0.850042465850379,0,89.5522388059701,90.9547738693467,81.6901408450704,96.5333333333333,93.6610608020699,0.855618128777905,0.850453602889368
15,10,0.77,0.895522388059702,0.909547738693467,0.816901408450704,0.965333333333333,0.936610608020699,0.850042465850379,0,89.5522388059701,90.9547738693467,81.6901408450704,96.5333333333333,93.6610608020699,0.855618128777905,0.850453602889368
15,10,0.78,0.895522388059702,0.909547738693467,0.816901408450704,0.965333333333333,0.936610608020699,0.850042465850379,0,89.5522388059701,90.9547738693467,81.6901408450704,96.5333333333333,93.6610608020699,0.855618128777905,0.850453602889368
15,10,0.79,0.895522388059702,0.909547738693467,0.816901408450704,0.965333333333333,0.936610608020699,0.850042465850379,0,89.5522388059701,90.9547738693467,81.6901408450704,96.5333333333333,93.6610608020699,0.855618128777905,0.850453602889368
15,10,0.8,0.895522388059702,0.909547738693467,0.816901408450704,0.965333333333333,0.936610608020699,0.850042465850379,0,89.5522388059701,90.9547738693467,81.6901408450704,96.5333333333333,93.6610608020699,0.855618128777905,0.850453602889368
15,10,0.81,0.895522388059702,0.909547738693467,0.816901408450704,0.965333333333333,0.936610608020699,0.850042465850379,0,89.5522388059701,90.9547738693467,81.6901408450704,96.5333333333333,93.6610608020699,0.855618128777905,0.850453602889368
15,10,0.82,0.895522388059702,0.909547738693467,0.816901408450704,0.965333333333333,0.936610608020699,0.850042465850379,0,89.5522388059701,90.9547738693467,81.6901408450704,96.5333333333333,93.6610608020699,0.855618128777905,0.850453602889368
15,10,0.83,0.895522388059702,0.909547738693467,0.816901408450704,0.965333333333333,0.936610608020699,0.850042465850379,0,89.5522388059701,90.9547738693467,81.6901408450704,96.5333333333333,93.6610608020699,0.855618128777905,0.850453602889368
15,10,0.84,0.895522388059702,0.909547738693467,0.816901408450704,0.965333333333333,0.936610608020699,0.850042465850379,0,89.5522388059701,90.9547738693467,81.6901408450704,96.5333333333333,93.6610608020699,0.855618128777905,0.850453602889368
15,10,0.85,0.893390191897655,0.907035175879397,0.816901408450704,0.96524064171123,0.935233160621762,0.850042465850379,0,89.3390191897655,90.7035175879397,81.6901408450704,96.524064171123,93.5233160621762,0.853580942757005,0.849543669426746
15,10,0.86,0.893390191897655,0.907035175879397,0.816901408450704,0.96524064171123,0.935233160621762,0.850042465850379,0,89.3390191897655,90.7035175879397,81.6901408450704,96.524064171123,93.5233160621762,0.853580942757005,0.849543669426746
10,10,0.2,0.91044776119403,0.92964824120603,0.802816901408451,0.963541666666667,0.946291560102302,0.896011748885271,0,91.044776119403,92.964824120603,80.2816901408451,96.3541666666667,94.6291560102302,0.854880526942751,0.848749317324482
10,10,0.21,0.91044776119403,0.92964824120603,0.802816901408451,0.963541666666667,0.946291560102302,0.896011748885271,0,91.044776119403,92.964824120603,80.2816901408451,96.3541666666667,94.6291560102302,0.854880526942751,0.848749317324482
30,5,0.62,0.891257995735608,0.904522613065327,0.816901408450704,0.96514745308311,0.933852140077821,0.860499681506122,0,89.1257995735608,90.4522613065327,81.6901408450704,96.514745308311,93.3852140077821,0.851543756736105,0.848633735964124
30,5,0.63,0.891257995735608,0.904522613065327,0.816901408450704,0.96514745308311,0.933852140077821,0.860499681506122,0,89.1257995735608,90.4522613065327,81.6901408450704,96.514745308311,93.3852140077821,0.851543756736105,0.848633735964124
30,5,0.64,0.891257995735608,0.904522613065327,0.816901408450704,0.96514745308311,0.933852140077821,0.860499681506122,0,89.1257995735608,90.4522613065327,81.6901408450704,96.514745308311,93.3852140077821,0.851543756736105,0.848633735964124
30,5,0.65,0.891257995735608,0.904522613065327,0.816901408450704,0.96514745308311,0.933852140077821,0.860499681506122,0,89.1257995735608,90.4522613065327,81.6901408450704,96.514745308311,93.3852140077821,0.851543756736105,0.848633735964124
30,5,0.66,0.891257995735608,0.904522613065327,0.816901408450704,0.96514745308311,0.933852140077821,0.860499681506122,0,89.1257995735608,90.4522613065327,81.6901408450704,96.514745308311,93.3852140077821,0.851543756736105,0.848633735964124
30,5,0.67,0.891257995735608,0.904522613065327,0.816901408450704,0.96514745308311,0.933852140077821,0.860499681506122,0,89.1257995735608,90.4522613065327,81.6901408450704,96.514745308311,93.3852140077821,0.851543756736105,0.848633735964124
30,5,0.68,0.891257995735608,0.904522613065327,0.816901408450704,0.96514745308311,0.933852140077821,0.860499681506122,0,89.1257995735608,90.4522613065327,81.6901408450704,96.514745308311,93.3852140077821,0.851543756736105,0.848633735964124
30,5,0.69,0.891257995735608,0.904522613065327,0.816901408450704,0.96514745308311,0.933852140077821,0.860499681506122,0,89.1257995735608,90.4522613065327,81.6901408450704,96.514745308311,93.3852140077821,0.851543756736105,0.848633735964124
30,5,0.7,0.891257995735608,0.904522613065327,0.816901408450704,0.96514745308311,0.933852140077821,0.860499681506122,0,89.1257995735608,90.4522613065327,81.6901408450704,96.514745308311,93.3852140077821,0.851543756736105,0.848633735964124
30,5,0.71,0.891257995735608,0.904522613065327,0.816901408450704,0.96514745308311,0.933852140077821,0.860499681506122,0,89.1257995735608,90.4522613065327,81.6901408450704,96.514745308311,93.3852140077821,0.851543756736105,0.848633735964124
30,5,0.72,0.891257995735608,0.904522613065327,0.816901408450704,0.96514745308311,0.933852140077821,0.860499681506122,0,89.1257995735608,90.4522613065327,81.6901408450704,96.514745308311,93.3852140077821,0.851543756736105,0.848633735964124
30,5,0.73,0.891257995735608,0.904522613065327,0.816901408450704,0.96514745308311,0.933852140077821,0.860499681506122,0,89.1257995735608,90.4522613065327,81.6901408450704,96.514745308311,93.3852140077821,0.851543756736105,0.848633735964124
30,5,0.74,0.891257995735608,0.904522613065327,0.816901408450704,0.96514745308311,0.933852140077821,0.860499681506122,0,89.1257995735608,90.4522613065327,81.6901408450704,96.514745308311,93.3852140077821,0.851543756736105,0.848633735964124
30,5,0.75,0.891257995735608,0.904522613065327,0.816901408450704,0.96514745308311,0.933852140077821,0.860499681506122,0,89.1257995735608,90.4522613065327,81.6901408450704,96.514745308311,93.3852140077821,0.851543756736105,0.848633735964124
30,5,0.76,0.891257995735608,0.904522613065327,0.816901408450704,0.96514745308311,0.933852140077821,0.860499681506122,0,89.1257995735608,90.4522613065327,81.6901408450704,96.514745308311,93.3852140077821,0.851543756736105,0.848633735964124
30,5,0.77,0.891257995735608,0.904522613065327,0.816901408450704,0.96514745308311,0.933852140077821,0.860499681506122,0,89.1257995735608,90.4522613065327,81.6901408450704,96.514745308311,93.3852140077821,0.851543756736105,0.848633735964124
30,5,0.78,0.891257995735608,0.904522613065327,0.816901408450704,0.96514745308311,0.933852140077821,0.860499681506122,0,89.1257995735608,90.4522613065327,81.6901408450704,96.514745308311,93.3852140077821,0.851543756736105,0.848633735964124
30,5,0.79,0.891257995735608,0.904522613065327,0.816901408450704,0.96514745308311,0.933852140077821,0.860499681506122,0,89.1257995735608,90.4522613065327,81.6901408450704,96.514745308311,93.3852140077821,0.851543756736105,0.848633735964124
30,5,0.8,0.891257995735608,0.904522613065327,0.816901408450704,0.96514745308311,0.933852140077821,0.860499681506122,0,89.1257995735608,90.4522613065327,81.6901408450704,96.514745308311,93.3852140077821,0.851543756736105,0.848633735964124
30,5,0.81,0.891257995735608,0.904522613065327,0.816901408450704,0.96514745308311,0.933852140077821,0.860499681506122,0,89.1257995735608,90.4522613065327,81.6901408450704,96.514745308311,93.3852140077821,0.851543756736105,0.848633735964124
30,5,0.82,0.891257995735608,0.904522613065327,0.816901408450704,0.96514745308311,0.933852140077821,0.860499681506122,0,89.1257995735608,90.4522613065327,81.6901408450704,96.514745308311,93.3852140077821,0.851543756736105,0.848633735964124
30,5,0.83,0.891257995735608,0.904522613065327,0.816901408450704,0.96514745308311,0.933852140077821,0.860499681506122,0,89.1257995735608,90.4522613065327,81.6901408450704,96.514745308311,93.3852140077821,0.851543756736105,0.848633735964124
30,5,0.84,0.891257995735608,0.904522613065327,0.816901408450704,0.96514745308311,0.933852140077821,0.860499681506122,0,89.1257995735608,90.4522613065327,81.6901408450704,96.514745308311,93.3852140077821,0.851543756736105,0.848633735964124
30,5,0.85,0.891257995735608,0.904522613065327,0.816901408450704,0.96514745308311,0.933852140077821,0.860499681506122,0,89.1257995735608,90.4522613065327,81.6901408450704,96.514745308311,93.3852140077821,0.851543756736105,0.848633735964124
30,5,0.86,0.891257995735608,0.904522613065327,0.816901408450704,0.96514745308311,0.933852140077821,0.860499681506122,0,89.1257995735608,90.4522613065327,81.6901408450704,96.514745308311,93.3852140077821,0.851543756736105,0.848633735964124
50,8,0.55,0.891257995735608,0.904522613065327,0.816901408450704,0.96514745308311,0.933852140077821,0.860110411210985,0,89.1257995735608,90.4522613065327,81.6901408450704,96.514745308311,93.3852140077821,0.851543756736105,0.848633735964124
50,8,0.56,0.891257995735608,0.904522613065327,0.816901408450704,0.96514745308311,0.933852140077821,0.860110411210985,0,89.1257995735608,90.4522613065327,81.6901408450704,96.514745308311,93.3852140077821,0.851543756736105,0.848633735964124
50,8,0.57,0.891257995735608,0.904522613065327,0.816901408450704,0.96514745308311,0.933852140077821,0.860110411210985,0,89.1257995735608,90.4522613065327,81.6901408450704,96.514745308311,93.3852140077821,0.851543756736105,0.848633735964124
50,8,0.58,0.891257995735608,0.904522613065327,0.816901408450704,0.96514745308311,0.933852140077821,0.860110411210985,0,89.1257995735608,90.4522613065327,81.6901408450704,96.514745308311,93.3852140077821,0.851543756736105,0.848633735964124
50,8,0.59,0.891257995735608,0.904522613065327,0.816901408450704,0.96514745308311,0.933852140077821,0.860110411210985,0,89.1257995735608,90.4522613065327,81.6901408450704,96.514745308311,93.3852140077821,0.851543756736105,0.848633735964124
50,8,0.6,0.891257995735608,0.904522613065327,0.816901408450704,0.96514745308311,0.933852140077821,0.860110411210985,0,89.1257995735608,90.4522613065327,81.6901408450704,96.514745308311,93.3852140077821,0.851543756736105,0.848633735964124
50,8,0.61,0.891257995735608,0.904522613065327,0.816901408450704,0.96514745308311,0.933852140077821,0.860110411210985,0,89.1257995735608,90.4522613065327,81.6901408450704,96.514745308311,93.3852140077821,0.851543756736105,0.848633735964124
50,8,0.62,0.891257995735608,0.904522613065327,0.816901408450704,0.96514745308311,0.933852140077821,0.860110411210985,0,89.1257995735608,90.4522613065327,81.6901408450704,96.514745308311,93.3852140077821,0.851543756736105,0.848633735964124
50,8,0.63,0.891257995735608,0.904522613065327,0.816901408450704,0.96514745308311,0.933852140077821,0.860110411210985,0,89.1257995735608,90.4522613065327,81.6901408450704,96.514745308311,93.3852140077821,0.851543756736105,0.848633735964124
5,8,0.94,0.720682302771855,0.680904522613065,0.943661971830986,0.985454545454545,0.805349182763744,0.91119329039564,0,72.0682302771855,68.0904522613065,94.3661971830986,98.5454545454545,80.5349182763744,0.573936654180766,0.848503437183515
5,8,0.95,0.720682302771855,0.680904522613065,0.943661971830986,0.985454545454545,0.805349182763744,0.91119329039564,0,72.0682302771855,68.0904522613065,94.3661971830986,98.5454545454545,80.5349182763744,0.573936654180766,0.848503437183515
10,8,0.27,0.889125799573561,0.902010050251256,0.816901408450704,0.96505376344086,0.932467532467533,0.902045438459905,0,88.9125799573561,90.2010050251256,81.6901408450704,96.505376344086,93.2467532467533,0.849506570715205,0.847723802501501
10,8,0.28,0.889125799573561,0.902010050251256,0.816901408450704,0.96505376344086,0.932467532467533,0.902045438459905,0,88.9125799573561,90.2010050251256,81.6901408450704,96.505376344086,93.2467532467533,0.849506570715205,0.847723802501501
10,8,0.29,0.889125799573561,0.902010050251256,0.816901408450704,0.96505376344086,0.932467532467533,0.902045438459905,0,88.9125799573561,90.2010050251256,81.6901408450704,96.505376344086,93.2467532467533,0.849506570715205,0.847723802501501
10,8,0.3,0.889125799573561,0.902010050251256,0.816901408450704,0.96505376344086,0.932467532467533,0.902045438459905,0,88.9125799573561,90.2010050251256,81.6901408450704,96.505376344086,93.2467532467533,0.849506570715205,0.847723802501501
10,8,0.31,0.889125799573561,0.902010050251256,0.816901408450704,0.96505376344086,0.932467532467533,0.902045438459905,0,88.9125799573561,90.2010050251256,81.6901408450704,96.505376344086,93.2467532467533,0.849506570715205,0.847723802501501
10,8,0.32,0.889125799573561,0.902010050251256,0.816901408450704,0.96505376344086,0.932467532467533,0.902045438459905,0,88.9125799573561,90.2010050251256,81.6901408450704,96.505376344086,93.2467532467533,0.849506570715205,0.847723802501501
10,8,0.33,0.889125799573561,0.902010050251256,0.816901408450704,0.96505376344086,0.932467532467533,0.902045438459905,0,88.9125799573561,90.2010050251256,81.6901408450704,96.505376344086,93.2467532467533,0.849506570715205,0.847723802501501
10,8,0.34,0.889125799573561,0.902010050251256,0.816901408450704,0.96505376344086,0.932467532467533,0.902045438459905,0,88.9125799573561,90.2010050251256,81.6901408450704,96.505376344086,93.2467532467533,0.849506570715205,0.847723802501501
10,8,0.35,0.889125799573561,0.902010050251256,0.816901408450704,0.96505376344086,0.932467532467533,0.902045438459905,0,88.9125799573561,90.2010050251256,81.6901408450704,96.505376344086,93.2467532467533,0.849506570715205,0.847723802501501
10,8,0.36,0.889125799573561,0.902010050251256,0.816901408450704,0.96505376344086,0.932467532467533,0.902045438459905,0,88.9125799573561,90.2010050251256,81.6901408450704,96.505376344086,93.2467532467533,0.849506570715205,0.847723802501501
10,8,0.37,0.889125799573561,0.902010050251256,0.816901408450704,0.96505376344086,0.932467532467533,0.902045438459905,0,88.9125799573561,90.2010050251256,81.6901408450704,96.505376344086,93.2467532467533,0.849506570715205,0.847723802501501
10,8,0.38,0.889125799573561,0.902010050251256,0.816901408450704,0.96505376344086,0.932467532467533,0.902045438459905,0,88.9125799573561,90.2010050251256,81.6901408450704,96.505376344086,93.2467532467533,0.849506570715205,0.847723802501501
10,8,0.39,0.889125799573561,0.902010050251256,0.816901408450704,0.96505376344086,0.932467532467533,0.902045438459905,0,88.9125799573561,90.2010050251256,81.6901408450704,96.505376344086,93.2467532467533,0.849506570715205,0.847723802501501
10,8,0.4,0.889125799573561,0.902010050251256,0.816901408450704,0.96505376344086,0.932467532467533,0.902045438459905,0,88.9125799573561,90.2010050251256,81.6901408450704,96.505376344086,93.2467532467533,0.849506570715205,0.847723802501501
10,8,0.41,0.889125799573561,0.902010050251256,0.816901408450704,0.96505376344086,0.932467532467533,0.902045438459905,0,88.9125799573561,90.2010050251256,81.6901408450704,96.505376344086,93.2467532467533,0.849506570715205,0.847723802501501
10,8,0.42,0.889125799573561,0.902010050251256,0.816901408450704,0.96505376344086,0.932467532467533,0.902045438459905,0,88.9125799573561,90.2010050251256,81.6901408450704,96.505376344086,93.2467532467533,0.849506570715205,0.847723802501501
10,8,0.43,0.889125799573561,0.902010050251256,0.816901408450704,0.96505376344086,0.932467532467533,0.902045438459905,0,88.9125799573561,90.2010050251256,81.6901408450704,96.505376344086,93.2467532467533,0.849506570715205,0.847723802501501
10,8,0.44,0.889125799573561,0.902010050251256,0.816901408450704,0.96505376344086,0.932467532467533,0.902045438459905,0,88.9125799573561,90.2010050251256,81.6901408450704,96.505376344086,93.2467532467533,0.849506570715205,0.847723802501501
10,8,0.45,0.889125799573561,0.902010050251256,0.816901408450704,0.96505376344086,0.932467532467533,0.902045438459905,0,88.9125799573561,90.2010050251256,81.6901408450704,96.505376344086,93.2467532467533,0.849506570715205,0.847723802501501
10,8,0.46,0.889125799573561,0.902010050251256,0.816901408450704,0.96505376344086,0.932467532467533,0.902045438459905,0,88.9125799573561,90.2010050251256,81.6901408450704,96.505376344086,93.2467532467533,0.849506570715205,0.847723802501501
10,8,0.47,0.889125799573561,0.902010050251256,0.816901408450704,0.96505376344086,0.932467532467533,0.902045438459905,0,88.9125799573561,90.2010050251256,81.6901408450704,96.505376344086,93.2467532467533,0.849506570715205,0.847723802501501
10,8,0.48,0.889125799573561,0.902010050251256,0.816901408450704,0.96505376344086,0.932467532467533,0.902045438459905,0,88.9125799573561,90.2010050251256,81.6901408450704,96.505376344086,93.2467532467533,0.849506570715205,0.847723802501501
10,8,0.49,0.889125799573561,0.902010050251256,0.816901408450704,0.96505376344086,0.932467532467533,0.902045438459905,0,88.9125799573561,90.2010050251256,81.6901408450704,96.505376344086,93.2467532467533,0.849506570715205,0.847723802501501
10,8,0.5,0.889125799573561,0.902010050251256,0.816901408450704,0.96505376344086,0.932467532467533,0.902045438459905,0,88.9125799573561,90.2010050251256,81.6901408450704,96.505376344086,93.2467532467533,0.849506570715205,0.847723802501501
10,8,0.51,0.889125799573561,0.902010050251256,0.816901408450704,0.96505376344086,0.932467532467533,0.902045438459905,0,88.9125799573561,90.2010050251256,81.6901408450704,96.505376344086,93.2467532467533,0.849506570715205,0.847723802501501
10,8,0.52,0.889125799573561,0.902010050251256,0.816901408450704,0.96505376344086,0.932467532467533,0.902045438459905,0,88.9125799573561,90.2010050251256,81.6901408450704,96.505376344086,93.2467532467533,0.849506570715205,0.847723802501501
10,8,0.53,0.889125799573561,0.902010050251256,0.816901408450704,0.96505376344086,0.932467532467533,0.902045438459905,0,88.9125799573561,90.2010050251256,81.6901408450704,96.505376344086,93.2467532467533,0.849506570715205,0.847723802501501
10,8,0.54,0.889125799573561,0.902010050251256,0.816901408450704,0.96505376344086,0.932467532467533,0.902045438459905,0,88.9125799573561,90.2010050251256,81.6901408450704,96.505376344086,93.2467532467533,0.849506570715205,0.847723802501501
40,8,0.58,0.889125799573561,0.902010050251256,0.816901408450704,0.96505376344086,0.932467532467533,0.878176091726237,0,88.9125799573561,90.2010050251256,81.6901408450704,96.505376344086,93.2467532467533,0.849506570715205,0.847723802501501
40,8,0.59,0.889125799573561,0.902010050251256,0.816901408450704,0.96505376344086,0.932467532467533,0.878176091726237,0,88.9125799573561,90.2010050251256,81.6901408450704,96.505376344086,93.2467532467533,0.849506570715205,0.847723802501501
40,8,0.6,0.889125799573561,0.902010050251256,0.816901408450704,0.96505376344086,0.932467532467533,0.878176091726237,0,88.9125799573561,90.2010050251256,81.6901408450704,96.505376344086,93.2467532467533,0.849506570715205,0.847723802501501
40,8,0.61,0.889125799573561,0.902010050251256,0.816901408450704,0.96505376344086,0.932467532467533,0.878176091726237,0,88.9125799573561,90.2010050251256,81.6901408450704,96.505376344086,93.2467532467533,0.849506570715205,0.847723802501501
40,8,0.62,0.889125799573561,0.902010050251256,0.816901408450704,0.96505376344086,0.932467532467533,0.878176091726237,0,88.9125799573561,90.2010050251256,81.6901408450704,96.505376344086,93.2467532467533,0.849506570715205,0.847723802501501
40,8,0.63,0.889125799573561,0.902010050251256,0.816901408450704,0.96505376344086,0.932467532467533,0.878176091726237,0,88.9125799573561,90.2010050251256,81.6901408450704,96.505376344086,93.2467532467533,0.849506570715205,0.847723802501501
40,8,0.64,0.889125799573561,0.902010050251256,0.816901408450704,0.96505376344086,0.932467532467533,0.878176091726237,0,88.9125799573561,90.2010050251256,81.6901408450704,96.505376344086,93.2467532467533,0.849506570715205,0.847723802501501
40,8,0.65,0.889125799573561,0.902010050251256,0.816901408450704,0.96505376344086,0.932467532467533,0.878176091726237,0,88.9125799573561,90.2010050251256,81.6901408450704,96.505376344086,93.2467532467533,0.849506570715205,0.847723802501501
40,8,0.66,0.889125799573561,0.902010050251256,0.816901408450704,0.96505376344086,0.932467532467533,0.878176091726237,0,88.9125799573561,90.2010050251256,81.6901408450704,96.505376344086,93.2467532467533,0.849506570715205,0.847723802501501
40,8,0.67,0.889125799573561,0.902010050251256,0.816901408450704,0.96505376344086,0.932467532467533,0.878176091726237,0,88.9125799573561,90.2010050251256,81.6901408450704,96.505376344086,93.2467532467533,0.849506570715205,0.847723802501501
40,8,0.68,0.889125799573561,0.902010050251256,0.816901408450704,0.96505376344086,0.932467532467533,0.878176091726237,0,88.9125799573561,90.2010050251256,81.6901408450704,96.505376344086,93.2467532467533,0.849506570715205,0.847723802501501
40,8,0.69,0.889125799573561,0.902010050251256,0.816901408450704,0.96505376344086,0.932467532467533,0.878176091726237,0,88.9125799573561,90.2010050251256,81.6901408450704,96.505376344086,93.2467532467533,0.849506570715205,0.847723802501501
40,8,0.7,0.889125799573561,0.902010050251256,0.816901408450704,0.96505376344086,0.932467532467533,0.878176091726237,0,88.9125799573561,90.2010050251256,81.6901408450704,96.505376344086,93.2467532467533,0.849506570715205,0.847723802501501
40,8,0.71,0.889125799573561,0.902010050251256,0.816901408450704,0.96505376344086,0.932467532467533,0.878176091726237,0,88.9125799573561,90.2010050251256,81.6901408450704,96.505376344086,93.2467532467533,0.849506570715205,0.847723802501501
40,8,0.72,0.889125799573561,0.902010050251256,0.816901408450704,0.96505376344086,0.932467532467533,0.878176091726237,0,88.9125799573561,90.2010050251256,81.6901408450704,96.505376344086,93.2467532467533,0.849506570715205,0.847723802501501
40,8,0.73,0.889125799573561,0.902010050251256,0.816901408450704,0.96505376344086,0.932467532467533,0.878176091726237,0,88.9125799573561,90.2010050251256,81.6901408450704,96.505376344086,93.2467532467533,0.849506570715205,0.847723802501501
40,8,0.74,0.889125799573561,0.902010050251256,0.816901408450704,0.96505376344086,0.932467532467533,0.878176091726237,0,88.9125799573561,90.2010050251256,81.6901408450704,96.505376344086,93.2467532467533,0.849506570715205,0.847723802501501
40,8,0.75,0.889125799573561,0.902010050251256,0.816901408450704,0.96505376344086,0.932467532467533,0.878176091726237,0,88.9125799573561,90.2010050251256,81.6901408450704,96.505376344086,93.2467532467533,0.849506570715205,0.847723802501501
40,8,0.76,0.889125799573561,0.902010050251256,0.816901408450704,0.96505376344086,0.932467532467533,0.878176091726237,0,88.9125799573561,90.2010050251256,81.6901408450704,96.505376344086,93.2467532467533,0.849506570715205,0.847723802501501
10,2,0.27,0.906183368869936,0.924623115577889,0.802816901408451,0.963350785340314,0.943589743589744,0.885059098308444,0,90.6183368869936,92.462311557789,80.2816901408451,96.3350785340314,94.3589743589744,0.850876402694776,0.846929450399238
10,2,0.28,0.906183368869936,0.924623115577889,0.802816901408451,0.963350785340314,0.943589743589744,0.885059098308444,0,90.6183368869936,92.462311557789,80.2816901408451,96.3350785340314,94.3589743589744,0.850876402694776,0.846929450399238
10,2,0.29,0.906183368869936,0.924623115577889,0.802816901408451,0.963350785340314,0.943589743589744,0.885059098308444,0,90.6183368869936,92.462311557789,80.2816901408451,96.3350785340314,94.3589743589744,0.850876402694776,0.846929450399238
10,2,0.3,0.906183368869936,0.924623115577889,0.802816901408451,0.963350785340314,0.943589743589744,0.885059098308444,0,90.6183368869936,92.462311557789,80.2816901408451,96.3350785340314,94.3589743589744,0.850876402694776,0.846929450399238
10,2,0.31,0.906183368869936,0.924623115577889,0.802816901408451,0.963350785340314,0.943589743589744,0.885059098308444,0,90.6183368869936,92.462311557789,80.2816901408451,96.3350785340314,94.3589743589744,0.850876402694776,0.846929450399238
10,2,0.32,0.906183368869936,0.924623115577889,0.802816901408451,0.963350785340314,0.943589743589744,0.885059098308444,0,90.6183368869936,92.462311557789,80.2816901408451,96.3350785340314,94.3589743589744,0.850876402694776,0.846929450399238
10,2,0.33,0.906183368869936,0.924623115577889,0.802816901408451,0.963350785340314,0.943589743589744,0.885059098308444,0,90.6183368869936,92.462311557789,80.2816901408451,96.3350785340314,94.3589743589744,0.850876402694776,0.846929450399238
10,2,0.34,0.906183368869936,0.924623115577889,0.802816901408451,0.963350785340314,0.943589743589744,0.885059098308444,0,90.6183368869936,92.462311557789,80.2816901408451,96.3350785340314,94.3589743589744,0.850876402694776,0.846929450399238
10,2,0.35,0.906183368869936,0.924623115577889,0.802816901408451,0.963350785340314,0.943589743589744,0.885059098308444,0,90.6183368869936,92.462311557789,80.2816901408451,96.3350785340314,94.3589743589744,0.850876402694776,0.846929450399238
10,2,0.36,0.906183368869936,0.924623115577889,0.802816901408451,0.963350785340314,0.943589743589744,0.885059098308444,0,90.6183368869936,92.462311557789,80.2816901408451,96.3350785340314,94.3589743589744,0.850876402694776,0.846929450399238
10,2,0.37,0.906183368869936,0.924623115577889,0.802816901408451,0.963350785340314,0.943589743589744,0.885059098308444,0,90.6183368869936,92.462311557789,80.2816901408451,96.3350785340314,94.3589743589744,0.850876402694776,0.846929450399238
10,2,0.38,0.906183368869936,0.924623115577889,0.802816901408451,0.963350785340314,0.943589743589744,0.885059098308444,0,90.6183368869936,92.462311557789,80.2816901408451,96.3350785340314,94.3589743589744,0.850876402694776,0.846929450399238
10,2,0.39,0.906183368869936,0.924623115577889,0.802816901408451,0.963350785340314,0.943589743589744,0.885059098308444,0,90.6183368869936,92.462311557789,80.2816901408451,96.3350785340314,94.3589743589744,0.850876402694776,0.846929450399238
10,2,0.4,0.906183368869936,0.924623115577889,0.802816901408451,0.963350785340314,0.943589743589744,0.885059098308444,0,90.6183368869936,92.462311557789,80.2816901408451,96.3350785340314,94.3589743589744,0.850876402694776,0.846929450399238
10,2,0.41,0.906183368869936,0.924623115577889,0.802816901408451,0.963350785340314,0.943589743589744,0.885059098308444,0,90.6183368869936,92.462311557789,80.2816901408451,96.3350785340314,94.3589743589744,0.850876402694776,0.846929450399238
20,8,0.26,0.904051172707889,0.922110552763819,0.802816901408451,0.963254593175853,0.942233632862644,0.880670960435983,0,90.4051172707889,92.2110552763819,80.2816901408451,96.3254593175853,94.2233632862644,0.848874340570788,0.846019516936616
50,10,0.55,0.904051172707889,0.922110552763819,0.802816901408451,0.963254593175853,0.942233632862644,0.904434142543705,0,90.4051172707889,92.2110552763819,80.2816901408451,96.3254593175853,94.2233632862644,0.848874340570788,0.846019516936616
50,10,0.56,0.904051172707889,0.922110552763819,0.802816901408451,0.963254593175853,0.942233632862644,0.904434142543705,0,90.4051172707889,92.2110552763819,80.2816901408451,96.3254593175853,94.2233632862644,0.848874340570788,0.846019516936616
50,10,0.57,0.904051172707889,0.922110552763819,0.802816901408451,0.963254593175853,0.942233632862644,0.904434142543705,0,90.4051172707889,92.2110552763819,80.2816901408451,96.3254593175853,94.2233632862644,0.848874340570788,0.846019516936616
10,8,0.55,0.884861407249467,0.896984924623116,0.816901408450704,0.964864864864865,0.9296875,0.902045438459905,0,88.4861407249467,89.6984924623116,81.6901408450704,96.4864864864865,92.96875,0.842599930001133,0.845903935576257
10,8,0.56,0.884861407249467,0.896984924623116,0.816901408450704,0.964864864864865,0.9296875,0.902045438459905,0,88.4861407249467,89.6984924623116,81.6901408450704,96.4864864864865,92.96875,0.842599930001133,0.845903935576257
10,8,0.57,0.884861407249467,0.896984924623116,0.816901408450704,0.964864864864865,0.9296875,0.902045438459905,0,88.4861407249467,89.6984924623116,81.6901408450704,96.4864864864865,92.96875,0.842599930001133,0.845903935576257
10,8,0.58,0.884861407249467,0.896984924623116,0.816901408450704,0.964864864864865,0.9296875,0.902045438459905,0,88.4861407249467,89.6984924623116,81.6901408450704,96.4864864864865,92.96875,0.842599930001133,0.845903935576257
10,8,0.59,0.884861407249467,0.896984924623116,0.816901408450704,0.964864864864865,0.9296875,0.902045438459905,0,88.4861407249467,89.6984924623116,81.6901408450704,96.4864864864865,92.96875,0.842599930001133,0.845903935576257
10,8,0.6,0.884861407249467,0.896984924623116,0.816901408450704,0.964864864864865,0.9296875,0.902045438459905,0,88.4861407249467,89.6984924623116,81.6901408450704,96.4864864864865,92.96875,0.842599930001133,0.845903935576257
10,8,0.61,0.884861407249467,0.896984924623116,0.816901408450704,0.964864864864865,0.9296875,0.902045438459905,0,88.4861407249467,89.6984924623116,81.6901408450704,96.4864864864865,92.96875,0.842599930001133,0.845903935576257
10,8,0.62,0.884861407249467,0.896984924623116,0.816901408450704,0.964864864864865,0.9296875,0.902045438459905,0,88.4861407249467,89.6984924623116,81.6901408450704,96.4864864864865,92.96875,0.842599930001133,0.845903935576257
10,8,0.63,0.884861407249467,0.896984924623116,0.816901408450704,0.964864864864865,0.9296875,0.902045438459905,0,88.4861407249467,89.6984924623116,81.6901408450704,96.4864864864865,92.96875,0.842599930001133,0.845903935576257
10,8,0.64,0.884861407249467,0.896984924623116,0.816901408450704,0.964864864864865,0.9296875,0.902045438459905,0,88.4861407249467,89.6984924623116,81.6901408450704,96.4864864864865,92.96875,0.842599930001133,0.845903935576257
10,8,0.65,0.884861407249467,0.896984924623116,0.816901408450704,0.964864864864865,0.9296875,0.902045438459905,0,88.4861407249467,89.6984924623116,81.6901408450704,96.4864864864865,92.96875,0.842599930001133,0.845903935576257
10,8,0.66,0.884861407249467,0.896984924623116,0.816901408450704,0.964864864864865,0.9296875,0.902045438459905,0,88.4861407249467,89.6984924623116,81.6901408450704,96.4864864864865,92.96875,0.842599930001133,0.845903935576257
10,8,0.67,0.884861407249467,0.896984924623116,0.816901408450704,0.964864864864865,0.9296875,0.902045438459905,0,88.4861407249467,89.6984924623116,81.6901408450704,96.4864864864865,92.96875,0.842599930001133,0.845903935576257
10,8,0.68,0.884861407249467,0.896984924623116,0.816901408450704,0.964864864864865,0.9296875,0.902045438459905,0,88.4861407249467,89.6984924623116,81.6901408450704,96.4864864864865,92.96875,0.842599930001133,0.845903935576257
10,8,0.69,0.884861407249467,0.896984924623116,0.816901408450704,0.964864864864865,0.9296875,0.902045438459905,0,88.4861407249467,89.6984924623116,81.6901408450704,96.4864864864865,92.96875,0.842599930001133,0.845903935576257
10,8,0.7,0.884861407249467,0.896984924623116,0.816901408450704,0.964864864864865,0.9296875,0.902045438459905,0,88.4861407249467,89.6984924623116,81.6901408450704,96.4864864864865,92.96875,0.842599930001133,0.845903935576257
10,8,0.71,0.884861407249467,0.896984924623116,0.816901408450704,0.964864864864865,0.9296875,0.902045438459905,0,88.4861407249467,89.6984924623116,81.6901408450704,96.4864864864865,92.96875,0.842599930001133,0.845903935576257
10,8,0.72,0.884861407249467,0.896984924623116,0.816901408450704,0.964864864864865,0.9296875,0.902045438459905,0,88.4861407249467,89.6984924623116,81.6901408450704,96.4864864864865,92.96875,0.842599930001133,0.845903935576257
10,8,0.73,0.884861407249467,0.896984924623116,0.816901408450704,0.964864864864865,0.9296875,0.902045438459905,0,88.4861407249467,89.6984924623116,81.6901408450704,96.4864864864865,92.96875,0.842599930001133,0.845903935576257
30,5,0.87,0.884861407249467,0.896984924623116,0.816901408450704,0.964864864864865,0.9296875,0.860499681506122,0,88.4861407249467,89.6984924623116,81.6901408450704,96.4864864864865,92.96875,0.842599930001133,0.845903935576257
30,5,0.88,0.884861407249467,0.896984924623116,0.816901408450704,0.964864864864865,0.9296875,0.860499681506122,0,88.4861407249467,89.6984924623116,81.6901408450704,96.4864864864865,92.96875,0.842599930001133,0.845903935576257
30,5,0.89,0.884861407249467,0.896984924623116,0.816901408450704,0.964864864864865,0.9296875,0.860499681506122,0,88.4861407249467,89.6984924623116,81.6901408450704,96.4864864864865,92.96875,0.842599930001133,0.845903935576257
30,5,0.9,0.884861407249467,0.896984924623116,0.816901408450704,0.964864864864865,0.9296875,0.860499681506122,0,88.4861407249467,89.6984924623116,81.6901408450704,96.4864864864865,92.96875,0.842599930001133,0.845903935576257
30,5,0.91,0.884861407249467,0.896984924623116,0.816901408450704,0.964864864864865,0.9296875,0.860499681506122,0,88.4861407249467,89.6984924623116,81.6901408450704,96.4864864864865,92.96875,0.842599930001133,0.845903935576257
30,5,0.92,0.884861407249467,0.896984924623116,0.816901408450704,0.964864864864865,0.9296875,0.860499681506122,0,88.4861407249467,89.6984924623116,81.6901408450704,96.4864864864865,92.96875,0.842599930001133,0.845903935576257
30,5,0.93,0.884861407249467,0.896984924623116,0.816901408450704,0.964864864864865,0.9296875,0.860499681506122,0,88.4861407249467,89.6984924623116,81.6901408450704,96.4864864864865,92.96875,0.842599930001133,0.845903935576257
30,5,0.94,0.884861407249467,0.896984924623116,0.816901408450704,0.964864864864865,0.9296875,0.860499681506122,0,88.4861407249467,89.6984924623116,81.6901408450704,96.4864864864865,92.96875,0.842599930001133,0.845903935576257
30,5,0.95,0.884861407249467,0.896984924623116,0.816901408450704,0.964864864864865,0.9296875,0.860499681506122,0,88.4861407249467,89.6984924623116,81.6901408450704,96.4864864864865,92.96875,0.842599930001133,0.845903935576257
50,8,0.64,0.884861407249467,0.896984924623116,0.816901408450704,0.964864864864865,0.9296875,0.860110411210985,0,88.4861407249467,89.6984924623116,81.6901408450704,96.4864864864865,92.96875,0.842599930001133,0.845903935576257
50,8,0.65,0.884861407249467,0.896984924623116,0.816901408450704,0.964864864864865,0.9296875,0.860110411210985,0,88.4861407249467,89.6984924623116,81.6901408450704,96.4864864864865,92.96875,0.842599930001133,0.845903935576257
50,8,0.66,0.884861407249467,0.896984924623116,0.816901408450704,0.964864864864865,0.9296875,0.860110411210985,0,88.4861407249467,89.6984924623116,81.6901408450704,96.4864864864865,92.96875,0.842599930001133,0.845903935576257
50,8,0.67,0.884861407249467,0.896984924623116,0.816901408450704,0.964864864864865,0.9296875,0.860110411210985,0,88.4861407249467,89.6984924623116,81.6901408450704,96.4864864864865,92.96875,0.842599930001133,0.845903935576257
5,2,0.95,0.733475479744137,0.698492462311558,0.929577464788732,0.982332155477032,0.816446402349486,0.887890155000354,0,73.3475479744137,69.8492462311558,92.9577464788732,98.2332155477032,81.6446402349486,0.599212975311851,0.845889218156007
5,3,0.95,0.714285714285714,0.673366834170854,0.943661971830986,0.985294117647059,0.8,0.883095052728431,0,71.4285714285714,67.3366834170854,94.3661971830986,98.5294117647059,80,0.562545391955601,0.845773636795648
20,8,0.27,0.901918976545842,0.919597989949749,0.802816901408451,0.963157894736842,0.940874035989717,0.880670960435983,0,90.1918976545842,91.9597989949749,80.2816901408451,96.3157894736842,94.0874035989717,0.8468722784468,0.845109583473993
20,8,0.28,0.901918976545842,0.919597989949749,0.802816901408451,0.963157894736842,0.940874035989717,0.880670960435983,0,90.1918976545842,91.9597989949749,80.2816901408451,96.3157894736842,94.0874035989717,0.8468722784468,0.845109583473993
20,8,0.29,0.901918976545842,0.919597989949749,0.802816901408451,0.963157894736842,0.940874035989717,0.880670960435983,0,90.1918976545842,91.9597989949749,80.2816901408451,96.3157894736842,94.0874035989717,0.8468722784468,0.845109583473993
20,8,0.3,0.901918976545842,0.919597989949749,0.802816901408451,0.963157894736842,0.940874035989717,0.880670960435983,0,90.1918976545842,91.9597989949749,80.2816901408451,96.3157894736842,94.0874035989717,0.8468722784468,0.845109583473993
40,8,0.77,0.88272921108742,0.894472361809045,0.816901408450704,0.964769647696477,0.928292046936115,0.878176091726237,0,88.272921108742,89.4472361809045,81.6901408450704,96.4769647696477,92.8292046936115,0.838215032116952,0.844994002113634
40,8,0.78,0.88272921108742,0.894472361809045,0.816901408450704,0.964769647696477,0.928292046936115,0.878176091726237,0,88.272921108742,89.4472361809045,81.6901408450704,96.4769647696477,92.8292046936115,0.838215032116952,0.844994002113634
40,8,0.79,0.88272921108742,0.894472361809045,0.816901408450704,0.964769647696477,0.928292046936115,0.878176091726237,0,88.272921108742,89.4472361809045,81.6901408450704,96.4769647696477,92.8292046936115,0.838215032116952,0.844994002113634
40,10,0.57,0.88272921108742,0.894472361809045,0.816901408450704,0.964769647696477,0.928292046936115,0.909069997876707,0,88.272921108742,89.4472361809045,81.6901408450704,96.4769647696477,92.8292046936115,0.838215032116952,0.844994002113634
5,3,0.11,0.880597014925373,0.891959798994975,0.816901408450704,0.964673913043478,0.926892950391645,0.883095052728431,0,88.0597014925373,89.1959798994975,81.6901408450704,96.4673913043478,92.6892950391645,0.833841508805751,0.844084068651012
5,3,0.12,0.880597014925373,0.891959798994975,0.816901408450704,0.964673913043478,0.926892950391645,0.883095052728431,0,88.0597014925373,89.1959798994975,81.6901408450704,96.4673913043478,92.6892950391645,0.833841508805751,0.844084068651012
5,3,0.13,0.880597014925373,0.891959798994975,0.816901408450704,0.964673913043478,0.926892950391645,0.883095052728431,0,88.0597014925373,89.1959798994975,81.6901408450704,96.4673913043478,92.6892950391645,0.833841508805751,0.844084068651012
5,3,0.14,0.880597014925373,0.891959798994975,0.816901408450704,0.964673913043478,0.926892950391645,0.883095052728431,0,88.0597014925373,89.1959798994975,81.6901408450704,96.4673913043478,92.6892950391645,0.833841508805751,0.844084068651012
40,8,0.8,0.880597014925373,0.891959798994975,0.816901408450704,0.964673913043478,0.926892950391645,0.878176091726237,0,88.0597014925373,89.1959798994975,81.6901408450704,96.4673913043478,92.6892950391645,0.833841508805751,0.844084068651012
40,8,0.81,0.880597014925373,0.891959798994975,0.816901408450704,0.964673913043478,0.926892950391645,0.878176091726237,0,88.0597014925373,89.1959798994975,81.6901408450704,96.4673913043478,92.6892950391645,0.833841508805751,0.844084068651012
40,8,0.82,0.880597014925373,0.891959798994975,0.816901408450704,0.964673913043478,0.926892950391645,0.878176091726237,0,88.0597014925373,89.1959798994975,81.6901408450704,96.4673913043478,92.6892950391645,0.833841508805751,0.844084068651012
10,10,0.14,0.916844349680171,0.939698492462312,0.788732394366197,0.961439588688946,0.950444726810673,0.896011748885271,0,91.6844349680171,93.9698492462311,78.8732394366197,96.1439588688946,95.0444726810673,0.845783437642526,0.843405297909108
10,10,0.15,0.916844349680171,0.939698492462312,0.788732394366197,0.961439588688946,0.950444726810673,0.896011748885271,0,91.6844349680171,93.9698492462311,78.8732394366197,96.1439588688946,95.0444726810673,0.845783437642526,0.843405297909108
10,10,0.16,0.916844349680171,0.939698492462312,0.788732394366197,0.961439588688946,0.950444726810673,0.896011748885271,0,91.6844349680171,93.9698492462311,78.8732394366197,96.1439588688946,95.0444726810673,0.845783437642526,0.843405297909108
10,10,0.17,0.916844349680171,0.939698492462312,0.788732394366197,0.961439588688946,0.950444726810673,0.896011748885271,0,91.6844349680171,93.9698492462311,78.8732394366197,96.1439588688946,95.0444726810673,0.845783437642526,0.843405297909108
10,10,0.18,0.916844349680171,0.939698492462312,0.788732394366197,0.961439588688946,0.950444726810673,0.896011748885271,0,91.6844349680171,93.9698492462311,78.8732394366197,96.1439588688946,95.0444726810673,0.845783437642526,0.843405297909108
20,8,0.31,0.897654584221748,0.914572864321608,0.802816901408451,0.962962962962963,0.938144329896907,0.880670960435983,0,89.7654584221748,91.4572864321608,80.2816901408451,96.2962962962963,93.8144329896907,0.842868154198825,0.843289716548749
20,8,0.32,0.897654584221748,0.914572864321608,0.802816901408451,0.962962962962963,0.938144329896907,0.880670960435983,0,89.7654584221748,91.4572864321608,80.2816901408451,96.2962962962963,93.8144329896907,0.842868154198825,0.843289716548749
20,8,0.33,0.897654584221748,0.914572864321608,0.802816901408451,0.962962962962963,0.938144329896907,0.880670960435983,0,89.7654584221748,91.4572864321608,80.2816901408451,96.2962962962963,93.8144329896907,0.842868154198825,0.843289716548749
20,8,0.34,0.897654584221748,0.914572864321608,0.802816901408451,0.962962962962963,0.938144329896907,0.880670960435983,0,89.7654584221748,91.4572864321608,80.2816901408451,96.2962962962963,93.8144329896907,0.842868154198825,0.843289716548749
20,8,0.35,0.897654584221748,0.914572864321608,0.802816901408451,0.962962962962963,0.938144329896907,0.880670960435983,0,89.7654584221748,91.4572864321608,80.2816901408451,96.2962962962963,93.8144329896907,0.842868154198825,0.843289716548749
20,8,0.36,0.897654584221748,0.914572864321608,0.802816901408451,0.962962962962963,0.938144329896907,0.880670960435983,0,89.7654584221748,91.4572864321608,80.2816901408451,96.2962962962963,93.8144329896907,0.842868154198825,0.843289716548749
20,8,0.37,0.897654584221748,0.914572864321608,0.802816901408451,0.962962962962963,0.938144329896907,0.880670960435983,0,89.7654584221748,91.4572864321608,80.2816901408451,96.2962962962963,93.8144329896907,0.842868154198825,0.843289716548749
20,8,0.38,0.897654584221748,0.914572864321608,0.802816901408451,0.962962962962963,0.938144329896907,0.880670960435983,0,89.7654584221748,91.4572864321608,80.2816901408451,96.2962962962963,93.8144329896907,0.842868154198825,0.843289716548749
20,8,0.39,0.897654584221748,0.914572864321608,0.802816901408451,0.962962962962963,0.938144329896907,0.880670960435983,0,89.7654584221748,91.4572864321608,80.2816901408451,96.2962962962963,93.8144329896907,0.842868154198825,0.843289716548749
20,8,0.4,0.897654584221748,0.914572864321608,0.802816901408451,0.962962962962963,0.938144329896907,0.880670960435983,0,89.7654584221748,91.4572864321608,80.2816901408451,96.2962962962963,93.8144329896907,0.842868154198825,0.843289716548749
20,8,0.41,0.897654584221748,0.914572864321608,0.802816901408451,0.962962962962963,0.938144329896907,0.880670960435983,0,89.7654584221748,91.4572864321608,80.2816901408451,96.2962962962963,93.8144329896907,0.842868154198825,0.843289716548749
30,10,0.61,0.897654584221748,0.914572864321608,0.802816901408451,0.962962962962963,0.938144329896907,0.860234269941256,0,89.7654584221748,91.4572864321608,80.2816901408451,96.2962962962963,93.8144329896907,0.842868154198825,0.843289716548749
30,10,0.62,0.897654584221748,0.914572864321608,0.802816901408451,0.962962962962963,0.938144329896907,0.860234269941256,0,89.7654584221748,91.4572864321608,80.2816901408451,96.2962962962963,93.8144329896907,0.842868154198825,0.843289716548749
30,10,0.63,0.897654584221748,0.914572864321608,0.802816901408451,0.962962962962963,0.938144329896907,0.860234269941256,0,89.7654584221748,91.4572864321608,80.2816901408451,96.2962962962963,93.8144329896907,0.842868154198825,0.843289716548749
30,10,0.64,0.897654584221748,0.914572864321608,0.802816901408451,0.962962962962963,0.938144329896907,0.860234269941256,0,89.7654584221748,91.4572864321608,80.2816901408451,96.2962962962963,93.8144329896907,0.842868154198825,0.843289716548749
50,8,0.23,0.897654584221748,0.914572864321608,0.802816901408451,0.962962962962963,0.938144329896907,0.860110411210985,0,89.7654584221748,91.4572864321608,80.2816901408451,96.2962962962963,93.8144329896907,0.842868154198825,0.843289716548749
50,8,0.24,0.897654584221748,0.914572864321608,0.802816901408451,0.962962962962963,0.938144329896907,0.860110411210985,0,89.7654584221748,91.4572864321608,80.2816901408451,96.2962962962963,93.8144329896907,0.842868154198825,0.843289716548749
50,8,0.25,0.897654584221748,0.914572864321608,0.802816901408451,0.962962962962963,0.938144329896907,0.860110411210985,0,89.7654584221748,91.4572864321608,80.2816901408451,96.2962962962963,93.8144329896907,0.842868154198825,0.843289716548749
50,8,0.26,0.897654584221748,0.914572864321608,0.802816901408451,0.962962962962963,0.938144329896907,0.860110411210985,0,89.7654584221748,91.4572864321608,80.2816901408451,96.2962962962963,93.8144329896907,0.842868154198825,0.843289716548749
50,8,0.27,0.897654584221748,0.914572864321608,0.802816901408451,0.962962962962963,0.938144329896907,0.860110411210985,0,89.7654584221748,91.4572864321608,80.2816901408451,96.2962962962963,93.8144329896907,0.842868154198825,0.843289716548749
50,8,0.28,0.897654584221748,0.914572864321608,0.802816901408451,0.962962962962963,0.938144329896907,0.860110411210985,0,89.7654584221748,91.4572864321608,80.2816901408451,96.2962962962963,93.8144329896907,0.842868154198825,0.843289716548749
50,8,0.29,0.897654584221748,0.914572864321608,0.802816901408451,0.962962962962963,0.938144329896907,0.860110411210985,0,89.7654584221748,91.4572864321608,80.2816901408451,96.2962962962963,93.8144329896907,0.842868154198825,0.843289716548749
50,8,0.3,0.897654584221748,0.914572864321608,0.802816901408451,0.962962962962963,0.938144329896907,0.860110411210985,0,89.7654584221748,91.4572864321608,80.2816901408451,96.2962962962963,93.8144329896907,0.842868154198825,0.843289716548749
50,8,0.31,0.897654584221748,0.914572864321608,0.802816901408451,0.962962962962963,0.938144329896907,0.860110411210985,0,89.7654584221748,91.4572864321608,80.2816901408451,96.2962962962963,93.8144329896907,0.842868154198825,0.843289716548749
50,8,0.32,0.897654584221748,0.914572864321608,0.802816901408451,0.962962962962963,0.938144329896907,0.860110411210985,0,89.7654584221748,91.4572864321608,80.2816901408451,96.2962962962963,93.8144329896907,0.842868154198825,0.843289716548749
50,8,0.33,0.897654584221748,0.914572864321608,0.802816901408451,0.962962962962963,0.938144329896907,0.860110411210985,0,89.7654584221748,91.4572864321608,80.2816901408451,96.2962962962963,93.8144329896907,0.842868154198825,0.843289716548749
50,8,0.34,0.897654584221748,0.914572864321608,0.802816901408451,0.962962962962963,0.938144329896907,0.860110411210985,0,89.7654584221748,91.4572864321608,80.2816901408451,96.2962962962963,93.8144329896907,0.842868154198825,0.843289716548749
50,8,0.35,0.897654584221748,0.914572864321608,0.802816901408451,0.962962962962963,0.938144329896907,0.860110411210985,0,89.7654584221748,91.4572864321608,80.2816901408451,96.2962962962963,93.8144329896907,0.842868154198825,0.843289716548749
50,8,0.36,0.897654584221748,0.914572864321608,0.802816901408451,0.962962962962963,0.938144329896907,0.860110411210985,0,89.7654584221748,91.4572864321608,80.2816901408451,96.2962962962963,93.8144329896907,0.842868154198825,0.843289716548749
50,8,0.37,0.897654584221748,0.914572864321608,0.802816901408451,0.962962962962963,0.938144329896907,0.860110411210985,0,89.7654584221748,91.4572864321608,80.2816901408451,96.2962962962963,93.8144329896907,0.842868154198825,0.843289716548749
50,8,0.38,0.897654584221748,0.914572864321608,0.802816901408451,0.962962962962963,0.938144329896907,0.860110411210985,0,89.7654584221748,91.4572864321608,80.2816901408451,96.2962962962963,93.8144329896907,0.842868154198825,0.843289716548749
50,8,0.39,0.897654584221748,0.914572864321608,0.802816901408451,0.962962962962963,0.938144329896907,0.860110411210985,0,89.7654584221748,91.4572864321608,80.2816901408451,96.2962962962963,93.8144329896907,0.842868154198825,0.843289716548749
50,8,0.4,0.897654584221748,0.914572864321608,0.802816901408451,0.962962962962963,0.938144329896907,0.860110411210985,0,89.7654584221748,91.4572864321608,80.2816901408451,96.2962962962963,93.8144329896907,0.842868154198825,0.843289716548749
50,8,0.41,0.897654584221748,0.914572864321608,0.802816901408451,0.962962962962963,0.938144329896907,0.860110411210985,0,89.7654584221748,91.4572864321608,80.2816901408451,96.2962962962963,93.8144329896907,0.842868154198825,0.843289716548749
50,8,0.42,0.897654584221748,0.914572864321608,0.802816901408451,0.962962962962963,0.938144329896907,0.860110411210985,0,89.7654584221748,91.4572864321608,80.2816901408451,96.2962962962963,93.8144329896907,0.842868154198825,0.843289716548749
50,8,0.43,0.897654584221748,0.914572864321608,0.802816901408451,0.962962962962963,0.938144329896907,0.860110411210985,0,89.7654584221748,91.4572864321608,80.2816901408451,96.2962962962963,93.8144329896907,0.842868154198825,0.843289716548749
50,8,0.44,0.897654584221748,0.914572864321608,0.802816901408451,0.962962962962963,0.938144329896907,0.860110411210985,0,89.7654584221748,91.4572864321608,80.2816901408451,96.2962962962963,93.8144329896907,0.842868154198825,0.843289716548749
50,8,0.45,0.897654584221748,0.914572864321608,0.802816901408451,0.962962962962963,0.938144329896907,0.860110411210985,0,89.7654584221748,91.4572864321608,80.2816901408451,96.2962962962963,93.8144329896907,0.842868154198825,0.843289716548749
50,8,0.46,0.897654584221748,0.914572864321608,0.802816901408451,0.962962962962963,0.938144329896907,0.860110411210985,0,89.7654584221748,91.4572864321608,80.2816901408451,96.2962962962963,93.8144329896907,0.842868154198825,0.843289716548749
50,8,0.47,0.897654584221748,0.914572864321608,0.802816901408451,0.962962962962963,0.938144329896907,0.860110411210985,0,89.7654584221748,91.4572864321608,80.2816901408451,96.2962962962963,93.8144329896907,0.842868154198825,0.843289716548749
50,8,0.48,0.897654584221748,0.914572864321608,0.802816901408451,0.962962962962963,0.938144329896907,0.860110411210985,0,89.7654584221748,91.4572864321608,80.2816901408451,96.2962962962963,93.8144329896907,0.842868154198825,0.843289716548749
50,8,0.49,0.897654584221748,0.914572864321608,0.802816901408451,0.962962962962963,0.938144329896907,0.860110411210985,0,89.7654584221748,91.4572864321608,80.2816901408451,96.2962962962963,93.8144329896907,0.842868154198825,0.843289716548749
50,8,0.5,0.897654584221748,0.914572864321608,0.802816901408451,0.962962962962963,0.938144329896907,0.860110411210985,0,89.7654584221748,91.4572864321608,80.2816901408451,96.2962962962963,93.8144329896907,0.842868154198825,0.843289716548749
50,8,0.51,0.897654584221748,0.914572864321608,0.802816901408451,0.962962962962963,0.938144329896907,0.860110411210985,0,89.7654584221748,91.4572864321608,80.2816901408451,96.2962962962963,93.8144329896907,0.842868154198825,0.843289716548749
50,8,0.52,0.897654584221748,0.914572864321608,0.802816901408451,0.962962962962963,0.938144329896907,0.860110411210985,0,89.7654584221748,91.4572864321608,80.2816901408451,96.2962962962963,93.8144329896907,0.842868154198825,0.843289716548749
50,8,0.53,0.897654584221748,0.914572864321608,0.802816901408451,0.962962962962963,0.938144329896907,0.860110411210985,0,89.7654584221748,91.4572864321608,80.2816901408451,96.2962962962963,93.8144329896907,0.842868154198825,0.843289716548749
50,8,0.54,0.897654584221748,0.914572864321608,0.802816901408451,0.962962962962963,0.938144329896907,0.860110411210985,0,89.7654584221748,91.4572864321608,80.2816901408451,96.2962962962963,93.8144329896907,0.842868154198825,0.843289716548749
10,5,0.65,0.895522388059702,0.912060301507538,0.802816901408451,0.962864721485411,0.936774193548387,0.886510014863048,0,89.5522388059701,91.2060301507538,80.2816901408451,96.2864721485411,93.6774193548387,0.840866092074837,0.842379783086126
10,5,0.66,0.895522388059702,0.912060301507538,0.802816901408451,0.962864721485411,0.936774193548387,0.886510014863048,0,89.5522388059701,91.2060301507538,80.2816901408451,96.2864721485411,93.6774193548387,0.840866092074837,0.842379783086126
50,10,0.58,0.895522388059702,0.912060301507538,0.802816901408451,0.962864721485411,0.936774193548387,0.904434142543705,0,89.5522388059701,91.2060301507538,80.2816901408451,96.2864721485411,93.6774193548387,0.840866092074837,0.842379783086126
50,10,0.59,0.895522388059702,0.912060301507538,0.802816901408451,0.962864721485411,0.936774193548387,0.904434142543705,0,89.5522388059701,91.2060301507538,80.2816901408451,96.2864721485411,93.6774193548387,0.840866092074837,0.842379783086126
50,10,0.6,0.895522388059702,0.912060301507538,0.802816901408451,0.962864721485411,0.936774193548387,0.904434142543705,0,89.5522388059701,91.2060301507538,80.2816901408451,96.2864721485411,93.6774193548387,0.840866092074837,0.842379783086126
50,10,0.61,0.895522388059702,0.912060301507538,0.802816901408451,0.962864721485411,0.936774193548387,0.904434142543705,0,89.5522388059701,91.2060301507538,80.2816901408451,96.2864721485411,93.6774193548387,0.840866092074837,0.842379783086126
50,10,0.62,0.895522388059702,0.912060301507538,0.802816901408451,0.962864721485411,0.936774193548387,0.904434142543705,0,89.5522388059701,91.2060301507538,80.2816901408451,96.2864721485411,93.6774193548387,0.840866092074837,0.842379783086126
50,10,0.63,0.895522388059702,0.912060301507538,0.802816901408451,0.962864721485411,0.936774193548387,0.904434142543705,0,89.5522388059701,91.2060301507538,80.2816901408451,96.2864721485411,93.6774193548387,0.840866092074837,0.842379783086126
50,3,0.83,0.912579957356077,0.934673366834171,0.788732394366197,0.961240310077519,0.947770700636943,0.8588187415953,0,91.2579957356077,93.4673366834171,78.8732394366197,96.1240310077519,94.7770700636943,0.841849561188375,0.841585430983863
50,3,0.84,0.912579957356077,0.934673366834171,0.788732394366197,0.961240310077519,0.947770700636943,0.8588187415953,0,91.2579957356077,93.4673366834171,78.8732394366197,96.1240310077519,94.7770700636943,0.841849561188375,0.841585430983863
50,3,0.85,0.912579957356077,0.934673366834171,0.788732394366197,0.961240310077519,0.947770700636943,0.8588187415953,0,91.2579957356077,93.4673366834171,78.8732394366197,96.1240310077519,94.7770700636943,0.841849561188375,0.841585430983863
50,3,0.86,0.912579957356077,0.934673366834171,0.788732394366197,0.961240310077519,0.947770700636943,0.8588187415953,0,91.2579957356077,93.4673366834171,78.8732394366197,96.1240310077519,94.7770700636943,0.841849561188375,0.841585430983863
50,3,0.87,0.912579957356077,0.934673366834171,0.788732394366197,0.961240310077519,0.947770700636943,0.8588187415953,0,91.2579957356077,93.4673366834171,78.8732394366197,96.1240310077519,94.7770700636943,0.841849561188375,0.841585430983863
50,3,0.88,0.912579957356077,0.934673366834171,0.788732394366197,0.961240310077519,0.947770700636943,0.8588187415953,0,91.2579957356077,93.4673366834171,78.8732394366197,96.1240310077519,94.7770700636943,0.841849561188375,0.841585430983863
50,3,0.89,0.912579957356077,0.934673366834171,0.788732394366197,0.961240310077519,0.947770700636943,0.8588187415953,0,91.2579957356077,93.4673366834171,78.8732394366197,96.1240310077519,94.7770700636943,0.841849561188375,0.841585430983863
50,3,0.9,0.912579957356077,0.934673366834171,0.788732394366197,0.961240310077519,0.947770700636943,0.8588187415953,0,91.2579957356077,93.4673366834171,78.8732394366197,96.1240310077519,94.7770700636943,0.841849561188375,0.841585430983863
50,3,0.91,0.912579957356077,0.934673366834171,0.788732394366197,0.961240310077519,0.947770700636943,0.8588187415953,0,91.2579957356077,93.4673366834171,78.8732394366197,96.1240310077519,94.7770700636943,0.841849561188375,0.841585430983863
50,3,0.92,0.912579957356077,0.934673366834171,0.788732394366197,0.961240310077519,0.947770700636943,0.8588187415953,0,91.2579957356077,93.4673366834171,78.8732394366197,96.1240310077519,94.7770700636943,0.841849561188375,0.841585430983863
50,3,0.93,0.912579957356077,0.934673366834171,0.788732394366197,0.961240310077519,0.947770700636943,0.8588187415953,0,91.2579957356077,93.4673366834171,78.8732394366197,96.1240310077519,94.7770700636943,0.841849561188375,0.841585430983863
50,3,0.94,0.912579957356077,0.934673366834171,0.788732394366197,0.961240310077519,0.947770700636943,0.8588187415953,0,91.2579957356077,93.4673366834171,78.8732394366197,96.1240310077519,94.7770700636943,0.841849561188375,0.841585430983863
50,3,0.95,0.912579957356077,0.934673366834171,0.788732394366197,0.961240310077519,0.947770700636943,0.8588187415953,0,91.2579957356077,93.4673366834171,78.8732394366197,96.1240310077519,94.7770700636943,0.841849561188375,0.841585430983863
50,10,0.26,0.912579957356077,0.934673366834171,0.788732394366197,0.961240310077519,0.947770700636943,0.904434142543705,0,91.2579957356077,93.4673366834171,78.8732394366197,96.1240310077519,94.7770700636943,0.841849561188375,0.841585430983863
30,8,0.78,0.893390191897655,0.909547738693467,0.802816901408451,0.962765957446808,0.935400516795866,0.867541935027249,0,89.3390191897655,90.9547738693467,80.2816901408451,96.2765957446808,93.5400516795866,0.838864029950849,0.841469849623504
30,8,0.79,0.893390191897655,0.909547738693467,0.802816901408451,0.962765957446808,0.935400516795866,0.867541935027249,0,89.3390191897655,90.9547738693467,80.2816901408451,96.2765957446808,93.5400516795866,0.838864029950849,0.841469849623504
30,8,0.8,0.893390191897655,0.909547738693467,0.802816901408451,0.962765957446808,0.935400516795866,0.867541935027249,0,89.3390191897655,90.9547738693467,80.2816901408451,96.2765957446808,93.5400516795866,0.838864029950849,0.841469849623504
30,8,0.81,0.893390191897655,0.909547738693467,0.802816901408451,0.962765957446808,0.935400516795866,0.867541935027249,0,89.3390191897655,90.9547738693467,80.2816901408451,96.2765957446808,93.5400516795866,0.838864029950849,0.841469849623504
30,8,0.82,0.893390191897655,0.909547738693467,0.802816901408451,0.962765957446808,0.935400516795866,0.867541935027249,0,89.3390191897655,90.9547738693467,80.2816901408451,96.2765957446808,93.5400516795866,0.838864029950849,0.841469849623504
50,8,0.91,0.85501066098081,0.85929648241206,0.830985915492958,0.966101694915254,0.909574468085106,0.860110411210985,0,85.501066098081,85.929648241206,83.0985915492958,96.6101694915254,90.9574468085106,0.793413530844643,0.841238686902786
50,8,0.92,0.85501066098081,0.85929648241206,0.830985915492958,0.966101694915254,0.909574468085106,0.860110411210985,0,85.501066098081,85.929648241206,83.0985915492958,96.6101694915254,90.9574468085106,0.793413530844643,0.841238686902786
50,8,0.93,0.85501066098081,0.85929648241206,0.830985915492958,0.966101694915254,0.909574468085106,0.860110411210985,0,85.501066098081,85.929648241206,83.0985915492958,96.6101694915254,90.9574468085106,0.793413530844643,0.841238686902786
50,8,0.94,0.85501066098081,0.85929648241206,0.830985915492958,0.966101694915254,0.909574468085106,0.860110411210985,0,85.501066098081,85.929648241206,83.0985915492958,96.6101694915254,90.9574468085106,0.793413530844643,0.841238686902786
50,8,0.95,0.85501066098081,0.85929648241206,0.830985915492958,0.966101694915254,0.909574468085106,0.860110411210985,0,85.501066098081,85.929648241206,83.0985915492958,96.6101694915254,90.9574468085106,0.793413530844643,0.841238686902786
5,5,0.95,0.70362473347548,0.660804020100503,0.943661971830986,0.98501872659176,0.790977443609023,0.905106518508033,0,70.362473347548,66.0804020100502,94.3661971830986,98.501872659176,79.0977443609023,0.543810587745897,0.841223969482537
20,8,0.24,0.91044776119403,0.9321608040201,0.788732394366197,0.961139896373057,0.946428571428571,0.880670960435983,0,91.044776119403,93.21608040201,78.8732394366197,96.1139896373057,94.6428571428571,0.839882622961299,0.840675497521241
10,2,0.14,0.908315565031983,0.92964824120603,0.788732394366197,0.961038961038961,0.945083014048531,0.885059098308444,0,90.8315565031983,92.964824120603,78.8732394366197,96.1038961038961,94.5083014048531,0.837915684734224,0.839765564058618
10,2,0.15,0.908315565031983,0.92964824120603,0.788732394366197,0.961038961038961,0.945083014048531,0.885059098308444,0,90.8315565031983,92.964824120603,78.8732394366197,96.1038961038961,94.5083014048531,0.837915684734224,0.839765564058618
10,2,0.16,0.908315565031983,0.92964824120603,0.788732394366197,0.961038961038961,0.945083014048531,0.885059098308444,0,90.8315565031983,92.964824120603,78.8732394366197,96.1038961038961,94.5083014048531,0.837915684734224,0.839765564058618
10,2,0.17,0.908315565031983,0.92964824120603,0.788732394366197,0.961038961038961,0.945083014048531,0.885059098308444,0,90.8315565031983,92.964824120603,78.8732394366197,96.1038961038961,94.5083014048531,0.837915684734224,0.839765564058618
10,2,0.18,0.908315565031983,0.92964824120603,0.788732394366197,0.961038961038961,0.945083014048531,0.885059098308444,0,90.8315565031983,92.964824120603,78.8732394366197,96.1038961038961,94.5083014048531,0.837915684734224,0.839765564058618
10,2,0.19,0.908315565031983,0.92964824120603,0.788732394366197,0.961038961038961,0.945083014048531,0.885059098308444,0,90.8315565031983,92.964824120603,78.8732394366197,96.1038961038961,94.5083014048531,0.837915684734224,0.839765564058618
10,2,0.2,0.908315565031983,0.92964824120603,0.788732394366197,0.961038961038961,0.945083014048531,0.885059098308444,0,90.8315565031983,92.964824120603,78.8732394366197,96.1038961038961,94.5083014048531,0.837915684734224,0.839765564058618
10,2,0.21,0.908315565031983,0.92964824120603,0.788732394366197,0.961038961038961,0.945083014048531,0.885059098308444,0,90.8315565031983,92.964824120603,78.8732394366197,96.1038961038961,94.5083014048531,0.837915684734224,0.839765564058618
10,2,0.22,0.908315565031983,0.92964824120603,0.788732394366197,0.961038961038961,0.945083014048531,0.885059098308444,0,90.8315565031983,92.964824120603,78.8732394366197,96.1038961038961,94.5083014048531,0.837915684734224,0.839765564058618
10,2,0.23,0.908315565031983,0.92964824120603,0.788732394366197,0.961038961038961,0.945083014048531,0.885059098308444,0,90.8315565031983,92.964824120603,78.8732394366197,96.1038961038961,94.5083014048531,0.837915684734224,0.839765564058618
10,2,0.24,0.908315565031983,0.92964824120603,0.788732394366197,0.961038961038961,0.945083014048531,0.885059098308444,0,90.8315565031983,92.964824120603,78.8732394366197,96.1038961038961,94.5083014048531,0.837915684734224,0.839765564058618
10,2,0.25,0.908315565031983,0.92964824120603,0.788732394366197,0.961038961038961,0.945083014048531,0.885059098308444,0,90.8315565031983,92.964824120603,78.8732394366197,96.1038961038961,94.5083014048531,0.837915684734224,0.839765564058618
10,2,0.26,0.908315565031983,0.92964824120603,0.788732394366197,0.961038961038961,0.945083014048531,0.885059098308444,0,90.8315565031983,92.964824120603,78.8732394366197,96.1038961038961,94.5083014048531,0.837915684734224,0.839765564058618
50,8,0.21,0.908315565031983,0.92964824120603,0.788732394366197,0.961038961038961,0.945083014048531,0.860110411210985,0,90.8315565031983,92.964824120603,78.8732394366197,96.1038961038961,94.5083014048531,0.837915684734224,0.839765564058618
50,10,0.27,0.908315565031983,0.92964824120603,0.788732394366197,0.961038961038961,0.945083014048531,0.904434142543705,0,90.8315565031983,92.964824120603,78.8732394366197,96.1038961038961,94.5083014048531,0.837915684734224,0.839765564058618
50,10,0.28,0.908315565031983,0.92964824120603,0.788732394366197,0.961038961038961,0.945083014048531,0.904434142543705,0,90.8315565031983,92.964824120603,78.8732394366197,96.1038961038961,94.5083014048531,0.837915684734224,0.839765564058618
50,10,0.29,0.908315565031983,0.92964824120603,0.788732394366197,0.961038961038961,0.945083014048531,0.904434142543705,0,90.8315565031983,92.964824120603,78.8732394366197,96.1038961038961,94.5083014048531,0.837915684734224,0.839765564058618
50,10,0.3,0.908315565031983,0.92964824120603,0.788732394366197,0.961038961038961,0.945083014048531,0.904434142543705,0,90.8315565031983,92.964824120603,78.8732394366197,96.1038961038961,94.5083014048531,0.837915684734224,0.839765564058618
50,10,0.31,0.908315565031983,0.92964824120603,0.788732394366197,0.961038961038961,0.945083014048531,0.904434142543705,0,90.8315565031983,92.964824120603,78.8732394366197,96.1038961038961,94.5083014048531,0.837915684734224,0.839765564058618
50,10,0.32,0.908315565031983,0.92964824120603,0.788732394366197,0.961038961038961,0.945083014048531,0.904434142543705,0,90.8315565031983,92.964824120603,78.8732394366197,96.1038961038961,94.5083014048531,0.837915684734224,0.839765564058618
50,10,0.33,0.908315565031983,0.92964824120603,0.788732394366197,0.961038961038961,0.945083014048531,0.904434142543705,0,90.8315565031983,92.964824120603,78.8732394366197,96.1038961038961,94.5083014048531,0.837915684734224,0.839765564058618
50,10,0.34,0.908315565031983,0.92964824120603,0.788732394366197,0.961038961038961,0.945083014048531,0.904434142543705,0,90.8315565031983,92.964824120603,78.8732394366197,96.1038961038961,94.5083014048531,0.837915684734224,0.839765564058618
50,10,0.35,0.908315565031983,0.92964824120603,0.788732394366197,0.961038961038961,0.945083014048531,0.904434142543705,0,90.8315565031983,92.964824120603,78.8732394366197,96.1038961038961,94.5083014048531,0.837915684734224,0.839765564058618
50,10,0.36,0.908315565031983,0.92964824120603,0.788732394366197,0.961038961038961,0.945083014048531,0.904434142543705,0,90.8315565031983,92.964824120603,78.8732394366197,96.1038961038961,94.5083014048531,0.837915684734224,0.839765564058618
50,10,0.37,0.908315565031983,0.92964824120603,0.788732394366197,0.961038961038961,0.945083014048531,0.904434142543705,0,90.8315565031983,92.964824120603,78.8732394366197,96.1038961038961,94.5083014048531,0.837915684734224,0.839765564058618
50,10,0.38,0.908315565031983,0.92964824120603,0.788732394366197,0.961038961038961,0.945083014048531,0.904434142543705,0,90.8315565031983,92.964824120603,78.8732394366197,96.1038961038961,94.5083014048531,0.837915684734224,0.839765564058618
50,10,0.39,0.908315565031983,0.92964824120603,0.788732394366197,0.961038961038961,0.945083014048531,0.904434142543705,0,90.8315565031983,92.964824120603,78.8732394366197,96.1038961038961,94.5083014048531,0.837915684734224,0.839765564058618
40,8,0.55,0.889125799573561,0.904522613065327,0.802816901408451,0.962566844919786,0.932642487046632,0.878176091726237,0,88.9125799573561,90.4522613065327,80.2816901408451,96.2566844919786,93.2642487046632,0.834859905702874,0.83964998269826
40,8,0.56,0.889125799573561,0.904522613065327,0.802816901408451,0.962566844919786,0.932642487046632,0.878176091726237,0,88.9125799573561,90.4522613065327,80.2816901408451,96.2566844919786,93.2642487046632,0.834859905702874,0.83964998269826
40,8,0.57,0.889125799573561,0.904522613065327,0.802816901408451,0.962566844919786,0.932642487046632,0.878176091726237,0,88.9125799573561,90.4522613065327,80.2816901408451,96.2566844919786,93.2642487046632,0.834859905702874,0.83964998269826
15,2,0.13,0.906183368869936,0.92713567839196,0.788732394366197,0.9609375,0.943734015345268,0.85064406539741,0,90.6183368869936,92.713567839196,78.8732394366197,96.09375,94.3734015345268,0.835948746507148,0.838855630595996
20,8,0.25,0.906183368869936,0.92713567839196,0.788732394366197,0.9609375,0.943734015345268,0.880670960435983,0,90.6183368869936,92.713567839196,78.8732394366197,96.09375,94.3734015345268,0.835948746507148,0.838855630595996
15,2,0.14,0.904051172707889,0.924623115577889,0.788732394366197,0.960835509138381,0.942381562099872,0.85064406539741,0,90.4051172707889,92.462311557789,78.8732394366197,96.0835509138381,94.2381562099872,0.833981808280072,0.837945697133374
15,2,0.15,0.904051172707889,0.924623115577889,0.788732394366197,0.960835509138381,0.942381562099872,0.85064406539741,0,90.4051172707889,92.462311557789,78.8732394366197,96.0835509138381,94.2381562099872,0.833981808280072,0.837945697133374
15,2,0.16,0.904051172707889,0.924623115577889,0.788732394366197,0.960835509138381,0.942381562099872,0.85064406539741,0,90.4051172707889,92.462311557789,78.8732394366197,96.0835509138381,94.2381562099872,0.833981808280072,0.837945697133374
15,2,0.17,0.904051172707889,0.924623115577889,0.788732394366197,0.960835509138381,0.942381562099872,0.85064406539741,0,90.4051172707889,92.462311557789,78.8732394366197,96.0835509138381,94.2381562099872,0.833981808280072,0.837945697133374
15,2,0.18,0.904051172707889,0.924623115577889,0.788732394366197,0.960835509138381,0.942381562099872,0.85064406539741,0,90.4051172707889,92.462311557789,78.8732394366197,96.0835509138381,94.2381562099872,0.833981808280072,0.837945697133374
15,2,0.19,0.904051172707889,0.924623115577889,0.788732394366197,0.960835509138381,0.942381562099872,0.85064406539741,0,90.4051172707889,92.462311557789,78.8732394366197,96.0835509138381,94.2381562099872,0.833981808280072,0.837945697133374
15,2,0.2,0.904051172707889,0.924623115577889,0.788732394366197,0.960835509138381,0.942381562099872,0.85064406539741,0,90.4051172707889,92.462311557789,78.8732394366197,96.0835509138381,94.2381562099872,0.833981808280072,0.837945697133374
15,2,0.21,0.904051172707889,0.924623115577889,0.788732394366197,0.960835509138381,0.942381562099872,0.85064406539741,0,90.4051172707889,92.462311557789,78.8732394366197,96.0835509138381,94.2381562099872,0.833981808280072,0.837945697133374
15,2,0.22,0.904051172707889,0.924623115577889,0.788732394366197,0.960835509138381,0.942381562099872,0.85064406539741,0,90.4051172707889,92.462311557789,78.8732394366197,96.0835509138381,94.2381562099872,0.833981808280072,0.837945697133374
15,2,0.23,0.904051172707889,0.924623115577889,0.788732394366197,0.960835509138381,0.942381562099872,0.85064406539741,0,90.4051172707889,92.462311557789,78.8732394366197,96.0835509138381,94.2381562099872,0.833981808280072,0.837945697133374
15,2,0.24,0.904051172707889,0.924623115577889,0.788732394366197,0.960835509138381,0.942381562099872,0.85064406539741,0,90.4051172707889,92.462311557789,78.8732394366197,96.0835509138381,94.2381562099872,0.833981808280072,0.837945697133374
15,2,0.25,0.904051172707889,0.924623115577889,0.788732394366197,0.960835509138381,0.942381562099872,0.85064406539741,0,90.4051172707889,92.462311557789,78.8732394366197,96.0835509138381,94.2381562099872,0.833981808280072,0.837945697133374
20,5,0.55,0.904051172707889,0.924623115577889,0.788732394366197,0.960835509138381,0.942381562099872,0.890261164979829,0,90.4051172707889,92.462311557789,78.8732394366197,96.0835509138381,94.2381562099872,0.833981808280072,0.837945697133374
20,5,0.56,0.904051172707889,0.924623115577889,0.788732394366197,0.960835509138381,0.942381562099872,0.890261164979829,0,90.4051172707889,92.462311557789,78.8732394366197,96.0835509138381,94.2381562099872,0.833981808280072,0.837945697133374
20,5,0.57,0.904051172707889,0.924623115577889,0.788732394366197,0.960835509138381,0.942381562099872,0.890261164979829,0,90.4051172707889,92.462311557789,78.8732394366197,96.0835509138381,94.2381562099872,0.833981808280072,0.837945697133374
20,5,0.58,0.904051172707889,0.924623115577889,0.788732394366197,0.960835509138381,0.942381562099872,0.890261164979829,0,90.4051172707889,92.462311557789,78.8732394366197,96.0835509138381,94.2381562099872,0.833981808280072,0.837945697133374
20,5,0.59,0.904051172707889,0.924623115577889,0.788732394366197,0.960835509138381,0.942381562099872,0.890261164979829,0,90.4051172707889,92.462311557789,78.8732394366197,96.0835509138381,94.2381562099872,0.833981808280072,0.837945697133374
50,10,0.4,0.904051172707889,0.924623115577889,0.788732394366197,0.960835509138381,0.942381562099872,0.904434142543705,0,90.4051172707889,92.462311557789,78.8732394366197,96.0835509138381,94.2381562099872,0.833981808280072,0.837945697133374
50,10,0.41,0.904051172707889,0.924623115577889,0.788732394366197,0.960835509138381,0.942381562099872,0.904434142543705,0,90.4051172707889,92.462311557789,78.8732394366197,96.0835509138381,94.2381562099872,0.833981808280072,0.837945697133374
50,10,0.42,0.904051172707889,0.924623115577889,0.788732394366197,0.960835509138381,0.942381562099872,0.904434142543705,0,90.4051172707889,92.462311557789,78.8732394366197,96.0835509138381,94.2381562099872,0.833981808280072,0.837945697133374
50,10,0.43,0.904051172707889,0.924623115577889,0.788732394366197,0.960835509138381,0.942381562099872,0.904434142543705,0,90.4051172707889,92.462311557789,78.8732394366197,96.0835509138381,94.2381562099872,0.833981808280072,0.837945697133374
50,10,0.44,0.904051172707889,0.924623115577889,0.788732394366197,0.960835509138381,0.942381562099872,0.904434142543705,0,90.4051172707889,92.462311557789,78.8732394366197,96.0835509138381,94.2381562099872,0.833981808280072,0.837945697133374
50,10,0.45,0.904051172707889,0.924623115577889,0.788732394366197,0.960835509138381,0.942381562099872,0.904434142543705,0,90.4051172707889,92.462311557789,78.8732394366197,96.0835509138381,94.2381562099872,0.833981808280072,0.837945697133374
50,10,0.46,0.904051172707889,0.924623115577889,0.788732394366197,0.960835509138381,0.942381562099872,0.904434142543705,0,90.4051172707889,92.462311557789,78.8732394366197,96.0835509138381,94.2381562099872,0.833981808280072,0.837945697133374
50,10,0.47,0.904051172707889,0.924623115577889,0.788732394366197,0.960835509138381,0.942381562099872,0.904434142543705,0,90.4051172707889,92.462311557789,78.8732394366197,96.0835509138381,94.2381562099872,0.833981808280072,0.837945697133374
50,10,0.48,0.904051172707889,0.924623115577889,0.788732394366197,0.960835509138381,0.942381562099872,0.904434142543705,0,90.4051172707889,92.462311557789,78.8732394366197,96.0835509138381,94.2381562099872,0.833981808280072,0.837945697133374
50,10,0.49,0.904051172707889,0.924623115577889,0.788732394366197,0.960835509138381,0.942381562099872,0.904434142543705,0,90.4051172707889,92.462311557789,78.8732394366197,96.0835509138381,94.2381562099872,0.833981808280072,0.837945697133374
50,10,0.5,0.904051172707889,0.924623115577889,0.788732394366197,0.960835509138381,0.942381562099872,0.904434142543705,0,90.4051172707889,92.462311557789,78.8732394366197,96.0835509138381,94.2381562099872,0.833981808280072,0.837945697133374
50,10,0.51,0.904051172707889,0.924623115577889,0.788732394366197,0.960835509138381,0.942381562099872,0.904434142543705,0,90.4051172707889,92.462311557789,78.8732394366197,96.0835509138381,94.2381562099872,0.833981808280072,0.837945697133374
50,10,0.52,0.904051172707889,0.924623115577889,0.788732394366197,0.960835509138381,0.942381562099872,0.904434142543705,0,90.4051172707889,92.462311557789,78.8732394366197,96.0835509138381,94.2381562099872,0.833981808280072,0.837945697133374
50,10,0.53,0.904051172707889,0.924623115577889,0.788732394366197,0.960835509138381,0.942381562099872,0.904434142543705,0,90.4051172707889,92.462311557789,78.8732394366197,96.0835509138381,94.2381562099872,0.833981808280072,0.837945697133374
50,10,0.54,0.904051172707889,0.924623115577889,0.788732394366197,0.960835509138381,0.942381562099872,0.904434142543705,0,90.4051172707889,92.462311557789,78.8732394366197,96.0835509138381,94.2381562099872,0.833981808280072,0.837945697133374
5,1,0.11,0.884861407249467,0.899497487437186,0.802816901408451,0.962365591397849,0.92987012987013,0.892508316229032,0,88.4861407249467,89.9497487437186,80.2816901408451,96.2365591397849,92.987012987013,0.830391875379268,0.837830115773015
5,1,0.12,0.884861407249467,0.899497487437186,0.802816901408451,0.962365591397849,0.92987012987013,0.892508316229032,0,88.4861407249467,89.9497487437186,80.2816901408451,96.2365591397849,92.987012987013,0.830391875379268,0.837830115773015
5,1,0.13,0.884861407249467,0.899497487437186,0.802816901408451,0.962365591397849,0.92987012987013,0.892508316229032,0,88.4861407249467,89.9497487437186,80.2816901408451,96.2365591397849,92.987012987013,0.830391875379268,0.837830115773015
5,1,0.14,0.884861407249467,0.899497487437186,0.802816901408451,0.962365591397849,0.92987012987013,0.892508316229032,0,88.4861407249467,89.9497487437186,80.2816901408451,96.2365591397849,92.987012987013,0.830391875379268,0.837830115773015
5,1,0.15,0.884861407249467,0.899497487437186,0.802816901408451,0.962365591397849,0.92987012987013,0.892508316229032,0,88.4861407249467,89.9497487437186,80.2816901408451,96.2365591397849,92.987012987013,0.830391875379268,0.837830115773015
5,1,0.16,0.884861407249467,0.899497487437186,0.802816901408451,0.962365591397849,0.92987012987013,0.892508316229032,0,88.4861407249467,89.9497487437186,80.2816901408451,96.2365591397849,92.987012987013,0.830391875379268,0.837830115773015
5,1,0.17,0.884861407249467,0.899497487437186,0.802816901408451,0.962365591397849,0.92987012987013,0.892508316229032,0,88.4861407249467,89.9497487437186,80.2816901408451,96.2365591397849,92.987012987013,0.830391875379268,0.837830115773015
5,1,0.18,0.884861407249467,0.899497487437186,0.802816901408451,0.962365591397849,0.92987012987013,0.892508316229032,0,88.4861407249467,89.9497487437186,80.2816901408451,96.2365591397849,92.987012987013,0.830391875379268,0.837830115773015
5,1,0.19,0.884861407249467,0.899497487437186,0.802816901408451,0.962365591397849,0.92987012987013,0.892508316229032,0,88.4861407249467,89.9497487437186,80.2816901408451,96.2365591397849,92.987012987013,0.830391875379268,0.837830115773015
5,1,0.2,0.884861407249467,0.899497487437186,0.802816901408451,0.962365591397849,0.92987012987013,0.892508316229032,0,88.4861407249467,89.9497487437186,80.2816901408451,96.2365591397849,92.987012987013,0.830391875379268,0.837830115773015
5,1,0.21,0.884861407249467,0.899497487437186,0.802816901408451,0.962365591397849,0.92987012987013,0.892508316229032,0,88.4861407249467,89.9497487437186,80.2816901408451,96.2365591397849,92.987012987013,0.830391875379268,0.837830115773015
5,1,0.22,0.884861407249467,0.899497487437186,0.802816901408451,0.962365591397849,0.92987012987013,0.892508316229032,0,88.4861407249467,89.9497487437186,80.2816901408451,96.2365591397849,92.987012987013,0.830391875379268,0.837830115773015
5,1,0.23,0.884861407249467,0.899497487437186,0.802816901408451,0.962365591397849,0.92987012987013,0.892508316229032,0,88.4861407249467,89.9497487437186,80.2816901408451,96.2365591397849,92.987012987013,0.830391875379268,0.837830115773015
5,1,0.24,0.884861407249467,0.899497487437186,0.802816901408451,0.962365591397849,0.92987012987013,0.892508316229032,0,88.4861407249467,89.9497487437186,80.2816901408451,96.2365591397849,92.987012987013,0.830391875379268,0.837830115773015
5,1,0.25,0.884861407249467,0.899497487437186,0.802816901408451,0.962365591397849,0.92987012987013,0.892508316229032,0,88.4861407249467,89.9497487437186,80.2816901408451,96.2365591397849,92.987012987013,0.830391875379268,0.837830115773015
5,1,0.26,0.884861407249467,0.899497487437186,0.802816901408451,0.962365591397849,0.92987012987013,0.892508316229032,0,88.4861407249467,89.9497487437186,80.2816901408451,96.2365591397849,92.987012987013,0.830391875379268,0.837830115773015
5,1,0.27,0.884861407249467,0.899497487437186,0.802816901408451,0.962365591397849,0.92987012987013,0.892508316229032,0,88.4861407249467,89.9497487437186,80.2816901408451,96.2365591397849,92.987012987013,0.830391875379268,0.837830115773015
5,1,0.28,0.884861407249467,0.899497487437186,0.802816901408451,0.962365591397849,0.92987012987013,0.892508316229032,0,88.4861407249467,89.9497487437186,80.2816901408451,96.2365591397849,92.987012987013,0.830391875379268,0.837830115773015
5,1,0.29,0.884861407249467,0.899497487437186,0.802816901408451,0.962365591397849,0.92987012987013,0.892508316229032,0,88.4861407249467,89.9497487437186,80.2816901408451,96.2365591397849,92.987012987013,0.830391875379268,0.837830115773015
5,1,0.3,0.884861407249467,0.899497487437186,0.802816901408451,0.962365591397849,0.92987012987013,0.892508316229032,0,88.4861407249467,89.9497487437186,80.2816901408451,96.2365591397849,92.987012987013,0.830391875379268,0.837830115773015
5,1,0.31,0.884861407249467,0.899497487437186,0.802816901408451,0.962365591397849,0.92987012987013,0.892508316229032,0,88.4861407249467,89.9497487437186,80.2816901408451,96.2365591397849,92.987012987013,0.830391875379268,0.837830115773015
5,1,0.32,0.884861407249467,0.899497487437186,0.802816901408451,0.962365591397849,0.92987012987013,0.892508316229032,0,88.4861407249467,89.9497487437186,80.2816901408451,96.2365591397849,92.987012987013,0.830391875379268,0.837830115773015
5,1,0.33,0.884861407249467,0.899497487437186,0.802816901408451,0.962365591397849,0.92987012987013,0.892508316229032,0,88.4861407249467,89.9497487437186,80.2816901408451,96.2365591397849,92.987012987013,0.830391875379268,0.837830115773015
5,1,0.34,0.884861407249467,0.899497487437186,0.802816901408451,0.962365591397849,0.92987012987013,0.892508316229032,0,88.4861407249467,89.9497487437186,80.2816901408451,96.2365591397849,92.987012987013,0.830391875379268,0.837830115773015
5,1,0.35,0.884861407249467,0.899497487437186,0.802816901408451,0.962365591397849,0.92987012987013,0.892508316229032,0,88.4861407249467,89.9497487437186,80.2816901408451,96.2365591397849,92.987012987013,0.830391875379268,0.837830115773015
15,8,0.51,0.884861407249467,0.899497487437186,0.802816901408451,0.962365591397849,0.92987012987013,0.881520277443556,0,88.4861407249467,89.9497487437186,80.2816901408451,96.2365591397849,92.987012987013,0.830391875379268,0.837830115773015
15,8,0.52,0.884861407249467,0.899497487437186,0.802816901408451,0.962365591397849,0.92987012987013,0.881520277443556,0,88.4861407249467,89.9497487437186,80.2816901408451,96.2365591397849,92.987012987013,0.830391875379268,0.837830115773015
15,8,0.53,0.884861407249467,0.899497487437186,0.802816901408451,0.962365591397849,0.92987012987013,0.881520277443556,0,88.4861407249467,89.9497487437186,80.2816901408451,96.2365591397849,92.987012987013,0.830391875379268,0.837830115773015
15,8,0.54,0.884861407249467,0.899497487437186,0.802816901408451,0.962365591397849,0.92987012987013,0.881520277443556,0,88.4861407249467,89.9497487437186,80.2816901408451,96.2365591397849,92.987012987013,0.830391875379268,0.837830115773015
20,10,0.61,0.865671641791045,0.874371859296482,0.816901408450704,0.96398891966759,0.91699604743083,0.860977422322882,0,86.5671641791045,87.4371859296482,81.6901408450704,96.398891966759,91.699604743083,0.803545333670818,0.837714534412656
15,2,0.26,0.901918976545842,0.922110552763819,0.788732394366197,0.960732984293194,0.941025641025641,0.85064406539741,0,90.1918976545842,92.2110552763819,78.8732394366197,96.0732984293194,94.1025641025641,0.832014870052997,0.837035763670752
15,2,0.27,0.901918976545842,0.922110552763819,0.788732394366197,0.960732984293194,0.941025641025641,0.85064406539741,0,90.1918976545842,92.2110552763819,78.8732394366197,96.0732984293194,94.1025641025641,0.832014870052997,0.837035763670752
15,2,0.28,0.901918976545842,0.922110552763819,0.788732394366197,0.960732984293194,0.941025641025641,0.85064406539741,0,90.1918976545842,92.2110552763819,78.8732394366197,96.0732984293194,94.1025641025641,0.832014870052997,0.837035763670752
15,2,0.29,0.901918976545842,0.922110552763819,0.788732394366197,0.960732984293194,0.941025641025641,0.85064406539741,0,90.1918976545842,92.2110552763819,78.8732394366197,96.0732984293194,94.1025641025641,0.832014870052997,0.837035763670752
15,2,0.3,0.901918976545842,0.922110552763819,0.788732394366197,0.960732984293194,0.941025641025641,0.85064406539741,0,90.1918976545842,92.2110552763819,78.8732394366197,96.0732984293194,94.1025641025641,0.832014870052997,0.837035763670752
15,2,0.31,0.901918976545842,0.922110552763819,0.788732394366197,0.960732984293194,0.941025641025641,0.85064406539741,0,90.1918976545842,92.2110552763819,78.8732394366197,96.0732984293194,94.1025641025641,0.832014870052997,0.837035763670752
15,2,0.32,0.901918976545842,0.922110552763819,0.788732394366197,0.960732984293194,0.941025641025641,0.85064406539741,0,90.1918976545842,92.2110552763819,78.8732394366197,96.0732984293194,94.1025641025641,0.832014870052997,0.837035763670752
20,3,0.55,0.901918976545842,0.922110552763819,0.788732394366197,0.960732984293194,0.941025641025641,0.857880954066105,0,90.1918976545842,92.2110552763819,78.8732394366197,96.0732984293194,94.1025641025641,0.832014870052997,0.837035763670752
20,3,0.56,0.901918976545842,0.922110552763819,0.788732394366197,0.960732984293194,0.941025641025641,0.857880954066105,0,90.1918976545842,92.2110552763819,78.8732394366197,96.0732984293194,94.1025641025641,0.832014870052997,0.837035763670752
20,3,0.57,0.901918976545842,0.922110552763819,0.788732394366197,0.960732984293194,0.941025641025641,0.857880954066105,0,90.1918976545842,92.2110552763819,78.8732394366197,96.0732984293194,94.1025641025641,0.832014870052997,0.837035763670752
20,3,0.58,0.901918976545842,0.922110552763819,0.788732394366197,0.960732984293194,0.941025641025641,0.857880954066105,0,90.1918976545842,92.2110552763819,78.8732394366197,96.0732984293194,94.1025641025641,0.832014870052997,0.837035763670752
20,3,0.59,0.901918976545842,0.922110552763819,0.788732394366197,0.960732984293194,0.941025641025641,0.857880954066105,0,90.1918976545842,92.2110552763819,78.8732394366197,96.0732984293194,94.1025641025641,0.832014870052997,0.837035763670752
20,3,0.6,0.901918976545842,0.922110552763819,0.788732394366197,0.960732984293194,0.941025641025641,0.857880954066105,0,90.1918976545842,92.2110552763819,78.8732394366197,96.0732984293194,94.1025641025641,0.832014870052997,0.837035763670752
20,3,0.61,0.901918976545842,0.922110552763819,0.788732394366197,0.960732984293194,0.941025641025641,0.857880954066105,0,90.1918976545842,92.2110552763819,78.8732394366197,96.0732984293194,94.1025641025641,0.832014870052997,0.837035763670752
20,3,0.62,0.901918976545842,0.922110552763819,0.788732394366197,0.960732984293194,0.941025641025641,0.857880954066105,0,90.1918976545842,92.2110552763819,78.8732394366197,96.0732984293194,94.1025641025641,0.832014870052997,0.837035763670752
20,3,0.63,0.901918976545842,0.922110552763819,0.788732394366197,0.960732984293194,0.941025641025641,0.857880954066105,0,90.1918976545842,92.2110552763819,78.8732394366197,96.0732984293194,94.1025641025641,0.832014870052997,0.837035763670752
20,3,0.64,0.901918976545842,0.922110552763819,0.788732394366197,0.960732984293194,0.941025641025641,0.857880954066105,0,90.1918976545842,92.2110552763819,78.8732394366197,96.0732984293194,94.1025641025641,0.832014870052997,0.837035763670752
20,3,0.65,0.901918976545842,0.922110552763819,0.788732394366197,0.960732984293194,0.941025641025641,0.857880954066105,0,90.1918976545842,92.2110552763819,78.8732394366197,96.0732984293194,94.1025641025641,0.832014870052997,0.837035763670752
20,3,0.66,0.901918976545842,0.922110552763819,0.788732394366197,0.960732984293194,0.941025641025641,0.857880954066105,0,90.1918976545842,92.2110552763819,78.8732394366197,96.0732984293194,94.1025641025641,0.832014870052997,0.837035763670752
20,3,0.67,0.901918976545842,0.922110552763819,0.788732394366197,0.960732984293194,0.941025641025641,0.857880954066105,0,90.1918976545842,92.2110552763819,78.8732394366197,96.0732984293194,94.1025641025641,0.832014870052997,0.837035763670752
20,3,0.68,0.901918976545842,0.922110552763819,0.788732394366197,0.960732984293194,0.941025641025641,0.857880954066105,0,90.1918976545842,92.2110552763819,78.8732394366197,96.0732984293194,94.1025641025641,0.832014870052997,0.837035763670752
20,3,0.69,0.901918976545842,0.922110552763819,0.788732394366197,0.960732984293194,0.941025641025641,0.857880954066105,0,90.1918976545842,92.2110552763819,78.8732394366197,96.0732984293194,94.1025641025641,0.832014870052997,0.837035763670752
20,3,0.7,0.901918976545842,0.922110552763819,0.788732394366197,0.960732984293194,0.941025641025641,0.857880954066105,0,90.1918976545842,92.2110552763819,78.8732394366197,96.0732984293194,94.1025641025641,0.832014870052997,0.837035763670752
20,3,0.71,0.901918976545842,0.922110552763819,0.788732394366197,0.960732984293194,0.941025641025641,0.857880954066105,0,90.1918976545842,92.2110552763819,78.8732394366197,96.0732984293194,94.1025641025641,0.832014870052997,0.837035763670752
20,3,0.72,0.901918976545842,0.922110552763819,0.788732394366197,0.960732984293194,0.941025641025641,0.857880954066105,0,90.1918976545842,92.2110552763819,78.8732394366197,96.0732984293194,94.1025641025641,0.832014870052997,0.837035763670752
20,3,0.73,0.901918976545842,0.922110552763819,0.788732394366197,0.960732984293194,0.941025641025641,0.857880954066105,0,90.1918976545842,92.2110552763819,78.8732394366197,96.0732984293194,94.1025641025641,0.832014870052997,0.837035763670752
20,3,0.74,0.901918976545842,0.922110552763819,0.788732394366197,0.960732984293194,0.941025641025641,0.857880954066105,0,90.1918976545842,92.2110552763819,78.8732394366197,96.0732984293194,94.1025641025641,0.832014870052997,0.837035763670752
20,3,0.75,0.901918976545842,0.922110552763819,0.788732394366197,0.960732984293194,0.941025641025641,0.857880954066105,0,90.1918976545842,92.2110552763819,78.8732394366197,96.0732984293194,94.1025641025641,0.832014870052997,0.837035763670752
20,3,0.76,0.901918976545842,0.922110552763819,0.788732394366197,0.960732984293194,0.941025641025641,0.857880954066105,0,90.1918976545842,92.2110552763819,78.8732394366197,96.0732984293194,94.1025641025641,0.832014870052997,0.837035763670752
20,3,0.77,0.901918976545842,0.922110552763819,0.788732394366197,0.960732984293194,0.941025641025641,0.857880954066105,0,90.1918976545842,92.2110552763819,78.8732394366197,96.0732984293194,94.1025641025641,0.832014870052997,0.837035763670752
20,3,0.78,0.901918976545842,0.922110552763819,0.788732394366197,0.960732984293194,0.941025641025641,0.857880954066105,0,90.1918976545842,92.2110552763819,78.8732394366197,96.0732984293194,94.1025641025641,0.832014870052997,0.837035763670752
20,3,0.79,0.901918976545842,0.922110552763819,0.788732394366197,0.960732984293194,0.941025641025641,0.857880954066105,0,90.1918976545842,92.2110552763819,78.8732394366197,96.0732984293194,94.1025641025641,0.832014870052997,0.837035763670752
20,3,0.8,0.901918976545842,0.922110552763819,0.788732394366197,0.960732984293194,0.941025641025641,0.857880954066105,0,90.1918976545842,92.2110552763819,78.8732394366197,96.0732984293194,94.1025641025641,0.832014870052997,0.837035763670752
20,3,0.81,0.901918976545842,0.922110552763819,0.788732394366197,0.960732984293194,0.941025641025641,0.857880954066105,0,90.1918976545842,92.2110552763819,78.8732394366197,96.0732984293194,94.1025641025641,0.832014870052997,0.837035763670752
20,3,0.82,0.901918976545842,0.922110552763819,0.788732394366197,0.960732984293194,0.941025641025641,0.857880954066105,0,90.1918976545842,92.2110552763819,78.8732394366197,96.0732984293194,94.1025641025641,0.832014870052997,0.837035763670752
20,3,0.83,0.901918976545842,0.922110552763819,0.788732394366197,0.960732984293194,0.941025641025641,0.857880954066105,0,90.1918976545842,92.2110552763819,78.8732394366197,96.0732984293194,94.1025641025641,0.832014870052997,0.837035763670752
20,3,0.84,0.901918976545842,0.922110552763819,0.788732394366197,0.960732984293194,0.941025641025641,0.857880954066105,0,90.1918976545842,92.2110552763819,78.8732394366197,96.0732984293194,94.1025641025641,0.832014870052997,0.837035763670752
20,3,0.85,0.901918976545842,0.922110552763819,0.788732394366197,0.960732984293194,0.941025641025641,0.857880954066105,0,90.1918976545842,92.2110552763819,78.8732394366197,96.0732984293194,94.1025641025641,0.832014870052997,0.837035763670752
20,3,0.86,0.901918976545842,0.922110552763819,0.788732394366197,0.960732984293194,0.941025641025641,0.857880954066105,0,90.1918976545842,92.2110552763819,78.8732394366197,96.0732984293194,94.1025641025641,0.832014870052997,0.837035763670752
20,3,0.87,0.901918976545842,0.922110552763819,0.788732394366197,0.960732984293194,0.941025641025641,0.857880954066105,0,90.1918976545842,92.2110552763819,78.8732394366197,96.0732984293194,94.1025641025641,0.832014870052997,0.837035763670752
20,3,0.88,0.901918976545842,0.922110552763819,0.788732394366197,0.960732984293194,0.941025641025641,0.857880954066105,0,90.1918976545842,92.2110552763819,78.8732394366197,96.0732984293194,94.1025641025641,0.832014870052997,0.837035763670752
20,3,0.89,0.901918976545842,0.922110552763819,0.788732394366197,0.960732984293194,0.941025641025641,0.857880954066105,0,90.1918976545842,92.2110552763819,78.8732394366197,96.0732984293194,94.1025641025641,0.832014870052997,0.837035763670752
20,3,0.9,0.901918976545842,0.922110552763819,0.788732394366197,0.960732984293194,0.941025641025641,0.857880954066105,0,90.1918976545842,92.2110552763819,78.8732394366197,96.0732984293194,94.1025641025641,0.832014870052997,0.837035763670752
20,3,0.91,0.901918976545842,0.922110552763819,0.788732394366197,0.960732984293194,0.941025641025641,0.857880954066105,0,90.1918976545842,92.2110552763819,78.8732394366197,96.0732984293194,94.1025641025641,0.832014870052997,0.837035763670752
20,3,0.92,0.901918976545842,0.922110552763819,0.788732394366197,0.960732984293194,0.941025641025641,0.857880954066105,0,90.1918976545842,92.2110552763819,78.8732394366197,96.0732984293194,94.1025641025641,0.832014870052997,0.837035763670752
20,3,0.93,0.901918976545842,0.922110552763819,0.788732394366197,0.960732984293194,0.941025641025641,0.857880954066105,0,90.1918976545842,92.2110552763819,78.8732394366197,96.0732984293194,94.1025641025641,0.832014870052997,0.837035763670752
20,3,0.94,0.901918976545842,0.922110552763819,0.788732394366197,0.960732984293194,0.941025641025641,0.857880954066105,0,90.1918976545842,92.2110552763819,78.8732394366197,96.0732984293194,94.1025641025641,0.832014870052997,0.837035763670752
20,3,0.95,0.901918976545842,0.922110552763819,0.788732394366197,0.960732984293194,0.941025641025641,0.857880954066105,0,90.1918976545842,92.2110552763819,78.8732394366197,96.0732984293194,94.1025641025641,0.832014870052997,0.837035763670752
50,8,0.22,0.901918976545842,0.922110552763819,0.788732394366197,0.960732984293194,0.941025641025641,0.860110411210985,0,90.1918976545842,92.2110552763819,78.8732394366197,96.0732984293194,94.1025641025641,0.832014870052997,0.837035763670752
50,5,0.64,0.88272921108742,0.896984924623116,0.802816901408451,0.962264150943396,0.928478543563069,0.861738268808833,0,88.272921108742,89.6984924623116,80.2816901408451,96.2264150943396,92.8478543563069,0.826076989952918,0.836920182310393
50,5,0.65,0.88272921108742,0.896984924623116,0.802816901408451,0.962264150943396,0.928478543563069,0.861738268808833,0,88.272921108742,89.6984924623116,80.2816901408451,96.2264150943396,92.8478543563069,0.826076989952918,0.836920182310393
50,5,0.66,0.88272921108742,0.896984924623116,0.802816901408451,0.962264150943396,0.928478543563069,0.861738268808833,0,88.272921108742,89.6984924623116,80.2816901408451,96.2264150943396,92.8478543563069,0.826076989952918,0.836920182310393
50,5,0.67,0.88272921108742,0.896984924623116,0.802816901408451,0.962264150943396,0.928478543563069,0.861738268808833,0,88.272921108742,89.6984924623116,80.2816901408451,96.2264150943396,92.8478543563069,0.826076989952918,0.836920182310393
50,5,0.68,0.88272921108742,0.896984924623116,0.802816901408451,0.962264150943396,0.928478543563069,0.861738268808833,0,88.272921108742,89.6984924623116,80.2816901408451,96.2264150943396,92.8478543563069,0.826076989952918,0.836920182310393
50,5,0.69,0.88272921108742,0.896984924623116,0.802816901408451,0.962264150943396,0.928478543563069,0.861738268808833,0,88.272921108742,89.6984924623116,80.2816901408451,96.2264150943396,92.8478543563069,0.826076989952918,0.836920182310393
50,5,0.7,0.88272921108742,0.896984924623116,0.802816901408451,0.962264150943396,0.928478543563069,0.861738268808833,0,88.272921108742,89.6984924623116,80.2816901408451,96.2264150943396,92.8478543563069,0.826076989952918,0.836920182310393
50,5,0.71,0.88272921108742,0.896984924623116,0.802816901408451,0.962264150943396,0.928478543563069,0.861738268808833,0,88.272921108742,89.6984924623116,80.2816901408451,96.2264150943396,92.8478543563069,0.826076989952918,0.836920182310393
50,5,0.72,0.88272921108742,0.896984924623116,0.802816901408451,0.962264150943396,0.928478543563069,0.861738268808833,0,88.272921108742,89.6984924623116,80.2816901408451,96.2264150943396,92.8478543563069,0.826076989952918,0.836920182310393
50,5,0.73,0.88272921108742,0.896984924623116,0.802816901408451,0.962264150943396,0.928478543563069,0.861738268808833,0,88.272921108742,89.6984924623116,80.2816901408451,96.2264150943396,92.8478543563069,0.826076989952918,0.836920182310393
50,5,0.74,0.88272921108742,0.896984924623116,0.802816901408451,0.962264150943396,0.928478543563069,0.861738268808833,0,88.272921108742,89.6984924623116,80.2816901408451,96.2264150943396,92.8478543563069,0.826076989952918,0.836920182310393
15,2,0.33,0.899786780383795,0.919597989949749,0.788732394366197,0.960629921259842,0.939666238767651,0.85064406539741,0,89.9786780383795,91.9597989949749,78.8732394366197,96.0629921259843,93.9666238767651,0.830047931825921,0.836125830208129
15,2,0.34,0.899786780383795,0.919597989949749,0.788732394366197,0.960629921259842,0.939666238767651,0.85064406539741,0,89.9786780383795,91.9597989949749,78.8732394366197,96.0629921259843,93.9666238767651,0.830047931825921,0.836125830208129
15,2,0.35,0.899786780383795,0.919597989949749,0.788732394366197,0.960629921259842,0.939666238767651,0.85064406539741,0,89.9786780383795,91.9597989949749,78.8732394366197,96.0629921259843,93.9666238767651,0.830047931825921,0.836125830208129
15,2,0.36,0.899786780383795,0.919597989949749,0.788732394366197,0.960629921259842,0.939666238767651,0.85064406539741,0,89.9786780383795,91.9597989949749,78.8732394366197,96.0629921259843,93.9666238767651,0.830047931825921,0.836125830208129
15,2,0.37,0.899786780383795,0.919597989949749,0.788732394366197,0.960629921259842,0.939666238767651,0.85064406539741,0,89.9786780383795,91.9597989949749,78.8732394366197,96.0629921259843,93.9666238767651,0.830047931825921,0.836125830208129
15,2,0.38,0.899786780383795,0.919597989949749,0.788732394366197,0.960629921259842,0.939666238767651,0.85064406539741,0,89.9786780383795,91.9597989949749,78.8732394366197,96.0629921259843,93.9666238767651,0.830047931825921,0.836125830208129
15,2,0.39,0.899786780383795,0.919597989949749,0.788732394366197,0.960629921259842,0.939666238767651,0.85064406539741,0,89.9786780383795,91.9597989949749,78.8732394366197,96.0629921259843,93.9666238767651,0.830047931825921,0.836125830208129
15,2,0.4,0.899786780383795,0.919597989949749,0.788732394366197,0.960629921259842,0.939666238767651,0.85064406539741,0,89.9786780383795,91.9597989949749,78.8732394366197,96.0629921259843,93.9666238767651,0.830047931825921,0.836125830208129
15,2,0.41,0.899786780383795,0.919597989949749,0.788732394366197,0.960629921259842,0.939666238767651,0.85064406539741,0,89.9786780383795,91.9597989949749,78.8732394366197,96.0629921259843,93.9666238767651,0.830047931825921,0.836125830208129
15,2,0.42,0.899786780383795,0.919597989949749,0.788732394366197,0.960629921259842,0.939666238767651,0.85064406539741,0,89.9786780383795,91.9597989949749,78.8732394366197,96.0629921259843,93.9666238767651,0.830047931825921,0.836125830208129
15,2,0.43,0.899786780383795,0.919597989949749,0.788732394366197,0.960629921259842,0.939666238767651,0.85064406539741,0,89.9786780383795,91.9597989949749,78.8732394366197,96.0629921259843,93.9666238767651,0.830047931825921,0.836125830208129
15,2,0.44,0.899786780383795,0.919597989949749,0.788732394366197,0.960629921259842,0.939666238767651,0.85064406539741,0,89.9786780383795,91.9597989949749,78.8732394366197,96.0629921259843,93.9666238767651,0.830047931825921,0.836125830208129
15,2,0.45,0.899786780383795,0.919597989949749,0.788732394366197,0.960629921259842,0.939666238767651,0.85064406539741,0,89.9786780383795,91.9597989949749,78.8732394366197,96.0629921259843,93.9666238767651,0.830047931825921,0.836125830208129
15,2,0.46,0.899786780383795,0.919597989949749,0.788732394366197,0.960629921259842,0.939666238767651,0.85064406539741,0,89.9786780383795,91.9597989949749,78.8732394366197,96.0629921259843,93.9666238767651,0.830047931825921,0.836125830208129
15,2,0.47,0.899786780383795,0.919597989949749,0.788732394366197,0.960629921259842,0.939666238767651,0.85064406539741,0,89.9786780383795,91.9597989949749,78.8732394366197,96.0629921259843,93.9666238767651,0.830047931825921,0.836125830208129
15,2,0.48,0.899786780383795,0.919597989949749,0.788732394366197,0.960629921259842,0.939666238767651,0.85064406539741,0,89.9786780383795,91.9597989949749,78.8732394366197,96.0629921259843,93.9666238767651,0.830047931825921,0.836125830208129
15,2,0.49,0.899786780383795,0.919597989949749,0.788732394366197,0.960629921259842,0.939666238767651,0.85064406539741,0,89.9786780383795,91.9597989949749,78.8732394366197,96.0629921259843,93.9666238767651,0.830047931825921,0.836125830208129
15,2,0.5,0.899786780383795,0.919597989949749,0.788732394366197,0.960629921259842,0.939666238767651,0.85064406539741,0,89.9786780383795,91.9597989949749,78.8732394366197,96.0629921259843,93.9666238767651,0.830047931825921,0.836125830208129
15,2,0.51,0.899786780383795,0.919597989949749,0.788732394366197,0.960629921259842,0.939666238767651,0.85064406539741,0,89.9786780383795,91.9597989949749,78.8732394366197,96.0629921259843,93.9666238767651,0.830047931825921,0.836125830208129
15,2,0.52,0.899786780383795,0.919597989949749,0.788732394366197,0.960629921259842,0.939666238767651,0.85064406539741,0,89.9786780383795,91.9597989949749,78.8732394366197,96.0629921259843,93.9666238767651,0.830047931825921,0.836125830208129
15,2,0.53,0.899786780383795,0.919597989949749,0.788732394366197,0.960629921259842,0.939666238767651,0.85064406539741,0,89.9786780383795,91.9597989949749,78.8732394366197,96.0629921259843,93.9666238767651,0.830047931825921,0.836125830208129
15,2,0.54,0.899786780383795,0.919597989949749,0.788732394366197,0.960629921259842,0.939666238767651,0.85064406539741,0,89.9786780383795,91.9597989949749,78.8732394366197,96.0629921259843,93.9666238767651,0.830047931825921,0.836125830208129
15,2,0.55,0.899786780383795,0.919597989949749,0.788732394366197,0.960629921259842,0.939666238767651,0.85064406539741,0,89.9786780383795,91.9597989949749,78.8732394366197,96.0629921259843,93.9666238767651,0.830047931825921,0.836125830208129
15,2,0.56,0.899786780383795,0.919597989949749,0.788732394366197,0.960629921259842,0.939666238767651,0.85064406539741,0,89.9786780383795,91.9597989949749,78.8732394366197,96.0629921259843,93.9666238767651,0.830047931825921,0.836125830208129
15,2,0.57,0.899786780383795,0.919597989949749,0.788732394366197,0.960629921259842,0.939666238767651,0.85064406539741,0,89.9786780383795,91.9597989949749,78.8732394366197,96.0629921259843,93.9666238767651,0.830047931825921,0.836125830208129
15,2,0.58,0.899786780383795,0.919597989949749,0.788732394366197,0.960629921259842,0.939666238767651,0.85064406539741,0,89.9786780383795,91.9597989949749,78.8732394366197,96.0629921259843,93.9666238767651,0.830047931825921,0.836125830208129
15,2,0.59,0.899786780383795,0.919597989949749,0.788732394366197,0.960629921259842,0.939666238767651,0.85064406539741,0,89.9786780383795,91.9597989949749,78.8732394366197,96.0629921259843,93.9666238767651,0.830047931825921,0.836125830208129
15,2,0.6,0.899786780383795,0.919597989949749,0.788732394366197,0.960629921259842,0.939666238767651,0.85064406539741,0,89.9786780383795,91.9597989949749,78.8732394366197,96.0629921259843,93.9666238767651,0.830047931825921,0.836125830208129
15,2,0.61,0.899786780383795,0.919597989949749,0.788732394366197,0.960629921259842,0.939666238767651,0.85064406539741,0,89.9786780383795,91.9597989949749,78.8732394366197,96.0629921259843,93.9666238767651,0.830047931825921,0.836125830208129
15,2,0.62,0.899786780383795,0.919597989949749,0.788732394366197,0.960629921259842,0.939666238767651,0.85064406539741,0,89.9786780383795,91.9597989949749,78.8732394366197,96.0629921259843,93.9666238767651,0.830047931825921,0.836125830208129
15,2,0.63,0.899786780383795,0.919597989949749,0.788732394366197,0.960629921259842,0.939666238767651,0.85064406539741,0,89.9786780383795,91.9597989949749,78.8732394366197,96.0629921259843,93.9666238767651,0.830047931825921,0.836125830208129
15,2,0.64,0.899786780383795,0.919597989949749,0.788732394366197,0.960629921259842,0.939666238767651,0.85064406539741,0,89.9786780383795,91.9597989949749,78.8732394366197,96.0629921259843,93.9666238767651,0.830047931825921,0.836125830208129
15,2,0.65,0.899786780383795,0.919597989949749,0.788732394366197,0.960629921259842,0.939666238767651,0.85064406539741,0,89.9786780383795,91.9597989949749,78.8732394366197,96.0629921259843,93.9666238767651,0.830047931825921,0.836125830208129
15,2,0.66,0.899786780383795,0.919597989949749,0.788732394366197,0.960629921259842,0.939666238767651,0.85064406539741,0,89.9786780383795,91.9597989949749,78.8732394366197,96.0629921259843,93.9666238767651,0.830047931825921,0.836125830208129
15,2,0.67,0.899786780383795,0.919597989949749,0.788732394366197,0.960629921259842,0.939666238767651,0.85064406539741,0,89.9786780383795,91.9597989949749,78.8732394366197,96.0629921259843,93.9666238767651,0.830047931825921,0.836125830208129
15,2,0.68,0.899786780383795,0.919597989949749,0.788732394366197,0.960629921259842,0.939666238767651,0.85064406539741,0,89.9786780383795,91.9597989949749,78.8732394366197,96.0629921259843,93.9666238767651,0.830047931825921,0.836125830208129
15,2,0.69,0.899786780383795,0.919597989949749,0.788732394366197,0.960629921259842,0.939666238767651,0.85064406539741,0,89.9786780383795,91.9597989949749,78.8732394366197,96.0629921259843,93.9666238767651,0.830047931825921,0.836125830208129
15,2,0.7,0.899786780383795,0.919597989949749,0.788732394366197,0.960629921259842,0.939666238767651,0.85064406539741,0,89.9786780383795,91.9597989949749,78.8732394366197,96.0629921259843,93.9666238767651,0.830047931825921,0.836125830208129
15,2,0.71,0.899786780383795,0.919597989949749,0.788732394366197,0.960629921259842,0.939666238767651,0.85064406539741,0,89.9786780383795,91.9597989949749,78.8732394366197,96.0629921259843,93.9666238767651,0.830047931825921,0.836125830208129
15,2,0.72,0.899786780383795,0.919597989949749,0.788732394366197,0.960629921259842,0.939666238767651,0.85064406539741,0,89.9786780383795,91.9597989949749,78.8732394366197,96.0629921259843,93.9666238767651,0.830047931825921,0.836125830208129
15,2,0.73,0.899786780383795,0.919597989949749,0.788732394366197,0.960629921259842,0.939666238767651,0.85064406539741,0,89.9786780383795,91.9597989949749,78.8732394366197,96.0629921259843,93.9666238767651,0.830047931825921,0.836125830208129
15,2,0.74,0.899786780383795,0.919597989949749,0.788732394366197,0.960629921259842,0.939666238767651,0.85064406539741,0,89.9786780383795,91.9597989949749,78.8732394366197,96.0629921259843,93.9666238767651,0.830047931825921,0.836125830208129
15,2,0.75,0.899786780383795,0.919597989949749,0.788732394366197,0.960629921259842,0.939666238767651,0.85064406539741,0,89.9786780383795,91.9597989949749,78.8732394366197,96.0629921259843,93.9666238767651,0.830047931825921,0.836125830208129
15,2,0.76,0.899786780383795,0.919597989949749,0.788732394366197,0.960629921259842,0.939666238767651,0.85064406539741,0,89.9786780383795,91.9597989949749,78.8732394366197,96.0629921259843,93.9666238767651,0.830047931825921,0.836125830208129
15,2,0.77,0.899786780383795,0.919597989949749,0.788732394366197,0.960629921259842,0.939666238767651,0.85064406539741,0,89.9786780383795,91.9597989949749,78.8732394366197,96.0629921259843,93.9666238767651,0.830047931825921,0.836125830208129
15,2,0.78,0.899786780383795,0.919597989949749,0.788732394366197,0.960629921259842,0.939666238767651,0.85064406539741,0,89.9786780383795,91.9597989949749,78.8732394366197,96.0629921259843,93.9666238767651,0.830047931825921,0.836125830208129
15,2,0.79,0.899786780383795,0.919597989949749,0.788732394366197,0.960629921259842,0.939666238767651,0.85064406539741,0,89.9786780383795,91.9597989949749,78.8732394366197,96.0629921259843,93.9666238767651,0.830047931825921,0.836125830208129
15,2,0.8,0.899786780383795,0.919597989949749,0.788732394366197,0.960629921259842,0.939666238767651,0.85064406539741,0,89.9786780383795,91.9597989949749,78.8732394366197,96.0629921259843,93.9666238767651,0.830047931825921,0.836125830208129
15,2,0.81,0.899786780383795,0.919597989949749,0.788732394366197,0.960629921259842,0.939666238767651,0.85064406539741,0,89.9786780383795,91.9597989949749,78.8732394366197,96.0629921259843,93.9666238767651,0.830047931825921,0.836125830208129
15,2,0.82,0.899786780383795,0.919597989949749,0.788732394366197,0.960629921259842,0.939666238767651,0.85064406539741,0,89.9786780383795,91.9597989949749,78.8732394366197,96.0629921259843,93.9666238767651,0.830047931825921,0.836125830208129
15,2,0.83,0.899786780383795,0.919597989949749,0.788732394366197,0.960629921259842,0.939666238767651,0.85064406539741,0,89.9786780383795,91.9597989949749,78.8732394366197,96.0629921259843,93.9666238767651,0.830047931825921,0.836125830208129
15,2,0.84,0.899786780383795,0.919597989949749,0.788732394366197,0.960629921259842,0.939666238767651,0.85064406539741,0,89.9786780383795,91.9597989949749,78.8732394366197,96.0629921259843,93.9666238767651,0.830047931825921,0.836125830208129
15,2,0.85,0.899786780383795,0.919597989949749,0.788732394366197,0.960629921259842,0.939666238767651,0.85064406539741,0,89.9786780383795,91.9597989949749,78.8732394366197,96.0629921259843,93.9666238767651,0.830047931825921,0.836125830208129
15,2,0.86,0.899786780383795,0.919597989949749,0.788732394366197,0.960629921259842,0.939666238767651,0.85064406539741,0,89.9786780383795,91.9597989949749,78.8732394366197,96.0629921259843,93.9666238767651,0.830047931825921,0.836125830208129
15,2,0.87,0.899786780383795,0.919597989949749,0.788732394366197,0.960629921259842,0.939666238767651,0.85064406539741,0,89.9786780383795,91.9597989949749,78.8732394366197,96.0629921259843,93.9666238767651,0.830047931825921,0.836125830208129
15,2,0.88,0.899786780383795,0.919597989949749,0.788732394366197,0.960629921259842,0.939666238767651,0.85064406539741,0,89.9786780383795,91.9597989949749,78.8732394366197,96.0629921259843,93.9666238767651,0.830047931825921,0.836125830208129
15,2,0.89,0.899786780383795,0.919597989949749,0.788732394366197,0.960629921259842,0.939666238767651,0.85064406539741,0,89.9786780383795,91.9597989949749,78.8732394366197,96.0629921259843,93.9666238767651,0.830047931825921,0.836125830208129
15,2,0.9,0.899786780383795,0.919597989949749,0.788732394366197,0.960629921259842,0.939666238767651,0.85064406539741,0,89.9786780383795,91.9597989949749,78.8732394366197,96.0629921259843,93.9666238767651,0.830047931825921,0.836125830208129
15,2,0.91,0.899786780383795,0.919597989949749,0.788732394366197,0.960629921259842,0.939666238767651,0.85064406539741,0,89.9786780383795,91.9597989949749,78.8732394366197,96.0629921259843,93.9666238767651,0.830047931825921,0.836125830208129
15,2,0.92,0.899786780383795,0.919597989949749,0.788732394366197,0.960629921259842,0.939666238767651,0.85064406539741,0,89.9786780383795,91.9597989949749,78.8732394366197,96.0629921259843,93.9666238767651,0.830047931825921,0.836125830208129
15,2,0.93,0.899786780383795,0.919597989949749,0.788732394366197,0.960629921259842,0.939666238767651,0.85064406539741,0,89.9786780383795,91.9597989949749,78.8732394366197,96.0629921259843,93.9666238767651,0.830047931825921,0.836125830208129
15,2,0.94,0.899786780383795,0.919597989949749,0.788732394366197,0.960629921259842,0.939666238767651,0.85064406539741,0,89.9786780383795,91.9597989949749,78.8732394366197,96.0629921259843,93.9666238767651,0.830047931825921,0.836125830208129
15,2,0.95,0.899786780383795,0.919597989949749,0.788732394366197,0.960629921259842,0.939666238767651,0.85064406539741,0,89.9786780383795,91.9597989949749,78.8732394366197,96.0629921259843,93.9666238767651,0.830047931825921,0.836125830208129
30,5,0.17,0.899786780383795,0.919597989949749,0.788732394366197,0.960629921259842,0.939666238767651,0.860499681506122,0,89.9786780383795,91.9597989949749,78.8732394366197,96.0629921259843,93.9666238767651,0.830047931825921,0.836125830208129
30,5,0.18,0.899786780383795,0.919597989949749,0.788732394366197,0.960629921259842,0.939666238767651,0.860499681506122,0,89.9786780383795,91.9597989949749,78.8732394366197,96.0629921259843,93.9666238767651,0.830047931825921,0.836125830208129
30,5,0.19,0.899786780383795,0.919597989949749,0.788732394366197,0.960629921259842,0.939666238767651,0.860499681506122,0,89.9786780383795,91.9597989949749,78.8732394366197,96.0629921259843,93.9666238767651,0.830047931825921,0.836125830208129
15,8,0.55,0.880597014925373,0.894472361809045,0.802816901408451,0.962162162162162,0.927083333333333,0.881520277443556,0,88.0597014925373,89.4472361809045,80.2816901408451,96.2162162162162,92.7083333333333,0.821773282986222,0.836010248847771
15,8,0.56,0.880597014925373,0.894472361809045,0.802816901408451,0.962162162162162,0.927083333333333,0.881520277443556,0,88.0597014925373,89.4472361809045,80.2816901408451,96.2162162162162,92.7083333333333,0.821773282986222,0.836010248847771
15,8,0.57,0.880597014925373,0.894472361809045,0.802816901408451,0.962162162162162,0.927083333333333,0.881520277443556,0,88.0597014925373,89.4472361809045,80.2816901408451,96.2162162162162,92.7083333333333,0.821773282986222,0.836010248847771
15,8,0.58,0.880597014925373,0.894472361809045,0.802816901408451,0.962162162162162,0.927083333333333,0.881520277443556,0,88.0597014925373,89.4472361809045,80.2816901408451,96.2162162162162,92.7083333333333,0.821773282986222,0.836010248847771
15,8,0.59,0.880597014925373,0.894472361809045,0.802816901408451,0.962162162162162,0.927083333333333,0.881520277443556,0,88.0597014925373,89.4472361809045,80.2816901408451,96.2162162162162,92.7083333333333,0.821773282986222,0.836010248847771
15,1,0.05,0.916844349680171,0.942211055276382,0.774647887323944,0.959079283887468,0.950570342205323,0.872708613489985,0,91.6844349680171,94.2211055276382,77.4647887323944,95.9079283887468,95.0570342205323,0.830680161970338,0.835331478105866
15,1,0.06,0.916844349680171,0.942211055276382,0.774647887323944,0.959079283887468,0.950570342205323,0.872708613489985,0,91.6844349680171,94.2211055276382,77.4647887323944,95.9079283887468,95.0570342205323,0.830680161970338,0.835331478105866
15,1,0.07,0.916844349680171,0.942211055276382,0.774647887323944,0.959079283887468,0.950570342205323,0.872708613489985,0,91.6844349680171,94.2211055276382,77.4647887323944,95.9079283887468,95.0570342205323,0.830680161970338,0.835331478105866
15,1,0.08,0.916844349680171,0.942211055276382,0.774647887323944,0.959079283887468,0.950570342205323,0.872708613489985,0,91.6844349680171,94.2211055276382,77.4647887323944,95.9079283887468,95.0570342205323,0.830680161970338,0.835331478105866
15,1,0.09,0.916844349680171,0.942211055276382,0.774647887323944,0.959079283887468,0.950570342205323,0.872708613489985,0,91.6844349680171,94.2211055276382,77.4647887323944,95.9079283887468,95.0570342205323,0.830680161970338,0.835331478105866
15,1,0.1,0.916844349680171,0.942211055276382,0.774647887323944,0.959079283887468,0.950570342205323,0.872708613489985,0,91.6844349680171,94.2211055276382,77.4647887323944,95.9079283887468,95.0570342205323,0.830680161970338,0.835331478105866
15,1,0.11,0.916844349680171,0.942211055276382,0.774647887323944,0.959079283887468,0.950570342205323,0.872708613489985,0,91.6844349680171,94.2211055276382,77.4647887323944,95.9079283887468,95.0570342205323,0.830680161970338,0.835331478105866
15,1,0.12,0.916844349680171,0.942211055276382,0.774647887323944,0.959079283887468,0.950570342205323,0.872708613489985,0,91.6844349680171,94.2211055276382,77.4647887323944,95.9079283887468,95.0570342205323,0.830680161970338,0.835331478105866
20,10,0.34,0.878464818763326,0.891959798994975,0.802816901408451,0.962059620596206,0.925684485006519,0.860977422322882,0,87.8464818763326,89.1959798994975,80.2816901408451,96.2059620596206,92.5684485006519,0.817480754479179,0.835100315385148
20,10,0.35,0.878464818763326,0.891959798994975,0.802816901408451,0.962059620596206,0.925684485006519,0.860977422322882,0,87.8464818763326,89.1959798994975,80.2816901408451,96.2059620596206,92.5684485006519,0.817480754479179,0.835100315385148
20,10,0.36,0.878464818763326,0.891959798994975,0.802816901408451,0.962059620596206,0.925684485006519,0.860977422322882,0,87.8464818763326,89.1959798994975,80.2816901408451,96.2059620596206,92.5684485006519,0.817480754479179,0.835100315385148
20,10,0.37,0.878464818763326,0.891959798994975,0.802816901408451,0.962059620596206,0.925684485006519,0.860977422322882,0,87.8464818763326,89.1959798994975,80.2816901408451,96.2059620596206,92.5684485006519,0.817480754479179,0.835100315385148
20,10,0.38,0.878464818763326,0.891959798994975,0.802816901408451,0.962059620596206,0.925684485006519,0.860977422322882,0,87.8464818763326,89.1959798994975,80.2816901408451,96.2059620596206,92.5684485006519,0.817480754479179,0.835100315385148
20,10,0.39,0.878464818763326,0.891959798994975,0.802816901408451,0.962059620596206,0.925684485006519,0.860977422322882,0,87.8464818763326,89.1959798994975,80.2816901408451,96.2059620596206,92.5684485006519,0.817480754479179,0.835100315385148
20,10,0.4,0.878464818763326,0.891959798994975,0.802816901408451,0.962059620596206,0.925684485006519,0.860977422322882,0,87.8464818763326,89.1959798994975,80.2816901408451,96.2059620596206,92.5684485006519,0.817480754479179,0.835100315385148
20,10,0.41,0.878464818763326,0.891959798994975,0.802816901408451,0.962059620596206,0.925684485006519,0.860977422322882,0,87.8464818763326,89.1959798994975,80.2816901408451,96.2059620596206,92.5684485006519,0.817480754479179,0.835100315385148
20,10,0.42,0.878464818763326,0.891959798994975,0.802816901408451,0.962059620596206,0.925684485006519,0.860977422322882,0,87.8464818763326,89.1959798994975,80.2816901408451,96.2059620596206,92.5684485006519,0.817480754479179,0.835100315385148
20,10,0.43,0.878464818763326,0.891959798994975,0.802816901408451,0.962059620596206,0.925684485006519,0.860977422322882,0,87.8464818763326,89.1959798994975,80.2816901408451,96.2059620596206,92.5684485006519,0.817480754479179,0.835100315385148
20,10,0.44,0.878464818763326,0.891959798994975,0.802816901408451,0.962059620596206,0.925684485006519,0.860977422322882,0,87.8464818763326,89.1959798994975,80.2816901408451,96.2059620596206,92.5684485006519,0.817480754479179,0.835100315385148
20,10,0.45,0.878464818763326,0.891959798994975,0.802816901408451,0.962059620596206,0.925684485006519,0.860977422322882,0,87.8464818763326,89.1959798994975,80.2816901408451,96.2059620596206,92.5684485006519,0.817480754479179,0.835100315385148
20,10,0.46,0.878464818763326,0.891959798994975,0.802816901408451,0.962059620596206,0.925684485006519,0.860977422322882,0,87.8464818763326,89.1959798994975,80.2816901408451,96.2059620596206,92.5684485006519,0.817480754479179,0.835100315385148
20,10,0.47,0.878464818763326,0.891959798994975,0.802816901408451,0.962059620596206,0.925684485006519,0.860977422322882,0,87.8464818763326,89.1959798994975,80.2816901408451,96.2059620596206,92.5684485006519,0.817480754479179,0.835100315385148
20,10,0.48,0.878464818763326,0.891959798994975,0.802816901408451,0.962059620596206,0.925684485006519,0.860977422322882,0,87.8464818763326,89.1959798994975,80.2816901408451,96.2059620596206,92.5684485006519,0.817480754479179,0.835100315385148
20,10,0.49,0.878464818763326,0.891959798994975,0.802816901408451,0.962059620596206,0.925684485006519,0.860977422322882,0,87.8464818763326,89.1959798994975,80.2816901408451,96.2059620596206,92.5684485006519,0.817480754479179,0.835100315385148
20,10,0.5,0.878464818763326,0.891959798994975,0.802816901408451,0.962059620596206,0.925684485006519,0.860977422322882,0,87.8464818763326,89.1959798994975,80.2816901408451,96.2059620596206,92.5684485006519,0.817480754479179,0.835100315385148
20,10,0.51,0.878464818763326,0.891959798994975,0.802816901408451,0.962059620596206,0.925684485006519,0.860977422322882,0,87.8464818763326,89.1959798994975,80.2816901408451,96.2059620596206,92.5684485006519,0.817480754479179,0.835100315385148
20,10,0.62,0.859275053304904,0.866834170854271,0.816901408450704,0.963687150837989,0.912698412698413,0.860977422322882,0,85.9275053304904,86.6834170854271,81.6901408450704,96.3687150837989,91.2698412698413,0.790731877207705,0.834984734024789
20,10,0.63,0.859275053304904,0.866834170854271,0.816901408450704,0.963687150837989,0.912698412698413,0.860977422322882,0,85.9275053304904,86.6834170854271,81.6901408450704,96.3687150837989,91.2698412698413,0.790731877207705,0.834984734024789
30,5,0.2,0.895522388059702,0.914572864321608,0.788732394366197,0.96042216358839,0.936936936936937,0.860499681506122,0,89.5522388059701,91.4572864321608,78.8732394366197,96.0422163588391,93.6936936936937,0.82611405537177,0.834305963282885
30,5,0.21,0.895522388059702,0.914572864321608,0.788732394366197,0.96042216358839,0.936936936936937,0.860499681506122,0,89.5522388059701,91.4572864321608,78.8732394366197,96.0422163588391,93.6936936936937,0.82611405537177,0.834305963282885
30,5,0.22,0.895522388059702,0.914572864321608,0.788732394366197,0.96042216358839,0.936936936936937,0.860499681506122,0,89.5522388059701,91.4572864321608,78.8732394366197,96.0422163588391,93.6936936936937,0.82611405537177,0.834305963282885
30,5,0.23,0.895522388059702,0.914572864321608,0.788732394366197,0.96042216358839,0.936936936936937,0.860499681506122,0,89.5522388059701,91.4572864321608,78.8732394366197,96.0422163588391,93.6936936936937,0.82611405537177,0.834305963282885
30,5,0.24,0.895522388059702,0.914572864321608,0.788732394366197,0.96042216358839,0.936936936936937,0.860499681506122,0,89.5522388059701,91.4572864321608,78.8732394366197,96.0422163588391,93.6936936936937,0.82611405537177,0.834305963282885
30,5,0.25,0.895522388059702,0.914572864321608,0.788732394366197,0.96042216358839,0.936936936936937,0.860499681506122,0,89.5522388059701,91.4572864321608,78.8732394366197,96.0422163588391,93.6936936936937,0.82611405537177,0.834305963282885
30,5,0.26,0.895522388059702,0.914572864321608,0.788732394366197,0.96042216358839,0.936936936936937,0.860499681506122,0,89.5522388059701,91.4572864321608,78.8732394366197,96.0422163588391,93.6936936936937,0.82611405537177,0.834305963282885
30,5,0.27,0.895522388059702,0.914572864321608,0.788732394366197,0.96042216358839,0.936936936936937,0.860499681506122,0,89.5522388059701,91.4572864321608,78.8732394366197,96.0422163588391,93.6936936936937,0.82611405537177,0.834305963282885
30,5,0.28,0.895522388059702,0.914572864321608,0.788732394366197,0.96042216358839,0.936936936936937,0.860499681506122,0,89.5522388059701,91.4572864321608,78.8732394366197,96.0422163588391,93.6936936936937,0.82611405537177,0.834305963282885
30,5,0.29,0.895522388059702,0.914572864321608,0.788732394366197,0.96042216358839,0.936936936936937,0.860499681506122,0,89.5522388059701,91.4572864321608,78.8732394366197,96.0422163588391,93.6936936936937,0.82611405537177,0.834305963282885
30,5,0.3,0.895522388059702,0.914572864321608,0.788732394366197,0.96042216358839,0.936936936936937,0.860499681506122,0,89.5522388059701,91.4572864321608,78.8732394366197,96.0422163588391,93.6936936936937,0.82611405537177,0.834305963282885
30,5,0.31,0.895522388059702,0.914572864321608,0.788732394366197,0.96042216358839,0.936936936936937,0.860499681506122,0,89.5522388059701,91.4572864321608,78.8732394366197,96.0422163588391,93.6936936936937,0.82611405537177,0.834305963282885
30,5,0.32,0.895522388059702,0.914572864321608,0.788732394366197,0.96042216358839,0.936936936936937,0.860499681506122,0,89.5522388059701,91.4572864321608,78.8732394366197,96.0422163588391,93.6936936936937,0.82611405537177,0.834305963282885
30,5,0.33,0.895522388059702,0.914572864321608,0.788732394366197,0.96042216358839,0.936936936936937,0.860499681506122,0,89.5522388059701,91.4572864321608,78.8732394366197,96.0422163588391,93.6936936936937,0.82611405537177,0.834305963282885
30,5,0.34,0.895522388059702,0.914572864321608,0.788732394366197,0.96042216358839,0.936936936936937,0.860499681506122,0,89.5522388059701,91.4572864321608,78.8732394366197,96.0422163588391,93.6936936936937,0.82611405537177,0.834305963282885
30,5,0.35,0.895522388059702,0.914572864321608,0.788732394366197,0.96042216358839,0.936936936936937,0.860499681506122,0,89.5522388059701,91.4572864321608,78.8732394366197,96.0422163588391,93.6936936936937,0.82611405537177,0.834305963282885
30,5,0.36,0.895522388059702,0.914572864321608,0.788732394366197,0.96042216358839,0.936936936936937,0.860499681506122,0,89.5522388059701,91.4572864321608,78.8732394366197,96.0422163588391,93.6936936936937,0.82611405537177,0.834305963282885
30,5,0.37,0.895522388059702,0.914572864321608,0.788732394366197,0.96042216358839,0.936936936936937,0.860499681506122,0,89.5522388059701,91.4572864321608,78.8732394366197,96.0422163588391,93.6936936936937,0.82611405537177,0.834305963282885
30,5,0.38,0.895522388059702,0.914572864321608,0.788732394366197,0.96042216358839,0.936936936936937,0.860499681506122,0,89.5522388059701,91.4572864321608,78.8732394366197,96.0422163588391,93.6936936936937,0.82611405537177,0.834305963282885
30,5,0.39,0.895522388059702,0.914572864321608,0.788732394366197,0.96042216358839,0.936936936936937,0.860499681506122,0,89.5522388059701,91.4572864321608,78.8732394366197,96.0422163588391,93.6936936936937,0.82611405537177,0.834305963282885
30,5,0.4,0.895522388059702,0.914572864321608,0.788732394366197,0.96042216358839,0.936936936936937,0.860499681506122,0,89.5522388059701,91.4572864321608,78.8732394366197,96.0422163588391,93.6936936936937,0.82611405537177,0.834305963282885
30,5,0.41,0.895522388059702,0.914572864321608,0.788732394366197,0.96042216358839,0.936936936936937,0.860499681506122,0,89.5522388059701,91.4572864321608,78.8732394366197,96.0422163588391,93.6936936936937,0.82611405537177,0.834305963282885
30,5,0.42,0.895522388059702,0.914572864321608,0.788732394366197,0.96042216358839,0.936936936936937,0.860499681506122,0,89.5522388059701,91.4572864321608,78.8732394366197,96.0422163588391,93.6936936936937,0.82611405537177,0.834305963282885
30,5,0.43,0.895522388059702,0.914572864321608,0.788732394366197,0.96042216358839,0.936936936936937,0.860499681506122,0,89.5522388059701,91.4572864321608,78.8732394366197,96.0422163588391,93.6936936936937,0.82611405537177,0.834305963282885
30,5,0.44,0.895522388059702,0.914572864321608,0.788732394366197,0.96042216358839,0.936936936936937,0.860499681506122,0,89.5522388059701,91.4572864321608,78.8732394366197,96.0422163588391,93.6936936936937,0.82611405537177,0.834305963282885
30,5,0.45,0.895522388059702,0.914572864321608,0.788732394366197,0.96042216358839,0.936936936936937,0.860499681506122,0,89.5522388059701,91.4572864321608,78.8732394366197,96.0422163588391,93.6936936936937,0.82611405537177,0.834305963282885
30,5,0.46,0.895522388059702,0.914572864321608,0.788732394366197,0.96042216358839,0.936936936936937,0.860499681506122,0,89.5522388059701,91.4572864321608,78.8732394366197,96.0422163588391,93.6936936936937,0.82611405537177,0.834305963282885
30,5,0.47,0.895522388059702,0.914572864321608,0.788732394366197,0.96042216358839,0.936936936936937,0.860499681506122,0,89.5522388059701,91.4572864321608,78.8732394366197,96.0422163588391,93.6936936936937,0.82611405537177,0.834305963282885
30,5,0.48,0.895522388059702,0.914572864321608,0.788732394366197,0.96042216358839,0.936936936936937,0.860499681506122,0,89.5522388059701,91.4572864321608,78.8732394366197,96.0422163588391,93.6936936936937,0.82611405537177,0.834305963282885
30,5,0.49,0.895522388059702,0.914572864321608,0.788732394366197,0.96042216358839,0.936936936936937,0.860499681506122,0,89.5522388059701,91.4572864321608,78.8732394366197,96.0422163588391,93.6936936936937,0.82611405537177,0.834305963282885
30,5,0.5,0.895522388059702,0.914572864321608,0.788732394366197,0.96042216358839,0.936936936936937,0.860499681506122,0,89.5522388059701,91.4572864321608,78.8732394366197,96.0422163588391,93.6936936936937,0.82611405537177,0.834305963282885
30,5,0.51,0.895522388059702,0.914572864321608,0.788732394366197,0.96042216358839,0.936936936936937,0.860499681506122,0,89.5522388059701,91.4572864321608,78.8732394366197,96.0422163588391,93.6936936936937,0.82611405537177,0.834305963282885
30,5,0.52,0.895522388059702,0.914572864321608,0.788732394366197,0.96042216358839,0.936936936936937,0.860499681506122,0,89.5522388059701,91.4572864321608,78.8732394366197,96.0422163588391,93.6936936936937,0.82611405537177,0.834305963282885
30,5,0.53,0.895522388059702,0.914572864321608,0.788732394366197,0.96042216358839,0.936936936936937,0.860499681506122,0,89.5522388059701,91.4572864321608,78.8732394366197,96.0422163588391,93.6936936936937,0.82611405537177,0.834305963282885
30,5,0.54,0.895522388059702,0.914572864321608,0.788732394366197,0.96042216358839,0.936936936936937,0.860499681506122,0,89.5522388059701,91.4572864321608,78.8732394366197,96.0422163588391,93.6936936936937,0.82611405537177,0.834305963282885
20,8,0.12,0.912579957356077,0.937185929648241,0.774647887323944,0.958868894601542,0.947903430749682,0.880670960435983,0,91.2579957356077,93.7185929648241,77.4647887323944,95.8868894601543,94.7903430749682,0.826816533310011,0.833511611180621
20,8,0.13,0.912579957356077,0.937185929648241,0.774647887323944,0.958868894601542,0.947903430749682,0.880670960435983,0,91.2579957356077,93.7185929648241,77.4647887323944,95.8868894601543,94.7903430749682,0.826816533310011,0.833511611180621
20,8,0.14,0.912579957356077,0.937185929648241,0.774647887323944,0.958868894601542,0.947903430749682,0.880670960435983,0,91.2579957356077,93.7185929648241,77.4647887323944,95.8868894601543,94.7903430749682,0.826816533310011,0.833511611180621
20,8,0.15,0.912579957356077,0.937185929648241,0.774647887323944,0.958868894601542,0.947903430749682,0.880670960435983,0,91.2579957356077,93.7185929648241,77.4647887323944,95.8868894601543,94.7903430749682,0.826816533310011,0.833511611180621
20,8,0.16,0.912579957356077,0.937185929648241,0.774647887323944,0.958868894601542,0.947903430749682,0.880670960435983,0,91.2579957356077,93.7185929648241,77.4647887323944,95.8868894601543,94.7903430749682,0.826816533310011,0.833511611180621
20,8,0.17,0.912579957356077,0.937185929648241,0.774647887323944,0.958868894601542,0.947903430749682,0.880670960435983,0,91.2579957356077,93.7185929648241,77.4647887323944,95.8868894601543,94.7903430749682,0.826816533310011,0.833511611180621
20,8,0.18,0.912579957356077,0.937185929648241,0.774647887323944,0.958868894601542,0.947903430749682,0.880670960435983,0,91.2579957356077,93.7185929648241,77.4647887323944,95.8868894601543,94.7903430749682,0.826816533310011,0.833511611180621
20,8,0.19,0.912579957356077,0.937185929648241,0.774647887323944,0.958868894601542,0.947903430749682,0.880670960435983,0,91.2579957356077,93.7185929648241,77.4647887323944,95.8868894601543,94.7903430749682,0.826816533310011,0.833511611180621
20,8,0.2,0.912579957356077,0.937185929648241,0.774647887323944,0.958868894601542,0.947903430749682,0.880670960435983,0,91.2579957356077,93.7185929648241,77.4647887323944,95.8868894601543,94.7903430749682,0.826816533310011,0.833511611180621
20,8,0.21,0.912579957356077,0.937185929648241,0.774647887323944,0.958868894601542,0.947903430749682,0.880670960435983,0,91.2579957356077,93.7185929648241,77.4647887323944,95.8868894601543,94.7903430749682,0.826816533310011,0.833511611180621
20,8,0.22,0.912579957356077,0.937185929648241,0.774647887323944,0.958868894601542,0.947903430749682,0.880670960435983,0,91.2579957356077,93.7185929648241,77.4647887323944,95.8868894601543,94.7903430749682,0.826816533310011,0.833511611180621
20,8,0.23,0.912579957356077,0.937185929648241,0.774647887323944,0.958868894601542,0.947903430749682,0.880670960435983,0,91.2579957356077,93.7185929648241,77.4647887323944,95.8868894601543,94.7903430749682,0.826816533310011,0.833511611180621
50,3,0.55,0.912579957356077,0.937185929648241,0.774647887323944,0.958868894601542,0.947903430749682,0.8588187415953,0,91.2579957356077,93.7185929648241,77.4647887323944,95.8868894601543,94.7903430749682,0.826816533310011,0.833511611180621
50,3,0.56,0.912579957356077,0.937185929648241,0.774647887323944,0.958868894601542,0.947903430749682,0.8588187415953,0,91.2579957356077,93.7185929648241,77.4647887323944,95.8868894601543,94.7903430749682,0.826816533310011,0.833511611180621
50,3,0.57,0.912579957356077,0.937185929648241,0.774647887323944,0.958868894601542,0.947903430749682,0.8588187415953,0,91.2579957356077,93.7185929648241,77.4647887323944,95.8868894601543,94.7903430749682,0.826816533310011,0.833511611180621
50,3,0.58,0.912579957356077,0.937185929648241,0.774647887323944,0.958868894601542,0.947903430749682,0.8588187415953,0,91.2579957356077,93.7185929648241,77.4647887323944,95.8868894601543,94.7903430749682,0.826816533310011,0.833511611180621
50,3,0.59,0.912579957356077,0.937185929648241,0.774647887323944,0.958868894601542,0.947903430749682,0.8588187415953,0,91.2579957356077,93.7185929648241,77.4647887323944,95.8868894601543,94.7903430749682,0.826816533310011,0.833511611180621
50,3,0.6,0.912579957356077,0.937185929648241,0.774647887323944,0.958868894601542,0.947903430749682,0.8588187415953,0,91.2579957356077,93.7185929648241,77.4647887323944,95.8868894601543,94.7903430749682,0.826816533310011,0.833511611180621
50,3,0.61,0.912579957356077,0.937185929648241,0.774647887323944,0.958868894601542,0.947903430749682,0.8588187415953,0,91.2579957356077,93.7185929648241,77.4647887323944,95.8868894601543,94.7903430749682,0.826816533310011,0.833511611180621
50,3,0.62,0.912579957356077,0.937185929648241,0.774647887323944,0.958868894601542,0.947903430749682,0.8588187415953,0,91.2579957356077,93.7185929648241,77.4647887323944,95.8868894601543,94.7903430749682,0.826816533310011,0.833511611180621
50,3,0.63,0.912579957356077,0.937185929648241,0.774647887323944,0.958868894601542,0.947903430749682,0.8588187415953,0,91.2579957356077,93.7185929648241,77.4647887323944,95.8868894601543,94.7903430749682,0.826816533310011,0.833511611180621
50,3,0.64,0.912579957356077,0.937185929648241,0.774647887323944,0.958868894601542,0.947903430749682,0.8588187415953,0,91.2579957356077,93.7185929648241,77.4647887323944,95.8868894601543,94.7903430749682,0.826816533310011,0.833511611180621
50,3,0.65,0.912579957356077,0.937185929648241,0.774647887323944,0.958868894601542,0.947903430749682,0.8588187415953,0,91.2579957356077,93.7185929648241,77.4647887323944,95.8868894601543,94.7903430749682,0.826816533310011,0.833511611180621
50,3,0.66,0.912579957356077,0.937185929648241,0.774647887323944,0.958868894601542,0.947903430749682,0.8588187415953,0,91.2579957356077,93.7185929648241,77.4647887323944,95.8868894601543,94.7903430749682,0.826816533310011,0.833511611180621
50,3,0.67,0.912579957356077,0.937185929648241,0.774647887323944,0.958868894601542,0.947903430749682,0.8588187415953,0,91.2579957356077,93.7185929648241,77.4647887323944,95.8868894601543,94.7903430749682,0.826816533310011,0.833511611180621
50,3,0.68,0.912579957356077,0.937185929648241,0.774647887323944,0.958868894601542,0.947903430749682,0.8588187415953,0,91.2579957356077,93.7185929648241,77.4647887323944,95.8868894601543,94.7903430749682,0.826816533310011,0.833511611180621
50,3,0.69,0.912579957356077,0.937185929648241,0.774647887323944,0.958868894601542,0.947903430749682,0.8588187415953,0,91.2579957356077,93.7185929648241,77.4647887323944,95.8868894601543,94.7903430749682,0.826816533310011,0.833511611180621
50,3,0.7,0.912579957356077,0.937185929648241,0.774647887323944,0.958868894601542,0.947903430749682,0.8588187415953,0,91.2579957356077,93.7185929648241,77.4647887323944,95.8868894601543,94.7903430749682,0.826816533310011,0.833511611180621
50,3,0.71,0.912579957356077,0.937185929648241,0.774647887323944,0.958868894601542,0.947903430749682,0.8588187415953,0,91.2579957356077,93.7185929648241,77.4647887323944,95.8868894601543,94.7903430749682,0.826816533310011,0.833511611180621
50,3,0.72,0.912579957356077,0.937185929648241,0.774647887323944,0.958868894601542,0.947903430749682,0.8588187415953,0,91.2579957356077,93.7185929648241,77.4647887323944,95.8868894601543,94.7903430749682,0.826816533310011,0.833511611180621
50,3,0.73,0.912579957356077,0.937185929648241,0.774647887323944,0.958868894601542,0.947903430749682,0.8588187415953,0,91.2579957356077,93.7185929648241,77.4647887323944,95.8868894601543,94.7903430749682,0.826816533310011,0.833511611180621
50,3,0.74,0.912579957356077,0.937185929648241,0.774647887323944,0.958868894601542,0.947903430749682,0.8588187415953,0,91.2579957356077,93.7185929648241,77.4647887323944,95.8868894601543,94.7903430749682,0.826816533310011,0.833511611180621
50,3,0.75,0.912579957356077,0.937185929648241,0.774647887323944,0.958868894601542,0.947903430749682,0.8588187415953,0,91.2579957356077,93.7185929648241,77.4647887323944,95.8868894601543,94.7903430749682,0.826816533310011,0.833511611180621
50,3,0.76,0.912579957356077,0.937185929648241,0.774647887323944,0.958868894601542,0.947903430749682,0.8588187415953,0,91.2579957356077,93.7185929648241,77.4647887323944,95.8868894601543,94.7903430749682,0.826816533310011,0.833511611180621
50,3,0.77,0.912579957356077,0.937185929648241,0.774647887323944,0.958868894601542,0.947903430749682,0.8588187415953,0,91.2579957356077,93.7185929648241,77.4647887323944,95.8868894601543,94.7903430749682,0.826816533310011,0.833511611180621
50,3,0.78,0.912579957356077,0.937185929648241,0.774647887323944,0.958868894601542,0.947903430749682,0.8588187415953,0,91.2579957356077,93.7185929648241,77.4647887323944,95.8868894601543,94.7903430749682,0.826816533310011,0.833511611180621
50,3,0.79,0.912579957356077,0.937185929648241,0.774647887323944,0.958868894601542,0.947903430749682,0.8588187415953,0,91.2579957356077,93.7185929648241,77.4647887323944,95.8868894601543,94.7903430749682,0.826816533310011,0.833511611180621
50,3,0.8,0.912579957356077,0.937185929648241,0.774647887323944,0.958868894601542,0.947903430749682,0.8588187415953,0,91.2579957356077,93.7185929648241,77.4647887323944,95.8868894601543,94.7903430749682,0.826816533310011,0.833511611180621
50,3,0.81,0.912579957356077,0.937185929648241,0.774647887323944,0.958868894601542,0.947903430749682,0.8588187415953,0,91.2579957356077,93.7185929648241,77.4647887323944,95.8868894601543,94.7903430749682,0.826816533310011,0.833511611180621
50,3,0.82,0.912579957356077,0.937185929648241,0.774647887323944,0.958868894601542,0.947903430749682,0.8588187415953,0,91.2579957356077,93.7185929648241,77.4647887323944,95.8868894601543,94.7903430749682,0.826816533310011,0.833511611180621
40,8,0.29,0.893390191897655,0.912060301507538,0.788732394366197,0.96031746031746,0.935567010309278,0.878176091726237,0,89.3390191897655,91.2060301507538,78.8732394366197,96.031746031746,93.5567010309278,0.824147117144694,0.833396029820263
40,8,0.3,0.893390191897655,0.912060301507538,0.788732394366197,0.96031746031746,0.935567010309278,0.878176091726237,0,89.3390191897655,91.2060301507538,78.8732394366197,96.031746031746,93.5567010309278,0.824147117144694,0.833396029820263
40,8,0.31,0.893390191897655,0.912060301507538,0.788732394366197,0.96031746031746,0.935567010309278,0.878176091726237,0,89.3390191897655,91.2060301507538,78.8732394366197,96.031746031746,93.5567010309278,0.824147117144694,0.833396029820263
40,8,0.32,0.893390191897655,0.912060301507538,0.788732394366197,0.96031746031746,0.935567010309278,0.878176091726237,0,89.3390191897655,91.2060301507538,78.8732394366197,96.031746031746,93.5567010309278,0.824147117144694,0.833396029820263
40,8,0.33,0.893390191897655,0.912060301507538,0.788732394366197,0.96031746031746,0.935567010309278,0.878176091726237,0,89.3390191897655,91.2060301507538,78.8732394366197,96.031746031746,93.5567010309278,0.824147117144694,0.833396029820263
40,8,0.34,0.893390191897655,0.912060301507538,0.788732394366197,0.96031746031746,0.935567010309278,0.878176091726237,0,89.3390191897655,91.2060301507538,78.8732394366197,96.031746031746,93.5567010309278,0.824147117144694,0.833396029820263
40,8,0.35,0.893390191897655,0.912060301507538,0.788732394366197,0.96031746031746,0.935567010309278,0.878176091726237,0,89.3390191897655,91.2060301507538,78.8732394366197,96.031746031746,93.5567010309278,0.824147117144694,0.833396029820263
40,8,0.36,0.893390191897655,0.912060301507538,0.788732394366197,0.96031746031746,0.935567010309278,0.878176091726237,0,89.3390191897655,91.2060301507538,78.8732394366197,96.031746031746,93.5567010309278,0.824147117144694,0.833396029820263
40,8,0.37,0.893390191897655,0.912060301507538,0.788732394366197,0.96031746031746,0.935567010309278,0.878176091726237,0,89.3390191897655,91.2060301507538,78.8732394366197,96.031746031746,93.5567010309278,0.824147117144694,0.833396029820263
40,8,0.38,0.893390191897655,0.912060301507538,0.788732394366197,0.96031746031746,0.935567010309278,0.878176091726237,0,89.3390191897655,91.2060301507538,78.8732394366197,96.031746031746,93.5567010309278,0.824147117144694,0.833396029820263
40,8,0.39,0.893390191897655,0.912060301507538,0.788732394366197,0.96031746031746,0.935567010309278,0.878176091726237,0,89.3390191897655,91.2060301507538,78.8732394366197,96.031746031746,93.5567010309278,0.824147117144694,0.833396029820263
40,8,0.4,0.893390191897655,0.912060301507538,0.788732394366197,0.96031746031746,0.935567010309278,0.878176091726237,0,89.3390191897655,91.2060301507538,78.8732394366197,96.031746031746,93.5567010309278,0.824147117144694,0.833396029820263
40,8,0.41,0.893390191897655,0.912060301507538,0.788732394366197,0.96031746031746,0.935567010309278,0.878176091726237,0,89.3390191897655,91.2060301507538,78.8732394366197,96.031746031746,93.5567010309278,0.824147117144694,0.833396029820263
40,8,0.42,0.893390191897655,0.912060301507538,0.788732394366197,0.96031746031746,0.935567010309278,0.878176091726237,0,89.3390191897655,91.2060301507538,78.8732394366197,96.031746031746,93.5567010309278,0.824147117144694,0.833396029820263
40,8,0.43,0.893390191897655,0.912060301507538,0.788732394366197,0.96031746031746,0.935567010309278,0.878176091726237,0,89.3390191897655,91.2060301507538,78.8732394366197,96.031746031746,93.5567010309278,0.824147117144694,0.833396029820263
40,8,0.44,0.893390191897655,0.912060301507538,0.788732394366197,0.96031746031746,0.935567010309278,0.878176091726237,0,89.3390191897655,91.2060301507538,78.8732394366197,96.031746031746,93.5567010309278,0.824147117144694,0.833396029820263
40,8,0.45,0.893390191897655,0.912060301507538,0.788732394366197,0.96031746031746,0.935567010309278,0.878176091726237,0,89.3390191897655,91.2060301507538,78.8732394366197,96.031746031746,93.5567010309278,0.824147117144694,0.833396029820263
40,8,0.46,0.893390191897655,0.912060301507538,0.788732394366197,0.96031746031746,0.935567010309278,0.878176091726237,0,89.3390191897655,91.2060301507538,78.8732394366197,96.031746031746,93.5567010309278,0.824147117144694,0.833396029820263
40,8,0.47,0.893390191897655,0.912060301507538,0.788732394366197,0.96031746031746,0.935567010309278,0.878176091726237,0,89.3390191897655,91.2060301507538,78.8732394366197,96.031746031746,93.5567010309278,0.824147117144694,0.833396029820263
40,8,0.48,0.893390191897655,0.912060301507538,0.788732394366197,0.96031746031746,0.935567010309278,0.878176091726237,0,89.3390191897655,91.2060301507538,78.8732394366197,96.031746031746,93.5567010309278,0.824147117144694,0.833396029820263
40,8,0.49,0.893390191897655,0.912060301507538,0.788732394366197,0.96031746031746,0.935567010309278,0.878176091726237,0,89.3390191897655,91.2060301507538,78.8732394366197,96.031746031746,93.5567010309278,0.824147117144694,0.833396029820263
40,10,0.34,0.893390191897655,0.912060301507538,0.788732394366197,0.96031746031746,0.935567010309278,0.909069997876707,0,89.3390191897655,91.2060301507538,78.8732394366197,96.031746031746,93.5567010309278,0.824147117144694,0.833396029820263
40,10,0.35,0.893390191897655,0.912060301507538,0.788732394366197,0.96031746031746,0.935567010309278,0.909069997876707,0,89.3390191897655,91.2060301507538,78.8732394366197,96.031746031746,93.5567010309278,0.824147117144694,0.833396029820263
40,10,0.36,0.893390191897655,0.912060301507538,0.788732394366197,0.96031746031746,0.935567010309278,0.909069997876707,0,89.3390191897655,91.2060301507538,78.8732394366197,96.031746031746,93.5567010309278,0.824147117144694,0.833396029820263
40,10,0.37,0.893390191897655,0.912060301507538,0.788732394366197,0.96031746031746,0.935567010309278,0.909069997876707,0,89.3390191897655,91.2060301507538,78.8732394366197,96.031746031746,93.5567010309278,0.824147117144694,0.833396029820263
40,10,0.38,0.893390191897655,0.912060301507538,0.788732394366197,0.96031746031746,0.935567010309278,0.909069997876707,0,89.3390191897655,91.2060301507538,78.8732394366197,96.031746031746,93.5567010309278,0.824147117144694,0.833396029820263
40,10,0.39,0.893390191897655,0.912060301507538,0.788732394366197,0.96031746031746,0.935567010309278,0.909069997876707,0,89.3390191897655,91.2060301507538,78.8732394366197,96.031746031746,93.5567010309278,0.824147117144694,0.833396029820263
40,10,0.4,0.893390191897655,0.912060301507538,0.788732394366197,0.96031746031746,0.935567010309278,0.909069997876707,0,89.3390191897655,91.2060301507538,78.8732394366197,96.031746031746,93.5567010309278,0.824147117144694,0.833396029820263
40,10,0.41,0.893390191897655,0.912060301507538,0.788732394366197,0.96031746031746,0.935567010309278,0.909069997876707,0,89.3390191897655,91.2060301507538,78.8732394366197,96.031746031746,93.5567010309278,0.824147117144694,0.833396029820263
40,10,0.42,0.893390191897655,0.912060301507538,0.788732394366197,0.96031746031746,0.935567010309278,0.909069997876707,0,89.3390191897655,91.2060301507538,78.8732394366197,96.031746031746,93.5567010309278,0.824147117144694,0.833396029820263
20,10,0.52,0.874200426439232,0.886934673366834,0.802816901408451,0.961852861035422,0.922875816993464,0.860977422322882,0,87.4200426439232,88.6934673366834,80.2816901408451,96.1852861035422,92.2875816993464,0.808929232844056,0.833280448459904
20,10,0.53,0.874200426439232,0.886934673366834,0.802816901408451,0.961852861035422,0.922875816993464,0.860977422322882,0,87.4200426439232,88.6934673366834,80.2816901408451,96.1852861035422,92.2875816993464,0.808929232844056,0.833280448459904
20,10,0.54,0.874200426439232,0.886934673366834,0.802816901408451,0.961852861035422,0.922875816993464,0.860977422322882,0,87.4200426439232,88.6934673366834,80.2816901408451,96.1852861035422,92.2875816993464,0.808929232844056,0.833280448459904
20,10,0.55,0.872068230277185,0.884422110552764,0.802816901408451,0.961748633879781,0.921465968586388,0.860977422322882,0,87.2068230277186,88.4422110552764,80.2816901408451,96.1748633879781,92.1465968586388,0.804670239715975,0.832370514997281
20,10,0.56,0.872068230277185,0.884422110552764,0.802816901408451,0.961748633879781,0.921465968586388,0.860977422322882,0,87.2068230277186,88.4422110552764,80.2816901408451,96.1748633879781,92.1465968586388,0.804670239715975,0.832370514997281
20,10,0.57,0.872068230277185,0.884422110552764,0.802816901408451,0.961748633879781,0.921465968586388,0.860977422322882,0,87.2068230277186,88.4422110552764,80.2816901408451,96.1748633879781,92.1465968586388,0.804670239715975,0.832370514997281
20,10,0.58,0.872068230277185,0.884422110552764,0.802816901408451,0.961748633879781,0.921465968586388,0.860977422322882,0,87.2068230277186,88.4422110552764,80.2816901408451,96.1748633879781,92.1465968586388,0.804670239715975,0.832370514997281
20,10,0.59,0.872068230277185,0.884422110552764,0.802816901408451,0.961748633879781,0.921465968586388,0.860977422322882,0,87.2068230277186,88.4422110552764,80.2816901408451,96.1748633879781,92.1465968586388,0.804670239715975,0.832370514997281
20,10,0.6,0.872068230277185,0.884422110552764,0.802816901408451,0.961748633879781,0.921465968586388,0.860977422322882,0,87.2068230277186,88.4422110552764,80.2816901408451,96.1748633879781,92.1465968586388,0.804670239715975,0.832370514997281
15,5,0.16,0.889125799573561,0.907035175879397,0.788732394366197,0.960106382978723,0.9328165374677,0.854890650435275,0,88.9125799573561,90.7035175879397,78.8732394366197,96.0106382978723,93.28165374677,0.820213240690543,0.831576162895018
15,5,0.17,0.889125799573561,0.907035175879397,0.788732394366197,0.960106382978723,0.9328165374677,0.854890650435275,0,88.9125799573561,90.7035175879397,78.8732394366197,96.0106382978723,93.28165374677,0.820213240690543,0.831576162895018
15,5,0.18,0.889125799573561,0.907035175879397,0.788732394366197,0.960106382978723,0.9328165374677,0.854890650435275,0,88.9125799573561,90.7035175879397,78.8732394366197,96.0106382978723,93.28165374677,0.820213240690543,0.831576162895018
15,5,0.19,0.889125799573561,0.907035175879397,0.788732394366197,0.960106382978723,0.9328165374677,0.854890650435275,0,88.9125799573561,90.7035175879397,78.8732394366197,96.0106382978723,93.28165374677,0.820213240690543,0.831576162895018
15,5,0.2,0.889125799573561,0.907035175879397,0.788732394366197,0.960106382978723,0.9328165374677,0.854890650435275,0,88.9125799573561,90.7035175879397,78.8732394366197,96.0106382978723,93.28165374677,0.820213240690543,0.831576162895018
15,5,0.21,0.889125799573561,0.907035175879397,0.788732394366197,0.960106382978723,0.9328165374677,0.854890650435275,0,88.9125799573561,90.7035175879397,78.8732394366197,96.0106382978723,93.28165374677,0.820213240690543,0.831576162895018
30,5,0.55,0.889125799573561,0.907035175879397,0.788732394366197,0.960106382978723,0.9328165374677,0.860499681506122,0,88.9125799573561,90.7035175879397,78.8732394366197,96.0106382978723,93.28165374677,0.820213240690543,0.831576162895018
30,5,0.56,0.889125799573561,0.907035175879397,0.788732394366197,0.960106382978723,0.9328165374677,0.860499681506122,0,88.9125799573561,90.7035175879397,78.8732394366197,96.0106382978723,93.28165374677,0.820213240690543,0.831576162895018
30,5,0.57,0.889125799573561,0.907035175879397,0.788732394366197,0.960106382978723,0.9328165374677,0.860499681506122,0,88.9125799573561,90.7035175879397,78.8732394366197,96.0106382978723,93.28165374677,0.820213240690543,0.831576162895018
30,5,0.58,0.889125799573561,0.907035175879397,0.788732394366197,0.960106382978723,0.9328165374677,0.860499681506122,0,88.9125799573561,90.7035175879397,78.8732394366197,96.0106382978723,93.28165374677,0.820213240690543,0.831576162895018
30,5,0.59,0.889125799573561,0.907035175879397,0.788732394366197,0.960106382978723,0.9328165374677,0.860499681506122,0,88.9125799573561,90.7035175879397,78.8732394366197,96.0106382978723,93.28165374677,0.820213240690543,0.831576162895018
30,5,0.6,0.889125799573561,0.907035175879397,0.788732394366197,0.960106382978723,0.9328165374677,0.860499681506122,0,88.9125799573561,90.7035175879397,78.8732394366197,96.0106382978723,93.28165374677,0.820213240690543,0.831576162895018
30,5,0.61,0.889125799573561,0.907035175879397,0.788732394366197,0.960106382978723,0.9328165374677,0.860499681506122,0,88.9125799573561,90.7035175879397,78.8732394366197,96.0106382978723,93.28165374677,0.820213240690543,0.831576162895018
40,8,0.5,0.889125799573561,0.907035175879397,0.788732394366197,0.960106382978723,0.9328165374677,0.878176091726237,0,88.9125799573561,90.7035175879397,78.8732394366197,96.0106382978723,93.28165374677,0.820213240690543,0.831576162895018
40,8,0.51,0.889125799573561,0.907035175879397,0.788732394366197,0.960106382978723,0.9328165374677,0.878176091726237,0,88.9125799573561,90.7035175879397,78.8732394366197,96.0106382978723,93.28165374677,0.820213240690543,0.831576162895018
40,8,0.52,0.889125799573561,0.907035175879397,0.788732394366197,0.960106382978723,0.9328165374677,0.878176091726237,0,88.9125799573561,90.7035175879397,78.8732394366197,96.0106382978723,93.28165374677,0.820213240690543,0.831576162895018
40,8,0.53,0.889125799573561,0.907035175879397,0.788732394366197,0.960106382978723,0.9328165374677,0.878176091726237,0,88.9125799573561,90.7035175879397,78.8732394366197,96.0106382978723,93.28165374677,0.820213240690543,0.831576162895018
40,8,0.54,0.889125799573561,0.907035175879397,0.788732394366197,0.960106382978723,0.9328165374677,0.878176091726237,0,88.9125799573561,90.7035175879397,78.8732394366197,96.0106382978723,93.28165374677,0.820213240690543,0.831576162895018
40,10,0.43,0.889125799573561,0.907035175879397,0.788732394366197,0.960106382978723,0.9328165374677,0.909069997876707,0,88.9125799573561,90.7035175879397,78.8732394366197,96.0106382978723,93.28165374677,0.820213240690543,0.831576162895018
40,10,0.44,0.889125799573561,0.907035175879397,0.788732394366197,0.960106382978723,0.9328165374677,0.909069997876707,0,88.9125799573561,90.7035175879397,78.8732394366197,96.0106382978723,93.28165374677,0.820213240690543,0.831576162895018
40,10,0.45,0.889125799573561,0.907035175879397,0.788732394366197,0.960106382978723,0.9328165374677,0.909069997876707,0,88.9125799573561,90.7035175879397,78.8732394366197,96.0106382978723,93.28165374677,0.820213240690543,0.831576162895018
40,10,0.46,0.889125799573561,0.907035175879397,0.788732394366197,0.960106382978723,0.9328165374677,0.909069997876707,0,88.9125799573561,90.7035175879397,78.8732394366197,96.0106382978723,93.28165374677,0.820213240690543,0.831576162895018
40,10,0.47,0.889125799573561,0.907035175879397,0.788732394366197,0.960106382978723,0.9328165374677,0.909069997876707,0,88.9125799573561,90.7035175879397,78.8732394366197,96.0106382978723,93.28165374677,0.820213240690543,0.831576162895018
40,10,0.48,0.889125799573561,0.907035175879397,0.788732394366197,0.960106382978723,0.9328165374677,0.909069997876707,0,88.9125799573561,90.7035175879397,78.8732394366197,96.0106382978723,93.28165374677,0.820213240690543,0.831576162895018
40,10,0.49,0.889125799573561,0.907035175879397,0.788732394366197,0.960106382978723,0.9328165374677,0.909069997876707,0,88.9125799573561,90.7035175879397,78.8732394366197,96.0106382978723,93.28165374677,0.820213240690543,0.831576162895018
40,10,0.5,0.886993603411514,0.904522613065327,0.788732394366197,0.96,0.93143596377749,0.909069997876707,0,88.6993603411514,90.4522613065327,78.8732394366197,96,93.143596377749,0.818246302463467,0.830666229432396
40,10,0.51,0.886993603411514,0.904522613065327,0.788732394366197,0.96,0.93143596377749,0.909069997876707,0,88.6993603411514,90.4522613065327,78.8732394366197,96,93.143596377749,0.818246302463467,0.830666229432396
40,10,0.52,0.886993603411514,0.904522613065327,0.788732394366197,0.96,0.93143596377749,0.909069997876707,0,88.6993603411514,90.4522613065327,78.8732394366197,96,93.143596377749,0.818246302463467,0.830666229432396
40,10,0.53,0.886993603411514,0.904522613065327,0.788732394366197,0.96,0.93143596377749,0.909069997876707,0,88.6993603411514,90.4522613065327,78.8732394366197,96,93.143596377749,0.818246302463467,0.830666229432396
40,10,0.54,0.886993603411514,0.904522613065327,0.788732394366197,0.96,0.93143596377749,0.909069997876707,0,88.6993603411514,90.4522613065327,78.8732394366197,96,93.143596377749,0.818246302463467,0.830666229432396
50,5,0.23,0.886993603411514,0.904522613065327,0.788732394366197,0.96,0.93143596377749,0.861738268808833,0,88.6993603411514,90.4522613065327,78.8732394366197,96,93.143596377749,0.818246302463467,0.830666229432396
50,5,0.24,0.886993603411514,0.904522613065327,0.788732394366197,0.96,0.93143596377749,0.861738268808833,0,88.6993603411514,90.4522613065327,78.8732394366197,96,93.143596377749,0.818246302463467,0.830666229432396
15,5,0.22,0.884861407249467,0.902010050251256,0.788732394366197,0.959893048128342,0.930051813471502,0.854890650435275,0,88.4861407249467,90.2010050251256,78.8732394366197,95.9893048128342,93.0051813471502,0.816279364236391,0.829756295969773
15,5,0.23,0.884861407249467,0.902010050251256,0.788732394366197,0.959893048128342,0.930051813471502,0.854890650435275,0,88.4861407249467,90.2010050251256,78.8732394366197,95.9893048128342,93.0051813471502,0.816279364236391,0.829756295969773
15,5,0.24,0.884861407249467,0.902010050251256,0.788732394366197,0.959893048128342,0.930051813471502,0.854890650435275,0,88.4861407249467,90.2010050251256,78.8732394366197,95.9893048128342,93.0051813471502,0.816279364236391,0.829756295969773
15,5,0.25,0.884861407249467,0.902010050251256,0.788732394366197,0.959893048128342,0.930051813471502,0.854890650435275,0,88.4861407249467,90.2010050251256,78.8732394366197,95.9893048128342,93.0051813471502,0.816279364236391,0.829756295969773
15,5,0.26,0.884861407249467,0.902010050251256,0.788732394366197,0.959893048128342,0.930051813471502,0.854890650435275,0,88.4861407249467,90.2010050251256,78.8732394366197,95.9893048128342,93.0051813471502,0.816279364236391,0.829756295969773
15,5,0.27,0.884861407249467,0.902010050251256,0.788732394366197,0.959893048128342,0.930051813471502,0.854890650435275,0,88.4861407249467,90.2010050251256,78.8732394366197,95.9893048128342,93.0051813471502,0.816279364236391,0.829756295969773
15,5,0.28,0.884861407249467,0.902010050251256,0.788732394366197,0.959893048128342,0.930051813471502,0.854890650435275,0,88.4861407249467,90.2010050251256,78.8732394366197,95.9893048128342,93.0051813471502,0.816279364236391,0.829756295969773
15,5,0.29,0.884861407249467,0.902010050251256,0.788732394366197,0.959893048128342,0.930051813471502,0.854890650435275,0,88.4861407249467,90.2010050251256,78.8732394366197,95.9893048128342,93.0051813471502,0.816279364236391,0.829756295969773
15,5,0.3,0.884861407249467,0.902010050251256,0.788732394366197,0.959893048128342,0.930051813471502,0.854890650435275,0,88.4861407249467,90.2010050251256,78.8732394366197,95.9893048128342,93.0051813471502,0.816279364236391,0.829756295969773
15,5,0.31,0.884861407249467,0.902010050251256,0.788732394366197,0.959893048128342,0.930051813471502,0.854890650435275,0,88.4861407249467,90.2010050251256,78.8732394366197,95.9893048128342,93.0051813471502,0.816279364236391,0.829756295969773
15,5,0.32,0.884861407249467,0.902010050251256,0.788732394366197,0.959893048128342,0.930051813471502,0.854890650435275,0,88.4861407249467,90.2010050251256,78.8732394366197,95.9893048128342,93.0051813471502,0.816279364236391,0.829756295969773
15,5,0.33,0.884861407249467,0.902010050251256,0.788732394366197,0.959893048128342,0.930051813471502,0.854890650435275,0,88.4861407249467,90.2010050251256,78.8732394366197,95.9893048128342,93.0051813471502,0.816279364236391,0.829756295969773
15,5,0.34,0.884861407249467,0.902010050251256,0.788732394366197,0.959893048128342,0.930051813471502,0.854890650435275,0,88.4861407249467,90.2010050251256,78.8732394366197,95.9893048128342,93.0051813471502,0.816279364236391,0.829756295969773
15,5,0.35,0.884861407249467,0.902010050251256,0.788732394366197,0.959893048128342,0.930051813471502,0.854890650435275,0,88.4861407249467,90.2010050251256,78.8732394366197,95.9893048128342,93.0051813471502,0.816279364236391,0.829756295969773
15,5,0.36,0.884861407249467,0.902010050251256,0.788732394366197,0.959893048128342,0.930051813471502,0.854890650435275,0,88.4861407249467,90.2010050251256,78.8732394366197,95.9893048128342,93.0051813471502,0.816279364236391,0.829756295969773
15,5,0.37,0.884861407249467,0.902010050251256,0.788732394366197,0.959893048128342,0.930051813471502,0.854890650435275,0,88.4861407249467,90.2010050251256,78.8732394366197,95.9893048128342,93.0051813471502,0.816279364236391,0.829756295969773
15,5,0.38,0.884861407249467,0.902010050251256,0.788732394366197,0.959893048128342,0.930051813471502,0.854890650435275,0,88.4861407249467,90.2010050251256,78.8732394366197,95.9893048128342,93.0051813471502,0.816279364236391,0.829756295969773
15,5,0.39,0.884861407249467,0.902010050251256,0.788732394366197,0.959893048128342,0.930051813471502,0.854890650435275,0,88.4861407249467,90.2010050251256,78.8732394366197,95.9893048128342,93.0051813471502,0.816279364236391,0.829756295969773
15,5,0.4,0.884861407249467,0.902010050251256,0.788732394366197,0.959893048128342,0.930051813471502,0.854890650435275,0,88.4861407249467,90.2010050251256,78.8732394366197,95.9893048128342,93.0051813471502,0.816279364236391,0.829756295969773
15,5,0.41,0.884861407249467,0.902010050251256,0.788732394366197,0.959893048128342,0.930051813471502,0.854890650435275,0,88.4861407249467,90.2010050251256,78.8732394366197,95.9893048128342,93.0051813471502,0.816279364236391,0.829756295969773
15,5,0.42,0.884861407249467,0.902010050251256,0.788732394366197,0.959893048128342,0.930051813471502,0.854890650435275,0,88.4861407249467,90.2010050251256,78.8732394366197,95.9893048128342,93.0051813471502,0.816279364236391,0.829756295969773
15,5,0.43,0.884861407249467,0.902010050251256,0.788732394366197,0.959893048128342,0.930051813471502,0.854890650435275,0,88.4861407249467,90.2010050251256,78.8732394366197,95.9893048128342,93.0051813471502,0.816279364236391,0.829756295969773
15,5,0.44,0.884861407249467,0.902010050251256,0.788732394366197,0.959893048128342,0.930051813471502,0.854890650435275,0,88.4861407249467,90.2010050251256,78.8732394366197,95.9893048128342,93.0051813471502,0.816279364236391,0.829756295969773
15,5,0.45,0.884861407249467,0.902010050251256,0.788732394366197,0.959893048128342,0.930051813471502,0.854890650435275,0,88.4861407249467,90.2010050251256,78.8732394366197,95.9893048128342,93.0051813471502,0.816279364236391,0.829756295969773
15,5,0.46,0.884861407249467,0.902010050251256,0.788732394366197,0.959893048128342,0.930051813471502,0.854890650435275,0,88.4861407249467,90.2010050251256,78.8732394366197,95.9893048128342,93.0051813471502,0.816279364236391,0.829756295969773
15,5,0.47,0.884861407249467,0.902010050251256,0.788732394366197,0.959893048128342,0.930051813471502,0.854890650435275,0,88.4861407249467,90.2010050251256,78.8732394366197,95.9893048128342,93.0051813471502,0.816279364236391,0.829756295969773
15,5,0.48,0.884861407249467,0.902010050251256,0.788732394366197,0.959893048128342,0.930051813471502,0.854890650435275,0,88.4861407249467,90.2010050251256,78.8732394366197,95.9893048128342,93.0051813471502,0.816279364236391,0.829756295969773
15,5,0.49,0.884861407249467,0.902010050251256,0.788732394366197,0.959893048128342,0.930051813471502,0.854890650435275,0,88.4861407249467,90.2010050251256,78.8732394366197,95.9893048128342,93.0051813471502,0.816279364236391,0.829756295969773
15,5,0.5,0.884861407249467,0.902010050251256,0.788732394366197,0.959893048128342,0.930051813471502,0.854890650435275,0,88.4861407249467,90.2010050251256,78.8732394366197,95.9893048128342,93.0051813471502,0.816279364236391,0.829756295969773
15,5,0.51,0.884861407249467,0.902010050251256,0.788732394366197,0.959893048128342,0.930051813471502,0.854890650435275,0,88.4861407249467,90.2010050251256,78.8732394366197,95.9893048128342,93.0051813471502,0.816279364236391,0.829756295969773
15,5,0.52,0.884861407249467,0.902010050251256,0.788732394366197,0.959893048128342,0.930051813471502,0.854890650435275,0,88.4861407249467,90.2010050251256,78.8732394366197,95.9893048128342,93.0051813471502,0.816279364236391,0.829756295969773
15,5,0.53,0.884861407249467,0.902010050251256,0.788732394366197,0.959893048128342,0.930051813471502,0.854890650435275,0,88.4861407249467,90.2010050251256,78.8732394366197,95.9893048128342,93.0051813471502,0.816279364236391,0.829756295969773
15,5,0.54,0.884861407249467,0.902010050251256,0.788732394366197,0.959893048128342,0.930051813471502,0.854890650435275,0,88.4861407249467,90.2010050251256,78.8732394366197,95.9893048128342,93.0051813471502,0.816279364236391,0.829756295969773
15,5,0.55,0.884861407249467,0.902010050251256,0.788732394366197,0.959893048128342,0.930051813471502,0.854890650435275,0,88.4861407249467,90.2010050251256,78.8732394366197,95.9893048128342,93.0051813471502,0.816279364236391,0.829756295969773
15,5,0.56,0.884861407249467,0.902010050251256,0.788732394366197,0.959893048128342,0.930051813471502,0.854890650435275,0,88.4861407249467,90.2010050251256,78.8732394366197,95.9893048128342,93.0051813471502,0.816279364236391,0.829756295969773
15,5,0.57,0.884861407249467,0.902010050251256,0.788732394366197,0.959893048128342,0.930051813471502,0.854890650435275,0,88.4861407249467,90.2010050251256,78.8732394366197,95.9893048128342,93.0051813471502,0.816279364236391,0.829756295969773
15,5,0.58,0.884861407249467,0.902010050251256,0.788732394366197,0.959893048128342,0.930051813471502,0.854890650435275,0,88.4861407249467,90.2010050251256,78.8732394366197,95.9893048128342,93.0051813471502,0.816279364236391,0.829756295969773
15,5,0.59,0.884861407249467,0.902010050251256,0.788732394366197,0.959893048128342,0.930051813471502,0.854890650435275,0,88.4861407249467,90.2010050251256,78.8732394366197,95.9893048128342,93.0051813471502,0.816279364236391,0.829756295969773
15,5,0.6,0.884861407249467,0.902010050251256,0.788732394366197,0.959893048128342,0.930051813471502,0.854890650435275,0,88.4861407249467,90.2010050251256,78.8732394366197,95.9893048128342,93.0051813471502,0.816279364236391,0.829756295969773
15,5,0.61,0.884861407249467,0.902010050251256,0.788732394366197,0.959893048128342,0.930051813471502,0.854890650435275,0,88.4861407249467,90.2010050251256,78.8732394366197,95.9893048128342,93.0051813471502,0.816279364236391,0.829756295969773
15,5,0.62,0.884861407249467,0.902010050251256,0.788732394366197,0.959893048128342,0.930051813471502,0.854890650435275,0,88.4861407249467,90.2010050251256,78.8732394366197,95.9893048128342,93.0051813471502,0.816279364236391,0.829756295969773
15,5,0.63,0.884861407249467,0.902010050251256,0.788732394366197,0.959893048128342,0.930051813471502,0.854890650435275,0,88.4861407249467,90.2010050251256,78.8732394366197,95.9893048128342,93.0051813471502,0.816279364236391,0.829756295969773
15,5,0.64,0.884861407249467,0.902010050251256,0.788732394366197,0.959893048128342,0.930051813471502,0.854890650435275,0,88.4861407249467,90.2010050251256,78.8732394366197,95.9893048128342,93.0051813471502,0.816279364236391,0.829756295969773
15,5,0.65,0.884861407249467,0.902010050251256,0.788732394366197,0.959893048128342,0.930051813471502,0.854890650435275,0,88.4861407249467,90.2010050251256,78.8732394366197,95.9893048128342,93.0051813471502,0.816279364236391,0.829756295969773
15,5,0.66,0.884861407249467,0.902010050251256,0.788732394366197,0.959893048128342,0.930051813471502,0.854890650435275,0,88.4861407249467,90.2010050251256,78.8732394366197,95.9893048128342,93.0051813471502,0.816279364236391,0.829756295969773
15,5,0.67,0.884861407249467,0.902010050251256,0.788732394366197,0.959893048128342,0.930051813471502,0.854890650435275,0,88.4861407249467,90.2010050251256,78.8732394366197,95.9893048128342,93.0051813471502,0.816279364236391,0.829756295969773
15,5,0.68,0.884861407249467,0.902010050251256,0.788732394366197,0.959893048128342,0.930051813471502,0.854890650435275,0,88.4861407249467,90.2010050251256,78.8732394366197,95.9893048128342,93.0051813471502,0.816279364236391,0.829756295969773
15,5,0.69,0.884861407249467,0.902010050251256,0.788732394366197,0.959893048128342,0.930051813471502,0.854890650435275,0,88.4861407249467,90.2010050251256,78.8732394366197,95.9893048128342,93.0051813471502,0.816279364236391,0.829756295969773
15,5,0.7,0.884861407249467,0.902010050251256,0.788732394366197,0.959893048128342,0.930051813471502,0.854890650435275,0,88.4861407249467,90.2010050251256,78.8732394366197,95.9893048128342,93.0051813471502,0.816279364236391,0.829756295969773
15,5,0.71,0.884861407249467,0.902010050251256,0.788732394366197,0.959893048128342,0.930051813471502,0.854890650435275,0,88.4861407249467,90.2010050251256,78.8732394366197,95.9893048128342,93.0051813471502,0.816279364236391,0.829756295969773
15,5,0.72,0.884861407249467,0.902010050251256,0.788732394366197,0.959893048128342,0.930051813471502,0.854890650435275,0,88.4861407249467,90.2010050251256,78.8732394366197,95.9893048128342,93.0051813471502,0.816279364236391,0.829756295969773
15,5,0.73,0.884861407249467,0.902010050251256,0.788732394366197,0.959893048128342,0.930051813471502,0.854890650435275,0,88.4861407249467,90.2010050251256,78.8732394366197,95.9893048128342,93.0051813471502,0.816279364236391,0.829756295969773
15,5,0.74,0.884861407249467,0.902010050251256,0.788732394366197,0.959893048128342,0.930051813471502,0.854890650435275,0,88.4861407249467,90.2010050251256,78.8732394366197,95.9893048128342,93.0051813471502,0.816279364236391,0.829756295969773
15,5,0.75,0.884861407249467,0.902010050251256,0.788732394366197,0.959893048128342,0.930051813471502,0.854890650435275,0,88.4861407249467,90.2010050251256,78.8732394366197,95.9893048128342,93.0051813471502,0.816279364236391,0.829756295969773
15,5,0.76,0.884861407249467,0.902010050251256,0.788732394366197,0.959893048128342,0.930051813471502,0.854890650435275,0,88.4861407249467,90.2010050251256,78.8732394366197,95.9893048128342,93.0051813471502,0.816279364236391,0.829756295969773
15,5,0.77,0.884861407249467,0.902010050251256,0.788732394366197,0.959893048128342,0.930051813471502,0.854890650435275,0,88.4861407249467,90.2010050251256,78.8732394366197,95.9893048128342,93.0051813471502,0.816279364236391,0.829756295969773
15,5,0.78,0.884861407249467,0.902010050251256,0.788732394366197,0.959893048128342,0.930051813471502,0.854890650435275,0,88.4861407249467,90.2010050251256,78.8732394366197,95.9893048128342,93.0051813471502,0.816279364236391,0.829756295969773
15,5,0.79,0.884861407249467,0.902010050251256,0.788732394366197,0.959893048128342,0.930051813471502,0.854890650435275,0,88.4861407249467,90.2010050251256,78.8732394366197,95.9893048128342,93.0051813471502,0.816279364236391,0.829756295969773
15,5,0.8,0.884861407249467,0.902010050251256,0.788732394366197,0.959893048128342,0.930051813471502,0.854890650435275,0,88.4861407249467,90.2010050251256,78.8732394366197,95.9893048128342,93.0051813471502,0.816279364236391,0.829756295969773
15,5,0.81,0.884861407249467,0.902010050251256,0.788732394366197,0.959893048128342,0.930051813471502,0.854890650435275,0,88.4861407249467,90.2010050251256,78.8732394366197,95.9893048128342,93.0051813471502,0.816279364236391,0.829756295969773
15,5,0.82,0.884861407249467,0.902010050251256,0.788732394366197,0.959893048128342,0.930051813471502,0.854890650435275,0,88.4861407249467,90.2010050251256,78.8732394366197,95.9893048128342,93.0051813471502,0.816279364236391,0.829756295969773
15,5,0.83,0.884861407249467,0.902010050251256,0.788732394366197,0.959893048128342,0.930051813471502,0.854890650435275,0,88.4861407249467,90.2010050251256,78.8732394366197,95.9893048128342,93.0051813471502,0.816279364236391,0.829756295969773
15,5,0.84,0.884861407249467,0.902010050251256,0.788732394366197,0.959893048128342,0.930051813471502,0.854890650435275,0,88.4861407249467,90.2010050251256,78.8732394366197,95.9893048128342,93.0051813471502,0.816279364236391,0.829756295969773
15,5,0.85,0.884861407249467,0.902010050251256,0.788732394366197,0.959893048128342,0.930051813471502,0.854890650435275,0,88.4861407249467,90.2010050251256,78.8732394366197,95.9893048128342,93.0051813471502,0.816279364236391,0.829756295969773
15,5,0.86,0.884861407249467,0.902010050251256,0.788732394366197,0.959893048128342,0.930051813471502,0.854890650435275,0,88.4861407249467,90.2010050251256,78.8732394366197,95.9893048128342,93.0051813471502,0.816279364236391,0.829756295969773
15,5,0.87,0.884861407249467,0.902010050251256,0.788732394366197,0.959893048128342,0.930051813471502,0.854890650435275,0,88.4861407249467,90.2010050251256,78.8732394366197,95.9893048128342,93.0051813471502,0.816279364236391,0.829756295969773
15,5,0.88,0.884861407249467,0.902010050251256,0.788732394366197,0.959893048128342,0.930051813471502,0.854890650435275,0,88.4861407249467,90.2010050251256,78.8732394366197,95.9893048128342,93.0051813471502,0.816279364236391,0.829756295969773
15,5,0.89,0.884861407249467,0.902010050251256,0.788732394366197,0.959893048128342,0.930051813471502,0.854890650435275,0,88.4861407249467,90.2010050251256,78.8732394366197,95.9893048128342,93.0051813471502,0.816279364236391,0.829756295969773
15,5,0.9,0.884861407249467,0.902010050251256,0.788732394366197,0.959893048128342,0.930051813471502,0.854890650435275,0,88.4861407249467,90.2010050251256,78.8732394366197,95.9893048128342,93.0051813471502,0.816279364236391,0.829756295969773
15,5,0.91,0.884861407249467,0.902010050251256,0.788732394366197,0.959893048128342,0.930051813471502,0.854890650435275,0,88.4861407249467,90.2010050251256,78.8732394366197,95.9893048128342,93.0051813471502,0.816279364236391,0.829756295969773
15,5,0.92,0.884861407249467,0.902010050251256,0.788732394366197,0.959893048128342,0.930051813471502,0.854890650435275,0,88.4861407249467,90.2010050251256,78.8732394366197,95.9893048128342,93.0051813471502,0.816279364236391,0.829756295969773
15,5,0.93,0.884861407249467,0.902010050251256,0.788732394366197,0.959893048128342,0.930051813471502,0.854890650435275,0,88.4861407249467,90.2010050251256,78.8732394366197,95.9893048128342,93.0051813471502,0.816279364236391,0.829756295969773
15,5,0.94,0.884861407249467,0.902010050251256,0.788732394366197,0.959893048128342,0.930051813471502,0.854890650435275,0,88.4861407249467,90.2010050251256,78.8732394366197,95.9893048128342,93.0051813471502,0.816279364236391,0.829756295969773
15,5,0.95,0.884861407249467,0.902010050251256,0.788732394366197,0.959893048128342,0.930051813471502,0.854890650435275,0,88.4861407249467,90.2010050251256,78.8732394366197,95.9893048128342,93.0051813471502,0.816279364236391,0.829756295969773
20,5,0.49,0.901918976545842,0.924623115577889,0.774647887323944,0.958333333333333,0.941176470588235,0.890261164979829,0,90.1918976545842,92.462311557789,77.4647887323944,95.8333333333333,94.1176470588235,0.817157461659193,0.82896194386751
20,5,0.5,0.901918976545842,0.924623115577889,0.774647887323944,0.958333333333333,0.941176470588235,0.890261164979829,0,90.1918976545842,92.462311557789,77.4647887323944,95.8333333333333,94.1176470588235,0.817157461659193,0.82896194386751
20,5,0.51,0.901918976545842,0.924623115577889,0.774647887323944,0.958333333333333,0.941176470588235,0.890261164979829,0,90.1918976545842,92.462311557789,77.4647887323944,95.8333333333333,94.1176470588235,0.817157461659193,0.82896194386751
20,5,0.52,0.901918976545842,0.924623115577889,0.774647887323944,0.958333333333333,0.941176470588235,0.890261164979829,0,90.1918976545842,92.462311557789,77.4647887323944,95.8333333333333,94.1176470588235,0.817157461659193,0.82896194386751
20,5,0.53,0.901918976545842,0.924623115577889,0.774647887323944,0.958333333333333,0.941176470588235,0.890261164979829,0,90.1918976545842,92.462311557789,77.4647887323944,95.8333333333333,94.1176470588235,0.817157461659193,0.82896194386751
20,5,0.54,0.901918976545842,0.924623115577889,0.774647887323944,0.958333333333333,0.941176470588235,0.890261164979829,0,90.1918976545842,92.462311557789,77.4647887323944,95.8333333333333,94.1176470588235,0.817157461659193,0.82896194386751
40,10,0.23,0.901918976545842,0.924623115577889,0.774647887323944,0.958333333333333,0.941176470588235,0.909069997876707,0,90.1918976545842,92.462311557789,77.4647887323944,95.8333333333333,94.1176470588235,0.817157461659193,0.82896194386751
40,10,0.24,0.901918976545842,0.924623115577889,0.774647887323944,0.958333333333333,0.941176470588235,0.909069997876707,0,90.1918976545842,92.462311557789,77.4647887323944,95.8333333333333,94.1176470588235,0.817157461659193,0.82896194386751
15,8,0.43,0.88272921108742,0.899497487437186,0.788732394366197,0.959785522788204,0.928664072632944,0.881520277443556,0,88.272921108742,89.9497487437186,78.8732394366197,95.9785522788204,92.8664072632944,0.813857756871399,0.828846362507151
15,8,0.44,0.88272921108742,0.899497487437186,0.788732394366197,0.959785522788204,0.928664072632944,0.881520277443556,0,88.272921108742,89.9497487437186,78.8732394366197,95.9785522788204,92.8664072632944,0.813857756871399,0.828846362507151
15,8,0.45,0.88272921108742,0.899497487437186,0.788732394366197,0.959785522788204,0.928664072632944,0.881520277443556,0,88.272921108742,89.9497487437186,78.8732394366197,95.9785522788204,92.8664072632944,0.813857756871399,0.828846362507151
15,8,0.46,0.88272921108742,0.899497487437186,0.788732394366197,0.959785522788204,0.928664072632944,0.881520277443556,0,88.272921108742,89.9497487437186,78.8732394366197,95.9785522788204,92.8664072632944,0.813857756871399,0.828846362507151
15,8,0.47,0.88272921108742,0.899497487437186,0.788732394366197,0.959785522788204,0.928664072632944,0.881520277443556,0,88.272921108742,89.9497487437186,78.8732394366197,95.9785522788204,92.8664072632944,0.813857756871399,0.828846362507151
15,8,0.48,0.88272921108742,0.899497487437186,0.788732394366197,0.959785522788204,0.928664072632944,0.881520277443556,0,88.272921108742,89.9497487437186,78.8732394366197,95.9785522788204,92.8664072632944,0.813857756871399,0.828846362507151
15,8,0.49,0.88272921108742,0.899497487437186,0.788732394366197,0.959785522788204,0.928664072632944,0.881520277443556,0,88.272921108742,89.9497487437186,78.8732394366197,95.9785522788204,92.8664072632944,0.813857756871399,0.828846362507151
15,8,0.5,0.88272921108742,0.899497487437186,0.788732394366197,0.959785522788204,0.928664072632944,0.881520277443556,0,88.272921108742,89.9497487437186,78.8732394366197,95.9785522788204,92.8664072632944,0.813857756871399,0.828846362507151
50,5,0.25,0.88272921108742,0.899497487437186,0.788732394366197,0.959785522788204,0.928664072632944,0.861738268808833,0,88.272921108742,89.9497487437186,78.8732394366197,95.9785522788204,92.8664072632944,0.813857756871399,0.828846362507151
50,5,0.26,0.88272921108742,0.899497487437186,0.788732394366197,0.959785522788204,0.928664072632944,0.861738268808833,0,88.272921108742,89.9497487437186,78.8732394366197,95.9785522788204,92.8664072632944,0.813857756871399,0.828846362507151
50,5,0.27,0.88272921108742,0.899497487437186,0.788732394366197,0.959785522788204,0.928664072632944,0.861738268808833,0,88.272921108742,89.9497487437186,78.8732394366197,95.9785522788204,92.8664072632944,0.813857756871399,0.828846362507151
50,5,0.28,0.88272921108742,0.899497487437186,0.788732394366197,0.959785522788204,0.928664072632944,0.861738268808833,0,88.272921108742,89.9497487437186,78.8732394366197,95.9785522788204,92.8664072632944,0.813857756871399,0.828846362507151
50,5,0.29,0.88272921108742,0.899497487437186,0.788732394366197,0.959785522788204,0.928664072632944,0.861738268808833,0,88.272921108742,89.9497487437186,78.8732394366197,95.9785522788204,92.8664072632944,0.813857756871399,0.828846362507151
15,5,0.13,0.899786780383795,0.922110552763819,0.774647887323944,0.95822454308094,0.939820742637644,0.854890650435275,0,89.9786780383795,92.2110552763819,77.4647887323944,95.822454308094,93.9820742637644,0.81522564732903,0.828052010404888
15,5,0.14,0.899786780383795,0.922110552763819,0.774647887323944,0.95822454308094,0.939820742637644,0.854890650435275,0,89.9786780383795,92.2110552763819,77.4647887323944,95.822454308094,93.9820742637644,0.81522564732903,0.828052010404888
15,5,0.15,0.899786780383795,0.922110552763819,0.774647887323944,0.95822454308094,0.939820742637644,0.854890650435275,0,89.9786780383795,92.2110552763819,77.4647887323944,95.822454308094,93.9820742637644,0.81522564732903,0.828052010404888
30,5,0.08,0.899786780383795,0.922110552763819,0.774647887323944,0.95822454308094,0.939820742637644,0.860499681506122,0,89.9786780383795,92.2110552763819,77.4647887323944,95.822454308094,93.9820742637644,0.81522564732903,0.828052010404888
30,5,0.09,0.899786780383795,0.922110552763819,0.774647887323944,0.95822454308094,0.939820742637644,0.860499681506122,0,89.9786780383795,92.2110552763819,77.4647887323944,95.822454308094,93.9820742637644,0.81522564732903,0.828052010404888
30,5,0.1,0.899786780383795,0.922110552763819,0.774647887323944,0.95822454308094,0.939820742637644,0.860499681506122,0,89.9786780383795,92.2110552763819,77.4647887323944,95.822454308094,93.9820742637644,0.81522564732903,0.828052010404888
40,8,0.21,0.899786780383795,0.922110552763819,0.774647887323944,0.95822454308094,0.939820742637644,0.878176091726237,0,89.9786780383795,92.2110552763819,77.4647887323944,95.822454308094,93.9820742637644,0.81522564732903,0.828052010404888
20,10,0.29,0.880597014925373,0.896984924623116,0.788732394366197,0.959677419354839,0.927272727272727,0.860977422322882,0,88.0597014925373,89.6984924623116,78.8732394366197,95.9677419354839,92.7272727272727,0.809624062362534,0.827936429044529
20,10,0.3,0.880597014925373,0.896984924623116,0.788732394366197,0.959677419354839,0.927272727272727,0.860977422322882,0,88.0597014925373,89.6984924623116,78.8732394366197,95.9677419354839,92.7272727272727,0.809624062362534,0.827936429044529
20,10,0.31,0.880597014925373,0.896984924623116,0.788732394366197,0.959677419354839,0.927272727272727,0.860977422322882,0,88.0597014925373,89.6984924623116,78.8732394366197,95.9677419354839,92.7272727272727,0.809624062362534,0.827936429044529
20,10,0.32,0.880597014925373,0.896984924623116,0.788732394366197,0.959677419354839,0.927272727272727,0.860977422322882,0,88.0597014925373,89.6984924623116,78.8732394366197,95.9677419354839,92.7272727272727,0.809624062362534,0.827936429044529
20,10,0.33,0.880597014925373,0.896984924623116,0.788732394366197,0.959677419354839,0.927272727272727,0.860977422322882,0,88.0597014925373,89.6984924623116,78.8732394366197,95.9677419354839,92.7272727272727,0.809624062362534,0.827936429044529
40,10,0.55,0.880597014925373,0.896984924623116,0.788732394366197,0.959677419354839,0.927272727272727,0.909069997876707,0,88.0597014925373,89.6984924623116,78.8732394366197,95.9677419354839,92.7272727272727,0.809624062362534,0.827936429044529
40,10,0.56,0.880597014925373,0.896984924623116,0.788732394366197,0.959677419354839,0.927272727272727,0.909069997876707,0,88.0597014925373,89.6984924623116,78.8732394366197,95.9677419354839,92.7272727272727,0.809624062362534,0.827936429044529
50,5,0.3,0.880597014925373,0.896984924623116,0.788732394366197,0.959677419354839,0.927272727272727,0.861738268808833,0,88.0597014925373,89.6984924623116,78.8732394366197,95.9677419354839,92.7272727272727,0.809624062362534,0.827936429044529
50,5,0.31,0.880597014925373,0.896984924623116,0.788732394366197,0.959677419354839,0.927272727272727,0.861738268808833,0,88.0597014925373,89.6984924623116,78.8732394366197,95.9677419354839,92.7272727272727,0.809624062362534,0.827936429044529
50,5,0.32,0.880597014925373,0.896984924623116,0.788732394366197,0.959677419354839,0.927272727272727,0.861738268808833,0,88.0597014925373,89.6984924623116,78.8732394366197,95.9677419354839,92.7272727272727,0.809624062362534,0.827936429044529
50,5,0.33,0.880597014925373,0.896984924623116,0.788732394366197,0.959677419354839,0.927272727272727,0.861738268808833,0,88.0597014925373,89.6984924623116,78.8732394366197,95.9677419354839,92.7272727272727,0.809624062362534,0.827936429044529
50,5,0.34,0.880597014925373,0.896984924623116,0.788732394366197,0.959677419354839,0.927272727272727,0.861738268808833,0,88.0597014925373,89.6984924623116,78.8732394366197,95.9677419354839,92.7272727272727,0.809624062362534,0.827936429044529
50,5,0.35,0.880597014925373,0.896984924623116,0.788732394366197,0.959677419354839,0.927272727272727,0.861738268808833,0,88.0597014925373,89.6984924623116,78.8732394366197,95.9677419354839,92.7272727272727,0.809624062362534,0.827936429044529
50,5,0.36,0.880597014925373,0.896984924623116,0.788732394366197,0.959677419354839,0.927272727272727,0.861738268808833,0,88.0597014925373,89.6984924623116,78.8732394366197,95.9677419354839,92.7272727272727,0.809624062362534,0.827936429044529
50,5,0.37,0.880597014925373,0.896984924623116,0.788732394366197,0.959677419354839,0.927272727272727,0.861738268808833,0,88.0597014925373,89.6984924623116,78.8732394366197,95.9677419354839,92.7272727272727,0.809624062362534,0.827936429044529
50,5,0.38,0.880597014925373,0.896984924623116,0.788732394366197,0.959677419354839,0.927272727272727,0.861738268808833,0,88.0597014925373,89.6984924623116,78.8732394366197,95.9677419354839,92.7272727272727,0.809624062362534,0.827936429044529
50,5,0.39,0.880597014925373,0.896984924623116,0.788732394366197,0.959677419354839,0.927272727272727,0.861738268808833,0,88.0597014925373,89.6984924623116,78.8732394366197,95.9677419354839,92.7272727272727,0.809624062362534,0.827936429044529
50,5,0.4,0.880597014925373,0.896984924623116,0.788732394366197,0.959677419354839,0.927272727272727,0.861738268808833,0,88.0597014925373,89.6984924623116,78.8732394366197,95.9677419354839,92.7272727272727,0.809624062362534,0.827936429044529
50,5,0.41,0.880597014925373,0.896984924623116,0.788732394366197,0.959677419354839,0.927272727272727,0.861738268808833,0,88.0597014925373,89.6984924623116,78.8732394366197,95.9677419354839,92.7272727272727,0.809624062362534,0.827936429044529
50,5,0.42,0.880597014925373,0.896984924623116,0.788732394366197,0.959677419354839,0.927272727272727,0.861738268808833,0,88.0597014925373,89.6984924623116,78.8732394366197,95.9677419354839,92.7272727272727,0.809624062362534,0.827936429044529
50,5,0.43,0.880597014925373,0.896984924623116,0.788732394366197,0.959677419354839,0.927272727272727,0.861738268808833,0,88.0597014925373,89.6984924623116,78.8732394366197,95.9677419354839,92.7272727272727,0.809624062362534,0.827936429044529
50,5,0.44,0.880597014925373,0.896984924623116,0.788732394366197,0.959677419354839,0.927272727272727,0.861738268808833,0,88.0597014925373,89.6984924623116,78.8732394366197,95.9677419354839,92.7272727272727,0.809624062362534,0.827936429044529
50,5,0.45,0.880597014925373,0.896984924623116,0.788732394366197,0.959677419354839,0.927272727272727,0.861738268808833,0,88.0597014925373,89.6984924623116,78.8732394366197,95.9677419354839,92.7272727272727,0.809624062362534,0.827936429044529
50,5,0.46,0.880597014925373,0.896984924623116,0.788732394366197,0.959677419354839,0.927272727272727,0.861738268808833,0,88.0597014925373,89.6984924623116,78.8732394366197,95.9677419354839,92.7272727272727,0.809624062362534,0.827936429044529
50,5,0.47,0.880597014925373,0.896984924623116,0.788732394366197,0.959677419354839,0.927272727272727,0.861738268808833,0,88.0597014925373,89.6984924623116,78.8732394366197,95.9677419354839,92.7272727272727,0.809624062362534,0.827936429044529
50,5,0.48,0.880597014925373,0.896984924623116,0.788732394366197,0.959677419354839,0.927272727272727,0.861738268808833,0,88.0597014925373,89.6984924623116,78.8732394366197,95.9677419354839,92.7272727272727,0.809624062362534,0.827936429044529
50,5,0.49,0.880597014925373,0.896984924623116,0.788732394366197,0.959677419354839,0.927272727272727,0.861738268808833,0,88.0597014925373,89.6984924623116,78.8732394366197,95.9677419354839,92.7272727272727,0.809624062362534,0.827936429044529
50,5,0.5,0.880597014925373,0.896984924623116,0.788732394366197,0.959677419354839,0.927272727272727,0.861738268808833,0,88.0597014925373,89.6984924623116,78.8732394366197,95.9677419354839,92.7272727272727,0.809624062362534,0.827936429044529
50,5,0.51,0.880597014925373,0.896984924623116,0.788732394366197,0.959677419354839,0.927272727272727,0.861738268808833,0,88.0597014925373,89.6984924623116,78.8732394366197,95.9677419354839,92.7272727272727,0.809624062362534,0.827936429044529
50,5,0.52,0.880597014925373,0.896984924623116,0.788732394366197,0.959677419354839,0.927272727272727,0.861738268808833,0,88.0597014925373,89.6984924623116,78.8732394366197,95.9677419354839,92.7272727272727,0.809624062362534,0.827936429044529
50,5,0.53,0.880597014925373,0.896984924623116,0.788732394366197,0.959677419354839,0.927272727272727,0.861738268808833,0,88.0597014925373,89.6984924623116,78.8732394366197,95.9677419354839,92.7272727272727,0.809624062362534,0.827936429044529
50,5,0.54,0.880597014925373,0.896984924623116,0.788732394366197,0.959677419354839,0.927272727272727,0.861738268808833,0,88.0597014925373,89.6984924623116,78.8732394366197,95.9677419354839,92.7272727272727,0.809624062362534,0.827936429044529
50,5,0.55,0.880597014925373,0.896984924623116,0.788732394366197,0.959677419354839,0.927272727272727,0.861738268808833,0,88.0597014925373,89.6984924623116,78.8732394366197,95.9677419354839,92.7272727272727,0.809624062362534,0.827936429044529
50,5,0.56,0.880597014925373,0.896984924623116,0.788732394366197,0.959677419354839,0.927272727272727,0.861738268808833,0,88.0597014925373,89.6984924623116,78.8732394366197,95.9677419354839,92.7272727272727,0.809624062362534,0.827936429044529
50,5,0.57,0.880597014925373,0.896984924623116,0.788732394366197,0.959677419354839,0.927272727272727,0.861738268808833,0,88.0597014925373,89.6984924623116,78.8732394366197,95.9677419354839,92.7272727272727,0.809624062362534,0.827936429044529
50,5,0.58,0.880597014925373,0.896984924623116,0.788732394366197,0.959677419354839,0.927272727272727,0.861738268808833,0,88.0597014925373,89.6984924623116,78.8732394366197,95.9677419354839,92.7272727272727,0.809624062362534,0.827936429044529
50,5,0.59,0.880597014925373,0.896984924623116,0.788732394366197,0.959677419354839,0.927272727272727,0.861738268808833,0,88.0597014925373,89.6984924623116,78.8732394366197,95.9677419354839,92.7272727272727,0.809624062362534,0.827936429044529
50,5,0.6,0.880597014925373,0.896984924623116,0.788732394366197,0.959677419354839,0.927272727272727,0.861738268808833,0,88.0597014925373,89.6984924623116,78.8732394366197,95.9677419354839,92.7272727272727,0.809624062362534,0.827936429044529
50,5,0.61,0.880597014925373,0.896984924623116,0.788732394366197,0.959677419354839,0.927272727272727,0.861738268808833,0,88.0597014925373,89.6984924623116,78.8732394366197,95.9677419354839,92.7272727272727,0.809624062362534,0.827936429044529
50,5,0.62,0.880597014925373,0.896984924623116,0.788732394366197,0.959677419354839,0.927272727272727,0.861738268808833,0,88.0597014925373,89.6984924623116,78.8732394366197,95.9677419354839,92.7272727272727,0.809624062362534,0.827936429044529
50,5,0.63,0.880597014925373,0.896984924623116,0.788732394366197,0.959677419354839,0.927272727272727,0.861738268808833,0,88.0597014925373,89.6984924623116,78.8732394366197,95.9677419354839,92.7272727272727,0.809624062362534,0.827936429044529
20,10,0.14,0.897654584221748,0.919597989949749,0.774647887323944,0.958115183246073,0.938461538461538,0.860977422322882,0,89.7654584221748,91.9597989949749,77.4647887323944,95.8115183246073,93.8461538461538,0.813293832998866,0.827142076942265
20,10,0.15,0.897654584221748,0.919597989949749,0.774647887323944,0.958115183246073,0.938461538461538,0.860977422322882,0,89.7654584221748,91.9597989949749,77.4647887323944,95.8115183246073,93.8461538461538,0.813293832998866,0.827142076942265
20,10,0.16,0.897654584221748,0.919597989949749,0.774647887323944,0.958115183246073,0.938461538461538,0.860977422322882,0,89.7654584221748,91.9597989949749,77.4647887323944,95.8115183246073,93.8461538461538,0.813293832998866,0.827142076942265
20,10,0.17,0.897654584221748,0.919597989949749,0.774647887323944,0.958115183246073,0.938461538461538,0.860977422322882,0,89.7654584221748,91.9597989949749,77.4647887323944,95.8115183246073,93.8461538461538,0.813293832998866,0.827142076942265
30,5,0.11,0.897654584221748,0.919597989949749,0.774647887323944,0.958115183246073,0.938461538461538,0.860499681506122,0,89.7654584221748,91.9597989949749,77.4647887323944,95.8115183246073,93.8461538461538,0.813293832998866,0.827142076942265
30,5,0.12,0.897654584221748,0.919597989949749,0.774647887323944,0.958115183246073,0.938461538461538,0.860499681506122,0,89.7654584221748,91.9597989949749,77.4647887323944,95.8115183246073,93.8461538461538,0.813293832998866,0.827142076942265
30,5,0.13,0.897654584221748,0.919597989949749,0.774647887323944,0.958115183246073,0.938461538461538,0.860499681506122,0,89.7654584221748,91.9597989949749,77.4647887323944,95.8115183246073,93.8461538461538,0.813293832998866,0.827142076942265
30,5,0.14,0.897654584221748,0.919597989949749,0.774647887323944,0.958115183246073,0.938461538461538,0.860499681506122,0,89.7654584221748,91.9597989949749,77.4647887323944,95.8115183246073,93.8461538461538,0.813293832998866,0.827142076942265
30,5,0.15,0.897654584221748,0.919597989949749,0.774647887323944,0.958115183246073,0.938461538461538,0.860499681506122,0,89.7654584221748,91.9597989949749,77.4647887323944,95.8115183246073,93.8461538461538,0.813293832998866,0.827142076942265
30,5,0.16,0.897654584221748,0.919597989949749,0.774647887323944,0.958115183246073,0.938461538461538,0.860499681506122,0,89.7654584221748,91.9597989949749,77.4647887323944,95.8115183246073,93.8461538461538,0.813293832998866,0.827142076942265
40,10,0.25,0.897654584221748,0.919597989949749,0.774647887323944,0.958115183246073,0.938461538461538,0.909069997876707,0,89.7654584221748,91.9597989949749,77.4647887323944,95.8115183246073,93.8461538461538,0.813293832998866,0.827142076942265
40,10,0.26,0.897654584221748,0.919597989949749,0.774647887323944,0.958115183246073,0.938461538461538,0.909069997876707,0,89.7654584221748,91.9597989949749,77.4647887323944,95.8115183246073,93.8461538461538,0.813293832998866,0.827142076942265
40,10,0.27,0.897654584221748,0.919597989949749,0.774647887323944,0.958115183246073,0.938461538461538,0.909069997876707,0,89.7654584221748,91.9597989949749,77.4647887323944,95.8115183246073,93.8461538461538,0.813293832998866,0.827142076942265
40,10,0.28,0.897654584221748,0.919597989949749,0.774647887323944,0.958115183246073,0.938461538461538,0.909069997876707,0,89.7654584221748,91.9597989949749,77.4647887323944,95.8115183246073,93.8461538461538,0.813293832998866,0.827142076942265
40,10,0.29,0.897654584221748,0.919597989949749,0.774647887323944,0.958115183246073,0.938461538461538,0.909069997876707,0,89.7654584221748,91.9597989949749,77.4647887323944,95.8115183246073,93.8461538461538,0.813293832998866,0.827142076942265
40,10,0.3,0.897654584221748,0.919597989949749,0.774647887323944,0.958115183246073,0.938461538461538,0.909069997876707,0,89.7654584221748,91.9597989949749,77.4647887323944,95.8115183246073,93.8461538461538,0.813293832998866,0.827142076942265
40,10,0.31,0.897654584221748,0.919597989949749,0.774647887323944,0.958115183246073,0.938461538461538,0.909069997876707,0,89.7654584221748,91.9597989949749,77.4647887323944,95.8115183246073,93.8461538461538,0.813293832998866,0.827142076942265
40,10,0.32,0.897654584221748,0.919597989949749,0.774647887323944,0.958115183246073,0.938461538461538,0.909069997876707,0,89.7654584221748,91.9597989949749,77.4647887323944,95.8115183246073,93.8461538461538,0.813293832998866,0.827142076942265
40,10,0.33,0.897654584221748,0.919597989949749,0.774647887323944,0.958115183246073,0.938461538461538,0.909069997876707,0,89.7654584221748,91.9597989949749,77.4647887323944,95.8115183246073,93.8461538461538,0.813293832998866,0.827142076942265
30,10,0.59,0.895522388059702,0.917085427135678,0.774647887323944,0.958005249343832,0.937098844672657,0.860234269941256,0,89.5522388059701,91.7085427135678,77.4647887323944,95.8005249343832,93.7098844672657,0.811362018668703,0.826232143479643
30,10,0.6,0.895522388059702,0.917085427135678,0.774647887323944,0.958005249343832,0.937098844672657,0.860234269941256,0,89.5522388059701,91.7085427135678,77.4647887323944,95.8005249343832,93.7098844672657,0.811362018668703,0.826232143479643
40,8,0.22,0.895522388059702,0.917085427135678,0.774647887323944,0.958005249343832,0.937098844672657,0.878176091726237,0,89.5522388059701,91.7085427135678,77.4647887323944,95.8005249343832,93.7098844672657,0.811362018668703,0.826232143479643
50,8,0.18,0.912579957356077,0.939698492462312,0.76056338028169,0.956521739130435,0.948035487959442,0.860110411210985,0,91.2579957356077,93.9698492462311,76.056338028169,95.6521739130435,94.8035487959442,0.811783505431647,0.82543779137738
50,8,0.19,0.912579957356077,0.939698492462312,0.76056338028169,0.956521739130435,0.948035487959442,0.860110411210985,0,91.2579957356077,93.9698492462311,76.056338028169,95.6521739130435,94.8035487959442,0.811783505431647,0.82543779137738
20,10,0.18,0.893390191897655,0.914572864321608,0.774647887323944,0.957894736842105,0.93573264781491,0.860977422322882,0,89.3390191897655,91.4572864321608,77.4647887323944,95.7894736842105,93.573264781491,0.809430204338539,0.825322210017021
20,10,0.19,0.893390191897655,0.914572864321608,0.774647887323944,0.957894736842105,0.93573264781491,0.860977422322882,0,89.3390191897655,91.4572864321608,77.4647887323944,95.7894736842105,93.573264781491,0.809430204338539,0.825322210017021
20,10,0.2,0.893390191897655,0.914572864321608,0.774647887323944,0.957894736842105,0.93573264781491,0.860977422322882,0,89.3390191897655,91.4572864321608,77.4647887323944,95.7894736842105,93.573264781491,0.809430204338539,0.825322210017021
20,10,0.21,0.893390191897655,0.914572864321608,0.774647887323944,0.957894736842105,0.93573264781491,0.860977422322882,0,89.3390191897655,91.4572864321608,77.4647887323944,95.7894736842105,93.573264781491,0.809430204338539,0.825322210017021
20,10,0.22,0.893390191897655,0.914572864321608,0.774647887323944,0.957894736842105,0.93573264781491,0.860977422322882,0,89.3390191897655,91.4572864321608,77.4647887323944,95.7894736842105,93.573264781491,0.809430204338539,0.825322210017021
40,8,0.23,0.893390191897655,0.914572864321608,0.774647887323944,0.957894736842105,0.93573264781491,0.878176091726237,0,89.3390191897655,91.4572864321608,77.4647887323944,95.7894736842105,93.573264781491,0.809430204338539,0.825322210017021
40,8,0.24,0.893390191897655,0.914572864321608,0.774647887323944,0.957894736842105,0.93573264781491,0.878176091726237,0,89.3390191897655,91.4572864321608,77.4647887323944,95.7894736842105,93.573264781491,0.809430204338539,0.825322210017021
40,8,0.25,0.893390191897655,0.914572864321608,0.774647887323944,0.957894736842105,0.93573264781491,0.878176091726237,0,89.3390191897655,91.4572864321608,77.4647887323944,95.7894736842105,93.573264781491,0.809430204338539,0.825322210017021
40,8,0.26,0.893390191897655,0.914572864321608,0.774647887323944,0.957894736842105,0.93573264781491,0.878176091726237,0,89.3390191897655,91.4572864321608,77.4647887323944,95.7894736842105,93.573264781491,0.809430204338539,0.825322210017021
40,8,0.27,0.893390191897655,0.914572864321608,0.774647887323944,0.957894736842105,0.93573264781491,0.878176091726237,0,89.3390191897655,91.4572864321608,77.4647887323944,95.7894736842105,93.573264781491,0.809430204338539,0.825322210017021
40,8,0.28,0.893390191897655,0.914572864321608,0.774647887323944,0.957894736842105,0.93573264781491,0.878176091726237,0,89.3390191897655,91.4572864321608,77.4647887323944,95.7894736842105,93.573264781491,0.809430204338539,0.825322210017021
10,2,0.1,0.91044776119403,0.937185929648241,0.76056338028169,0.956410256410256,0.946700507614213,0.885059098308444,0,91.044776119403,93.7185929648241,76.056338028169,95.6410256410256,94.6700507614213,0.809886814998396,0.824527857914758
10,2,0.11,0.91044776119403,0.937185929648241,0.76056338028169,0.956410256410256,0.946700507614213,0.885059098308444,0,91.044776119403,93.7185929648241,76.056338028169,95.6410256410256,94.6700507614213,0.809886814998396,0.824527857914758
10,2,0.12,0.91044776119403,0.937185929648241,0.76056338028169,0.956410256410256,0.946700507614213,0.885059098308444,0,91.044776119403,93.7185929648241,76.056338028169,95.6410256410256,94.6700507614213,0.809886814998396,0.824527857914758
10,2,0.13,0.91044776119403,0.937185929648241,0.76056338028169,0.956410256410256,0.946700507614213,0.885059098308444,0,91.044776119403,93.7185929648241,76.056338028169,95.6410256410256,94.6700507614213,0.809886814998396,0.824527857914758
50,3,0.49,0.91044776119403,0.937185929648241,0.76056338028169,0.956410256410256,0.946700507614213,0.8588187415953,0,91.044776119403,93.7185929648241,76.056338028169,95.6410256410256,94.6700507614213,0.809886814998396,0.824527857914758
50,3,0.5,0.91044776119403,0.937185929648241,0.76056338028169,0.956410256410256,0.946700507614213,0.8588187415953,0,91.044776119403,93.7185929648241,76.056338028169,95.6410256410256,94.6700507614213,0.809886814998396,0.824527857914758
50,3,0.51,0.91044776119403,0.937185929648241,0.76056338028169,0.956410256410256,0.946700507614213,0.8588187415953,0,91.044776119403,93.7185929648241,76.056338028169,95.6410256410256,94.6700507614213,0.809886814998396,0.824527857914758
50,3,0.52,0.91044776119403,0.937185929648241,0.76056338028169,0.956410256410256,0.946700507614213,0.8588187415953,0,91.044776119403,93.7185929648241,76.056338028169,95.6410256410256,94.6700507614213,0.809886814998396,0.824527857914758
50,3,0.53,0.91044776119403,0.937185929648241,0.76056338028169,0.956410256410256,0.946700507614213,0.8588187415953,0,91.044776119403,93.7185929648241,76.056338028169,95.6410256410256,94.6700507614213,0.809886814998396,0.824527857914758
50,3,0.54,0.91044776119403,0.937185929648241,0.76056338028169,0.956410256410256,0.946700507614213,0.8588187415953,0,91.044776119403,93.7185929648241,76.056338028169,95.6410256410256,94.6700507614213,0.809886814998396,0.824527857914758
15,8,0.4,0.891257995735608,0.912060301507538,0.774647887323944,0.95778364116095,0.934362934362934,0.881520277443556,0,89.1257995735608,91.2060301507538,77.4647887323944,95.778364116095,93.4362934362934,0.807498390008375,0.824412276554399
15,8,0.41,0.891257995735608,0.912060301507538,0.774647887323944,0.95778364116095,0.934362934362934,0.881520277443556,0,89.1257995735608,91.2060301507538,77.4647887323944,95.778364116095,93.4362934362934,0.807498390008375,0.824412276554399
50,8,0.2,0.908315565031983,0.934673366834171,0.76056338028169,0.956298200514139,0.945362134688691,0.860110411210985,0,90.8315565031983,93.4673366834171,76.056338028169,95.6298200514139,94.5362134688691,0.807990124565144,0.823617924452135
10,1,0.2,0.889125799573561,0.909547738693467,0.774647887323944,0.957671957671958,0.93298969072165,0.899002052516102,0,88.9125799573561,90.9547738693467,77.4647887323944,95.7671957671958,93.298969072165,0.805566575678212,0.823502343091776
10,1,0.21,0.889125799573561,0.909547738693467,0.774647887323944,0.957671957671958,0.93298969072165,0.899002052516102,0,88.9125799573561,90.9547738693467,77.4647887323944,95.7671957671958,93.298969072165,0.805566575678212,0.823502343091776
10,1,0.22,0.889125799573561,0.909547738693467,0.774647887323944,0.957671957671958,0.93298969072165,0.899002052516102,0,88.9125799573561,90.9547738693467,77.4647887323944,95.7671957671958,93.298969072165,0.805566575678212,0.823502343091776
10,1,0.23,0.889125799573561,0.909547738693467,0.774647887323944,0.957671957671958,0.93298969072165,0.899002052516102,0,88.9125799573561,90.9547738693467,77.4647887323944,95.7671957671958,93.298969072165,0.805566575678212,0.823502343091776
10,1,0.24,0.889125799573561,0.909547738693467,0.774647887323944,0.957671957671958,0.93298969072165,0.899002052516102,0,88.9125799573561,90.9547738693467,77.4647887323944,95.7671957671958,93.298969072165,0.805566575678212,0.823502343091776
10,1,0.25,0.889125799573561,0.909547738693467,0.774647887323944,0.957671957671958,0.93298969072165,0.899002052516102,0,88.9125799573561,90.9547738693467,77.4647887323944,95.7671957671958,93.298969072165,0.805566575678212,0.823502343091776
10,1,0.26,0.889125799573561,0.909547738693467,0.774647887323944,0.957671957671958,0.93298969072165,0.899002052516102,0,88.9125799573561,90.9547738693467,77.4647887323944,95.7671957671958,93.298969072165,0.805566575678212,0.823502343091776
10,1,0.27,0.889125799573561,0.909547738693467,0.774647887323944,0.957671957671958,0.93298969072165,0.899002052516102,0,88.9125799573561,90.9547738693467,77.4647887323944,95.7671957671958,93.298969072165,0.805566575678212,0.823502343091776
10,1,0.28,0.889125799573561,0.909547738693467,0.774647887323944,0.957671957671958,0.93298969072165,0.899002052516102,0,88.9125799573561,90.9547738693467,77.4647887323944,95.7671957671958,93.298969072165,0.805566575678212,0.823502343091776
10,1,0.29,0.889125799573561,0.909547738693467,0.774647887323944,0.957671957671958,0.93298969072165,0.899002052516102,0,88.9125799573561,90.9547738693467,77.4647887323944,95.7671957671958,93.298969072165,0.805566575678212,0.823502343091776
10,1,0.3,0.889125799573561,0.909547738693467,0.774647887323944,0.957671957671958,0.93298969072165,0.899002052516102,0,88.9125799573561,90.9547738693467,77.4647887323944,95.7671957671958,93.298969072165,0.805566575678212,0.823502343091776
10,8,0.22,0.889125799573561,0.909547738693467,0.774647887323944,0.957671957671958,0.93298969072165,0.902045438459905,0,88.9125799573561,90.9547738693467,77.4647887323944,95.7671957671958,93.298969072165,0.805566575678212,0.823502343091776
10,8,0.23,0.889125799573561,0.909547738693467,0.774647887323944,0.957671957671958,0.93298969072165,0.902045438459905,0,88.9125799573561,90.9547738693467,77.4647887323944,95.7671957671958,93.298969072165,0.805566575678212,0.823502343091776
10,8,0.24,0.889125799573561,0.909547738693467,0.774647887323944,0.957671957671958,0.93298969072165,0.902045438459905,0,88.9125799573561,90.9547738693467,77.4647887323944,95.7671957671958,93.298969072165,0.805566575678212,0.823502343091776
15,8,0.42,0.889125799573561,0.909547738693467,0.774647887323944,0.957671957671958,0.93298969072165,0.881520277443556,0,88.9125799573561,90.9547738693467,77.4647887323944,95.7671957671958,93.298969072165,0.805566575678212,0.823502343091776
20,10,0.23,0.889125799573561,0.909547738693467,0.774647887323944,0.957671957671958,0.93298969072165,0.860977422322882,0,88.9125799573561,90.9547738693467,77.4647887323944,95.7671957671958,93.298969072165,0.805566575678212,0.823502343091776
20,10,0.24,0.889125799573561,0.909547738693467,0.774647887323944,0.957671957671958,0.93298969072165,0.860977422322882,0,88.9125799573561,90.9547738693467,77.4647887323944,95.7671957671958,93.298969072165,0.805566575678212,0.823502343091776
50,5,0.13,0.889125799573561,0.909547738693467,0.774647887323944,0.957671957671958,0.93298969072165,0.861738268808833,0,88.9125799573561,90.9547738693467,77.4647887323944,95.7671957671958,93.298969072165,0.805566575678212,0.823502343091776
50,5,0.14,0.889125799573561,0.909547738693467,0.774647887323944,0.957671957671958,0.93298969072165,0.861738268808833,0,88.9125799573561,90.9547738693467,77.4647887323944,95.7671957671958,93.298969072165,0.805566575678212,0.823502343091776
50,5,0.15,0.889125799573561,0.909547738693467,0.774647887323944,0.957671957671958,0.93298969072165,0.861738268808833,0,88.9125799573561,90.9547738693467,77.4647887323944,95.7671957671958,93.298969072165,0.805566575678212,0.823502343091776
50,5,0.16,0.889125799573561,0.909547738693467,0.774647887323944,0.957671957671958,0.93298969072165,0.861738268808833,0,88.9125799573561,90.9547738693467,77.4647887323944,95.7671957671958,93.298969072165,0.805566575678212,0.823502343091776
50,5,0.17,0.889125799573561,0.909547738693467,0.774647887323944,0.957671957671958,0.93298969072165,0.861738268808833,0,88.9125799573561,90.9547738693467,77.4647887323944,95.7671957671958,93.298969072165,0.805566575678212,0.823502343091776
20,10,0.25,0.886993603411514,0.907035175879397,0.774647887323944,0.957559681697613,0.931612903225806,0.860977422322882,0,88.6993603411514,90.7035175879397,77.4647887323944,95.7559681697613,93.1612903225806,0.803634761348048,0.822592409629154
20,10,0.26,0.886993603411514,0.907035175879397,0.774647887323944,0.957559681697613,0.931612903225806,0.860977422322882,0,88.6993603411514,90.7035175879397,77.4647887323944,95.7559681697613,93.1612903225806,0.803634761348048,0.822592409629154
50,5,0.18,0.886993603411514,0.907035175879397,0.774647887323944,0.957559681697613,0.931612903225806,0.861738268808833,0,88.6993603411514,90.7035175879397,77.4647887323944,95.7559681697613,93.1612903225806,0.803634761348048,0.822592409629154
50,5,0.19,0.886993603411514,0.907035175879397,0.774647887323944,0.957559681697613,0.931612903225806,0.861738268808833,0,88.6993603411514,90.7035175879397,77.4647887323944,95.7559681697613,93.1612903225806,0.803634761348048,0.822592409629154
50,5,0.2,0.886993603411514,0.907035175879397,0.774647887323944,0.957559681697613,0.931612903225806,0.861738268808833,0,88.6993603411514,90.7035175879397,77.4647887323944,95.7559681697613,93.1612903225806,0.803634761348048,0.822592409629154
50,5,0.21,0.886993603411514,0.907035175879397,0.774647887323944,0.957559681697613,0.931612903225806,0.861738268808833,0,88.6993603411514,90.7035175879397,77.4647887323944,95.7559681697613,93.1612903225806,0.803634761348048,0.822592409629154
50,5,0.22,0.886993603411514,0.907035175879397,0.774647887323944,0.957559681697613,0.931612903225806,0.861738268808833,0,88.6993603411514,90.7035175879397,77.4647887323944,95.7559681697613,93.1612903225806,0.803634761348048,0.822592409629154
15,2,0.06,0.904051172707889,0.92964824120603,0.76056338028169,0.956072351421189,0.942675159235669,0.85064406539741,0,90.4051172707889,92.964824120603,76.056338028169,95.6072351421189,94.2675159235669,0.804196743698641,0.821798057526891
15,2,0.07,0.904051172707889,0.92964824120603,0.76056338028169,0.956072351421189,0.942675159235669,0.85064406539741,0,90.4051172707889,92.964824120603,76.056338028169,95.6072351421189,94.2675159235669,0.804196743698641,0.821798057526891
15,2,0.08,0.904051172707889,0.92964824120603,0.76056338028169,0.956072351421189,0.942675159235669,0.85064406539741,0,90.4051172707889,92.964824120603,76.056338028169,95.6072351421189,94.2675159235669,0.804196743698641,0.821798057526891
15,2,0.09,0.904051172707889,0.92964824120603,0.76056338028169,0.956072351421189,0.942675159235669,0.85064406539741,0,90.4051172707889,92.964824120603,76.056338028169,95.6072351421189,94.2675159235669,0.804196743698641,0.821798057526891
15,2,0.1,0.904051172707889,0.92964824120603,0.76056338028169,0.956072351421189,0.942675159235669,0.85064406539741,0,90.4051172707889,92.964824120603,76.056338028169,95.6072351421189,94.2675159235669,0.804196743698641,0.821798057526891
15,2,0.11,0.904051172707889,0.92964824120603,0.76056338028169,0.956072351421189,0.942675159235669,0.85064406539741,0,90.4051172707889,92.964824120603,76.056338028169,95.6072351421189,94.2675159235669,0.804196743698641,0.821798057526891
15,2,0.12,0.904051172707889,0.92964824120603,0.76056338028169,0.956072351421189,0.942675159235669,0.85064406539741,0,90.4051172707889,92.964824120603,76.056338028169,95.6072351421189,94.2675159235669,0.804196743698641,0.821798057526891
10,1,0.31,0.884861407249467,0.904522613065327,0.774647887323944,0.957446808510638,0.930232558139535,0.899002052516102,0,88.4861407249467,90.4522613065327,77.4647887323944,95.7446808510638,93.0232558139535,0.801702947017885,0.821682476166532
10,8,0.25,0.884861407249467,0.904522613065327,0.774647887323944,0.957446808510638,0.930232558139535,0.902045438459905,0,88.4861407249467,90.4522613065327,77.4647887323944,95.7446808510638,93.0232558139535,0.801702947017885,0.821682476166532
10,8,0.26,0.884861407249467,0.904522613065327,0.774647887323944,0.957446808510638,0.930232558139535,0.902045438459905,0,88.4861407249467,90.4522613065327,77.4647887323944,95.7446808510638,93.0232558139535,0.801702947017885,0.821682476166532
20,3,0.15,0.901918976545842,0.92713567839196,0.76056338028169,0.955958549222798,0.941326530612245,0.857880954066105,0,90.1918976545842,92.713567839196,76.056338028169,95.5958549222798,94.1326530612245,0.80230005326539,0.820888124064268
20,3,0.16,0.901918976545842,0.92713567839196,0.76056338028169,0.955958549222798,0.941326530612245,0.857880954066105,0,90.1918976545842,92.713567839196,76.056338028169,95.5958549222798,94.1326530612245,0.80230005326539,0.820888124064268
20,3,0.17,0.901918976545842,0.92713567839196,0.76056338028169,0.955958549222798,0.941326530612245,0.857880954066105,0,90.1918976545842,92.713567839196,76.056338028169,95.5958549222798,94.1326530612245,0.80230005326539,0.820888124064268
20,3,0.18,0.901918976545842,0.92713567839196,0.76056338028169,0.955958549222798,0.941326530612245,0.857880954066105,0,90.1918976545842,92.713567839196,76.056338028169,95.5958549222798,94.1326530612245,0.80230005326539,0.820888124064268
20,3,0.19,0.901918976545842,0.92713567839196,0.76056338028169,0.955958549222798,0.941326530612245,0.857880954066105,0,90.1918976545842,92.713567839196,76.056338028169,95.5958549222798,94.1326530612245,0.80230005326539,0.820888124064268
20,3,0.2,0.901918976545842,0.92713567839196,0.76056338028169,0.955958549222798,0.941326530612245,0.857880954066105,0,90.1918976545842,92.713567839196,76.056338028169,95.5958549222798,94.1326530612245,0.80230005326539,0.820888124064268
20,3,0.21,0.901918976545842,0.92713567839196,0.76056338028169,0.955958549222798,0.941326530612245,0.857880954066105,0,90.1918976545842,92.713567839196,76.056338028169,95.5958549222798,94.1326530612245,0.80230005326539,0.820888124064268
20,3,0.22,0.901918976545842,0.92713567839196,0.76056338028169,0.955958549222798,0.941326530612245,0.857880954066105,0,90.1918976545842,92.713567839196,76.056338028169,95.5958549222798,94.1326530612245,0.80230005326539,0.820888124064268
20,3,0.23,0.901918976545842,0.92713567839196,0.76056338028169,0.955958549222798,0.941326530612245,0.857880954066105,0,90.1918976545842,92.713567839196,76.056338028169,95.5958549222798,94.1326530612245,0.80230005326539,0.820888124064268
20,3,0.24,0.901918976545842,0.92713567839196,0.76056338028169,0.955958549222798,0.941326530612245,0.857880954066105,0,90.1918976545842,92.713567839196,76.056338028169,95.5958549222798,94.1326530612245,0.80230005326539,0.820888124064268
20,3,0.25,0.901918976545842,0.92713567839196,0.76056338028169,0.955958549222798,0.941326530612245,0.857880954066105,0,90.1918976545842,92.713567839196,76.056338028169,95.5958549222798,94.1326530612245,0.80230005326539,0.820888124064268
20,3,0.26,0.901918976545842,0.92713567839196,0.76056338028169,0.955958549222798,0.941326530612245,0.857880954066105,0,90.1918976545842,92.713567839196,76.056338028169,95.5958549222798,94.1326530612245,0.80230005326539,0.820888124064268
20,3,0.27,0.901918976545842,0.92713567839196,0.76056338028169,0.955958549222798,0.941326530612245,0.857880954066105,0,90.1918976545842,92.713567839196,76.056338028169,95.5958549222798,94.1326530612245,0.80230005326539,0.820888124064268
20,3,0.28,0.901918976545842,0.92713567839196,0.76056338028169,0.955958549222798,0.941326530612245,0.857880954066105,0,90.1918976545842,92.713567839196,76.056338028169,95.5958549222798,94.1326530612245,0.80230005326539,0.820888124064268
20,3,0.29,0.901918976545842,0.92713567839196,0.76056338028169,0.955958549222798,0.941326530612245,0.857880954066105,0,90.1918976545842,92.713567839196,76.056338028169,95.5958549222798,94.1326530612245,0.80230005326539,0.820888124064268
20,3,0.3,0.901918976545842,0.92713567839196,0.76056338028169,0.955958549222798,0.941326530612245,0.857880954066105,0,90.1918976545842,92.713567839196,76.056338028169,95.5958549222798,94.1326530612245,0.80230005326539,0.820888124064268
20,3,0.31,0.901918976545842,0.92713567839196,0.76056338028169,0.955958549222798,0.941326530612245,0.857880954066105,0,90.1918976545842,92.713567839196,76.056338028169,95.5958549222798,94.1326530612245,0.80230005326539,0.820888124064268
20,3,0.32,0.901918976545842,0.92713567839196,0.76056338028169,0.955958549222798,0.941326530612245,0.857880954066105,0,90.1918976545842,92.713567839196,76.056338028169,95.5958549222798,94.1326530612245,0.80230005326539,0.820888124064268
30,5,0.05,0.901918976545842,0.92713567839196,0.76056338028169,0.955958549222798,0.941326530612245,0.860499681506122,0,90.1918976545842,92.713567839196,76.056338028169,95.5958549222798,94.1326530612245,0.80230005326539,0.820888124064268
30,5,0.06,0.901918976545842,0.92713567839196,0.76056338028169,0.955958549222798,0.941326530612245,0.860499681506122,0,90.1918976545842,92.713567839196,76.056338028169,95.5958549222798,94.1326530612245,0.80230005326539,0.820888124064268
30,5,0.07,0.901918976545842,0.92713567839196,0.76056338028169,0.955958549222798,0.941326530612245,0.860499681506122,0,90.1918976545842,92.713567839196,76.056338028169,95.5958549222798,94.1326530612245,0.80230005326539,0.820888124064268
40,8,0.16,0.901918976545842,0.92713567839196,0.76056338028169,0.955958549222798,0.941326530612245,0.878176091726237,0,90.1918976545842,92.713567839196,76.056338028169,95.5958549222798,94.1326530612245,0.80230005326539,0.820888124064268
40,8,0.17,0.901918976545842,0.92713567839196,0.76056338028169,0.955958549222798,0.941326530612245,0.878176091726237,0,90.1918976545842,92.713567839196,76.056338028169,95.5958549222798,94.1326530612245,0.80230005326539,0.820888124064268
20,10,0.27,0.88272921108742,0.902010050251256,0.774647887323944,0.957333333333333,0.928848641655886,0.860977422322882,0,88.272921108742,90.2010050251256,77.4647887323944,95.7333333333333,92.8848641655886,0.799771132687721,0.82077254270391
20,10,0.28,0.88272921108742,0.902010050251256,0.774647887323944,0.957333333333333,0.928848641655886,0.860977422322882,0,88.272921108742,90.2010050251256,77.4647887323944,95.7333333333333,92.8848641655886,0.799771132687721,0.82077254270391
20,3,0.33,0.899786780383795,0.924623115577889,0.76056338028169,0.955844155844156,0.939974457215837,0.857880954066105,0,89.9786780383795,92.462311557789,76.056338028169,95.5844155844156,93.9974457215837,0.800403362832138,0.819978190601646
20,3,0.34,0.899786780383795,0.924623115577889,0.76056338028169,0.955844155844156,0.939974457215837,0.857880954066105,0,89.9786780383795,92.462311557789,76.056338028169,95.5844155844156,93.9974457215837,0.800403362832138,0.819978190601646
20,3,0.35,0.899786780383795,0.924623115577889,0.76056338028169,0.955844155844156,0.939974457215837,0.857880954066105,0,89.9786780383795,92.462311557789,76.056338028169,95.5844155844156,93.9974457215837,0.800403362832138,0.819978190601646
20,3,0.36,0.899786780383795,0.924623115577889,0.76056338028169,0.955844155844156,0.939974457215837,0.857880954066105,0,89.9786780383795,92.462311557789,76.056338028169,95.5844155844156,93.9974457215837,0.800403362832138,0.819978190601646
20,3,0.37,0.899786780383795,0.924623115577889,0.76056338028169,0.955844155844156,0.939974457215837,0.857880954066105,0,89.9786780383795,92.462311557789,76.056338028169,95.5844155844156,93.9974457215837,0.800403362832138,0.819978190601646
20,3,0.38,0.899786780383795,0.924623115577889,0.76056338028169,0.955844155844156,0.939974457215837,0.857880954066105,0,89.9786780383795,92.462311557789,76.056338028169,95.5844155844156,93.9974457215837,0.800403362832138,0.819978190601646
20,3,0.39,0.899786780383795,0.924623115577889,0.76056338028169,0.955844155844156,0.939974457215837,0.857880954066105,0,89.9786780383795,92.462311557789,76.056338028169,95.5844155844156,93.9974457215837,0.800403362832138,0.819978190601646
20,3,0.4,0.899786780383795,0.924623115577889,0.76056338028169,0.955844155844156,0.939974457215837,0.857880954066105,0,89.9786780383795,92.462311557789,76.056338028169,95.5844155844156,93.9974457215837,0.800403362832138,0.819978190601646
20,3,0.41,0.899786780383795,0.924623115577889,0.76056338028169,0.955844155844156,0.939974457215837,0.857880954066105,0,89.9786780383795,92.462311557789,76.056338028169,95.5844155844156,93.9974457215837,0.800403362832138,0.819978190601646
20,3,0.42,0.899786780383795,0.924623115577889,0.76056338028169,0.955844155844156,0.939974457215837,0.857880954066105,0,89.9786780383795,92.462311557789,76.056338028169,95.5844155844156,93.9974457215837,0.800403362832138,0.819978190601646
20,3,0.43,0.899786780383795,0.924623115577889,0.76056338028169,0.955844155844156,0.939974457215837,0.857880954066105,0,89.9786780383795,92.462311557789,76.056338028169,95.5844155844156,93.9974457215837,0.800403362832138,0.819978190601646
20,3,0.44,0.899786780383795,0.924623115577889,0.76056338028169,0.955844155844156,0.939974457215837,0.857880954066105,0,89.9786780383795,92.462311557789,76.056338028169,95.5844155844156,93.9974457215837,0.800403362832138,0.819978190601646
20,3,0.45,0.899786780383795,0.924623115577889,0.76056338028169,0.955844155844156,0.939974457215837,0.857880954066105,0,89.9786780383795,92.462311557789,76.056338028169,95.5844155844156,93.9974457215837,0.800403362832138,0.819978190601646
20,3,0.46,0.899786780383795,0.924623115577889,0.76056338028169,0.955844155844156,0.939974457215837,0.857880954066105,0,89.9786780383795,92.462311557789,76.056338028169,95.5844155844156,93.9974457215837,0.800403362832138,0.819978190601646
20,3,0.47,0.899786780383795,0.924623115577889,0.76056338028169,0.955844155844156,0.939974457215837,0.857880954066105,0,89.9786780383795,92.462311557789,76.056338028169,95.5844155844156,93.9974457215837,0.800403362832138,0.819978190601646
20,3,0.48,0.899786780383795,0.924623115577889,0.76056338028169,0.955844155844156,0.939974457215837,0.857880954066105,0,89.9786780383795,92.462311557789,76.056338028169,95.5844155844156,93.9974457215837,0.800403362832138,0.819978190601646
20,3,0.49,0.899786780383795,0.924623115577889,0.76056338028169,0.955844155844156,0.939974457215837,0.857880954066105,0,89.9786780383795,92.462311557789,76.056338028169,95.5844155844156,93.9974457215837,0.800403362832138,0.819978190601646
20,3,0.5,0.899786780383795,0.924623115577889,0.76056338028169,0.955844155844156,0.939974457215837,0.857880954066105,0,89.9786780383795,92.462311557789,76.056338028169,95.5844155844156,93.9974457215837,0.800403362832138,0.819978190601646
20,3,0.51,0.899786780383795,0.924623115577889,0.76056338028169,0.955844155844156,0.939974457215837,0.857880954066105,0,89.9786780383795,92.462311557789,76.056338028169,95.5844155844156,93.9974457215837,0.800403362832138,0.819978190601646
20,3,0.52,0.899786780383795,0.924623115577889,0.76056338028169,0.955844155844156,0.939974457215837,0.857880954066105,0,89.9786780383795,92.462311557789,76.056338028169,95.5844155844156,93.9974457215837,0.800403362832138,0.819978190601646
20,3,0.53,0.899786780383795,0.924623115577889,0.76056338028169,0.955844155844156,0.939974457215837,0.857880954066105,0,89.9786780383795,92.462311557789,76.056338028169,95.5844155844156,93.9974457215837,0.800403362832138,0.819978190601646
20,3,0.54,0.899786780383795,0.924623115577889,0.76056338028169,0.955844155844156,0.939974457215837,0.857880954066105,0,89.9786780383795,92.462311557789,76.056338028169,95.5844155844156,93.9974457215837,0.800403362832138,0.819978190601646
20,5,0.45,0.899786780383795,0.924623115577889,0.76056338028169,0.955844155844156,0.939974457215837,0.890261164979829,0,89.9786780383795,92.462311557789,76.056338028169,95.5844155844156,93.9974457215837,0.800403362832138,0.819978190601646
20,5,0.46,0.899786780383795,0.924623115577889,0.76056338028169,0.955844155844156,0.939974457215837,0.890261164979829,0,89.9786780383795,92.462311557789,76.056338028169,95.5844155844156,93.9974457215837,0.800403362832138,0.819978190601646
20,5,0.47,0.899786780383795,0.924623115577889,0.76056338028169,0.955844155844156,0.939974457215837,0.890261164979829,0,89.9786780383795,92.462311557789,76.056338028169,95.5844155844156,93.9974457215837,0.800403362832138,0.819978190601646
20,5,0.48,0.899786780383795,0.924623115577889,0.76056338028169,0.955844155844156,0.939974457215837,0.890261164979829,0,89.9786780383795,92.462311557789,76.056338028169,95.5844155844156,93.9974457215837,0.800403362832138,0.819978190601646
40,8,0.18,0.899786780383795,0.924623115577889,0.76056338028169,0.955844155844156,0.939974457215837,0.878176091726237,0,89.9786780383795,92.462311557789,76.056338028169,95.5844155844156,93.9974457215837,0.800403362832138,0.819978190601646
40,8,0.19,0.899786780383795,0.924623115577889,0.76056338028169,0.955844155844156,0.939974457215837,0.878176091726237,0,89.9786780383795,92.462311557789,76.056338028169,95.5844155844156,93.9974457215837,0.800403362832138,0.819978190601646
40,8,0.2,0.899786780383795,0.924623115577889,0.76056338028169,0.955844155844156,0.939974457215837,0.878176091726237,0,89.9786780383795,92.462311557789,76.056338028169,95.5844155844156,93.9974457215837,0.800403362832138,0.819978190601646
30,2,0.42,0.916844349680171,0.947236180904523,0.746478873239437,0.954430379746835,0.950819672131148,0.842929435911954,0,91.6844349680171,94.7236180904523,74.6478873239437,95.4430379746835,95.0819672131148,0.800473610625962,0.819183838499383
30,2,0.43,0.916844349680171,0.947236180904523,0.746478873239437,0.954430379746835,0.950819672131148,0.842929435911954,0,91.6844349680171,94.7236180904523,74.6478873239437,95.4430379746835,95.0819672131148,0.800473610625962,0.819183838499383
30,2,0.44,0.916844349680171,0.947236180904523,0.746478873239437,0.954430379746835,0.950819672131148,0.842929435911954,0,91.6844349680171,94.7236180904523,74.6478873239437,95.4430379746835,95.0819672131148,0.800473610625962,0.819183838499383
30,2,0.45,0.916844349680171,0.947236180904523,0.746478873239437,0.954430379746835,0.950819672131148,0.842929435911954,0,91.6844349680171,94.7236180904523,74.6478873239437,95.4430379746835,95.0819672131148,0.800473610625962,0.819183838499383
30,2,0.46,0.916844349680171,0.947236180904523,0.746478873239437,0.954430379746835,0.950819672131148,0.842929435911954,0,91.6844349680171,94.7236180904523,74.6478873239437,95.4430379746835,95.0819672131148,0.800473610625962,0.819183838499383
30,2,0.47,0.916844349680171,0.947236180904523,0.746478873239437,0.954430379746835,0.950819672131148,0.842929435911954,0,91.6844349680171,94.7236180904523,74.6478873239437,95.4430379746835,95.0819672131148,0.800473610625962,0.819183838499383
30,2,0.48,0.916844349680171,0.947236180904523,0.746478873239437,0.954430379746835,0.950819672131148,0.842929435911954,0,91.6844349680171,94.7236180904523,74.6478873239437,95.4430379746835,95.0819672131148,0.800473610625962,0.819183838499383
30,2,0.49,0.916844349680171,0.947236180904523,0.746478873239437,0.954430379746835,0.950819672131148,0.842929435911954,0,91.6844349680171,94.7236180904523,74.6478873239437,95.4430379746835,95.0819672131148,0.800473610625962,0.819183838499383
30,2,0.5,0.916844349680171,0.947236180904523,0.746478873239437,0.954430379746835,0.950819672131148,0.842929435911954,0,91.6844349680171,94.7236180904523,74.6478873239437,95.4430379746835,95.0819672131148,0.800473610625962,0.819183838499383
30,2,0.51,0.916844349680171,0.947236180904523,0.746478873239437,0.954430379746835,0.950819672131148,0.842929435911954,0,91.6844349680171,94.7236180904523,74.6478873239437,95.4430379746835,95.0819672131148,0.800473610625962,0.819183838499383
30,2,0.52,0.916844349680171,0.947236180904523,0.746478873239437,0.954430379746835,0.950819672131148,0.842929435911954,0,91.6844349680171,94.7236180904523,74.6478873239437,95.4430379746835,95.0819672131148,0.800473610625962,0.819183838499383
30,2,0.53,0.916844349680171,0.947236180904523,0.746478873239437,0.954430379746835,0.950819672131148,0.842929435911954,0,91.6844349680171,94.7236180904523,74.6478873239437,95.4430379746835,95.0819672131148,0.800473610625962,0.819183838499383
30,2,0.54,0.916844349680171,0.947236180904523,0.746478873239437,0.954430379746835,0.950819672131148,0.842929435911954,0,91.6844349680171,94.7236180904523,74.6478873239437,95.4430379746835,95.0819672131148,0.800473610625962,0.819183838499383
30,2,0.55,0.916844349680171,0.947236180904523,0.746478873239437,0.954430379746835,0.950819672131148,0.842929435911954,0,91.6844349680171,94.7236180904523,74.6478873239437,95.4430379746835,95.0819672131148,0.800473610625962,0.819183838499383
30,2,0.56,0.916844349680171,0.947236180904523,0.746478873239437,0.954430379746835,0.950819672131148,0.842929435911954,0,91.6844349680171,94.7236180904523,74.6478873239437,95.4430379746835,95.0819672131148,0.800473610625962,0.819183838499383
30,2,0.57,0.916844349680171,0.947236180904523,0.746478873239437,0.954430379746835,0.950819672131148,0.842929435911954,0,91.6844349680171,94.7236180904523,74.6478873239437,95.4430379746835,95.0819672131148,0.800473610625962,0.819183838499383
30,2,0.58,0.916844349680171,0.947236180904523,0.746478873239437,0.954430379746835,0.950819672131148,0.842929435911954,0,91.6844349680171,94.7236180904523,74.6478873239437,95.4430379746835,95.0819672131148,0.800473610625962,0.819183838499383
30,2,0.59,0.916844349680171,0.947236180904523,0.746478873239437,0.954430379746835,0.950819672131148,0.842929435911954,0,91.6844349680171,94.7236180904523,74.6478873239437,95.4430379746835,95.0819672131148,0.800473610625962,0.819183838499383
30,2,0.6,0.916844349680171,0.947236180904523,0.746478873239437,0.954430379746835,0.950819672131148,0.842929435911954,0,91.6844349680171,94.7236180904523,74.6478873239437,95.4430379746835,95.0819672131148,0.800473610625962,0.819183838499383
30,2,0.61,0.916844349680171,0.947236180904523,0.746478873239437,0.954430379746835,0.950819672131148,0.842929435911954,0,91.6844349680171,94.7236180904523,74.6478873239437,95.4430379746835,95.0819672131148,0.800473610625962,0.819183838499383
30,2,0.62,0.916844349680171,0.947236180904523,0.746478873239437,0.954430379746835,0.950819672131148,0.842929435911954,0,91.6844349680171,94.7236180904523,74.6478873239437,95.4430379746835,95.0819672131148,0.800473610625962,0.819183838499383
30,2,0.63,0.916844349680171,0.947236180904523,0.746478873239437,0.954430379746835,0.950819672131148,0.842929435911954,0,91.6844349680171,94.7236180904523,74.6478873239437,95.4430379746835,95.0819672131148,0.800473610625962,0.819183838499383
30,2,0.64,0.916844349680171,0.947236180904523,0.746478873239437,0.954430379746835,0.950819672131148,0.842929435911954,0,91.6844349680171,94.7236180904523,74.6478873239437,95.4430379746835,95.0819672131148,0.800473610625962,0.819183838499383
30,2,0.65,0.916844349680171,0.947236180904523,0.746478873239437,0.954430379746835,0.950819672131148,0.842929435911954,0,91.6844349680171,94.7236180904523,74.6478873239437,95.4430379746835,95.0819672131148,0.800473610625962,0.819183838499383
30,2,0.66,0.916844349680171,0.947236180904523,0.746478873239437,0.954430379746835,0.950819672131148,0.842929435911954,0,91.6844349680171,94.7236180904523,74.6478873239437,95.4430379746835,95.0819672131148,0.800473610625962,0.819183838499383
30,2,0.67,0.916844349680171,0.947236180904523,0.746478873239437,0.954430379746835,0.950819672131148,0.842929435911954,0,91.6844349680171,94.7236180904523,74.6478873239437,95.4430379746835,95.0819672131148,0.800473610625962,0.819183838499383
30,2,0.68,0.916844349680171,0.947236180904523,0.746478873239437,0.954430379746835,0.950819672131148,0.842929435911954,0,91.6844349680171,94.7236180904523,74.6478873239437,95.4430379746835,95.0819672131148,0.800473610625962,0.819183838499383
30,2,0.69,0.916844349680171,0.947236180904523,0.746478873239437,0.954430379746835,0.950819672131148,0.842929435911954,0,91.6844349680171,94.7236180904523,74.6478873239437,95.4430379746835,95.0819672131148,0.800473610625962,0.819183838499383
30,2,0.7,0.916844349680171,0.947236180904523,0.746478873239437,0.954430379746835,0.950819672131148,0.842929435911954,0,91.6844349680171,94.7236180904523,74.6478873239437,95.4430379746835,95.0819672131148,0.800473610625962,0.819183838499383
30,2,0.71,0.916844349680171,0.947236180904523,0.746478873239437,0.954430379746835,0.950819672131148,0.842929435911954,0,91.6844349680171,94.7236180904523,74.6478873239437,95.4430379746835,95.0819672131148,0.800473610625962,0.819183838499383
30,2,0.72,0.916844349680171,0.947236180904523,0.746478873239437,0.954430379746835,0.950819672131148,0.842929435911954,0,91.6844349680171,94.7236180904523,74.6478873239437,95.4430379746835,95.0819672131148,0.800473610625962,0.819183838499383
30,2,0.73,0.916844349680171,0.947236180904523,0.746478873239437,0.954430379746835,0.950819672131148,0.842929435911954,0,91.6844349680171,94.7236180904523,74.6478873239437,95.4430379746835,95.0819672131148,0.800473610625962,0.819183838499383
30,2,0.74,0.916844349680171,0.947236180904523,0.746478873239437,0.954430379746835,0.950819672131148,0.842929435911954,0,91.6844349680171,94.7236180904523,74.6478873239437,95.4430379746835,95.0819672131148,0.800473610625962,0.819183838499383
30,2,0.75,0.916844349680171,0.947236180904523,0.746478873239437,0.954430379746835,0.950819672131148,0.842929435911954,0,91.6844349680171,94.7236180904523,74.6478873239437,95.4430379746835,95.0819672131148,0.800473610625962,0.819183838499383
30,2,0.76,0.916844349680171,0.947236180904523,0.746478873239437,0.954430379746835,0.950819672131148,0.842929435911954,0,91.6844349680171,94.7236180904523,74.6478873239437,95.4430379746835,95.0819672131148,0.800473610625962,0.819183838499383
30,2,0.77,0.916844349680171,0.947236180904523,0.746478873239437,0.954430379746835,0.950819672131148,0.842929435911954,0,91.6844349680171,94.7236180904523,74.6478873239437,95.4430379746835,95.0819672131148,0.800473610625962,0.819183838499383
30,2,0.78,0.916844349680171,0.947236180904523,0.746478873239437,0.954430379746835,0.950819672131148,0.842929435911954,0,91.6844349680171,94.7236180904523,74.6478873239437,95.4430379746835,95.0819672131148,0.800473610625962,0.819183838499383
30,2,0.79,0.916844349680171,0.947236180904523,0.746478873239437,0.954430379746835,0.950819672131148,0.842929435911954,0,91.6844349680171,94.7236180904523,74.6478873239437,95.4430379746835,95.0819672131148,0.800473610625962,0.819183838499383
30,2,0.8,0.916844349680171,0.947236180904523,0.746478873239437,0.954430379746835,0.950819672131148,0.842929435911954,0,91.6844349680171,94.7236180904523,74.6478873239437,95.4430379746835,95.0819672131148,0.800473610625962,0.819183838499383
30,2,0.81,0.916844349680171,0.947236180904523,0.746478873239437,0.954430379746835,0.950819672131148,0.842929435911954,0,91.6844349680171,94.7236180904523,74.6478873239437,95.4430379746835,95.0819672131148,0.800473610625962,0.819183838499383
30,2,0.82,0.916844349680171,0.947236180904523,0.746478873239437,0.954430379746835,0.950819672131148,0.842929435911954,0,91.6844349680171,94.7236180904523,74.6478873239437,95.4430379746835,95.0819672131148,0.800473610625962,0.819183838499383
30,2,0.83,0.916844349680171,0.947236180904523,0.746478873239437,0.954430379746835,0.950819672131148,0.842929435911954,0,91.6844349680171,94.7236180904523,74.6478873239437,95.4430379746835,95.0819672131148,0.800473610625962,0.819183838499383
30,2,0.84,0.916844349680171,0.947236180904523,0.746478873239437,0.954430379746835,0.950819672131148,0.842929435911954,0,91.6844349680171,94.7236180904523,74.6478873239437,95.4430379746835,95.0819672131148,0.800473610625962,0.819183838499383
30,2,0.85,0.916844349680171,0.947236180904523,0.746478873239437,0.954430379746835,0.950819672131148,0.842929435911954,0,91.6844349680171,94.7236180904523,74.6478873239437,95.4430379746835,95.0819672131148,0.800473610625962,0.819183838499383
30,2,0.86,0.916844349680171,0.947236180904523,0.746478873239437,0.954430379746835,0.950819672131148,0.842929435911954,0,91.6844349680171,94.7236180904523,74.6478873239437,95.4430379746835,95.0819672131148,0.800473610625962,0.819183838499383
30,2,0.87,0.916844349680171,0.947236180904523,0.746478873239437,0.954430379746835,0.950819672131148,0.842929435911954,0,91.6844349680171,94.7236180904523,74.6478873239437,95.4430379746835,95.0819672131148,0.800473610625962,0.819183838499383
30,2,0.88,0.916844349680171,0.947236180904523,0.746478873239437,0.954430379746835,0.950819672131148,0.842929435911954,0,91.6844349680171,94.7236180904523,74.6478873239437,95.4430379746835,95.0819672131148,0.800473610625962,0.819183838499383
30,2,0.89,0.916844349680171,0.947236180904523,0.746478873239437,0.954430379746835,0.950819672131148,0.842929435911954,0,91.6844349680171,94.7236180904523,74.6478873239437,95.4430379746835,95.0819672131148,0.800473610625962,0.819183838499383
30,2,0.9,0.916844349680171,0.947236180904523,0.746478873239437,0.954430379746835,0.950819672131148,0.842929435911954,0,91.6844349680171,94.7236180904523,74.6478873239437,95.4430379746835,95.0819672131148,0.800473610625962,0.819183838499383
30,2,0.91,0.916844349680171,0.947236180904523,0.746478873239437,0.954430379746835,0.950819672131148,0.842929435911954,0,91.6844349680171,94.7236180904523,74.6478873239437,95.4430379746835,95.0819672131148,0.800473610625962,0.819183838499383
30,2,0.92,0.916844349680171,0.947236180904523,0.746478873239437,0.954430379746835,0.950819672131148,0.842929435911954,0,91.6844349680171,94.7236180904523,74.6478873239437,95.4430379746835,95.0819672131148,0.800473610625962,0.819183838499383
30,2,0.93,0.916844349680171,0.947236180904523,0.746478873239437,0.954430379746835,0.950819672131148,0.842929435911954,0,91.6844349680171,94.7236180904523,74.6478873239437,95.4430379746835,95.0819672131148,0.800473610625962,0.819183838499383
30,2,0.94,0.916844349680171,0.947236180904523,0.746478873239437,0.954430379746835,0.950819672131148,0.842929435911954,0,91.6844349680171,94.7236180904523,74.6478873239437,95.4430379746835,95.0819672131148,0.800473610625962,0.819183838499383
30,2,0.95,0.916844349680171,0.947236180904523,0.746478873239437,0.954430379746835,0.950819672131148,0.842929435911954,0,91.6844349680171,94.7236180904523,74.6478873239437,95.4430379746835,95.0819672131148,0.800473610625962,0.819183838499383
15,3,0.07,0.914712153518124,0.944723618090452,0.746478873239437,0.954314720812183,0.94949494949495,0.891588222804162,0,91.4712153518124,94.4723618090452,74.6478873239437,95.4314720812183,94.9494949494949,0.798612044089623,0.818273905036761
15,3,0.08,0.914712153518124,0.944723618090452,0.746478873239437,0.954314720812183,0.94949494949495,0.891588222804162,0,91.4712153518124,94.4723618090452,74.6478873239437,95.4314720812183,94.9494949494949,0.798612044089623,0.818273905036761
30,10,0.55,0.895522388059702,0.919597989949749,0.76056338028169,0.955613577023499,0.937259923175416,0.860234269941256,0,89.5522388059701,91.9597989949749,76.056338028169,95.5613577023499,93.7259923175416,0.796609981965635,0.818158323676402
30,10,0.56,0.895522388059702,0.919597989949749,0.76056338028169,0.955613577023499,0.937259923175416,0.860234269941256,0,89.5522388059701,91.9597989949749,76.056338028169,95.5613577023499,93.7259923175416,0.796609981965635,0.818158323676402
30,10,0.57,0.895522388059702,0.919597989949749,0.76056338028169,0.955613577023499,0.937259923175416,0.860234269941256,0,89.5522388059701,91.9597989949749,76.056338028169,95.5613577023499,93.7259923175416,0.796609981965635,0.818158323676402
30,10,0.58,0.895522388059702,0.919597989949749,0.76056338028169,0.955613577023499,0.937259923175416,0.860234269941256,0,89.5522388059701,91.9597989949749,76.056338028169,95.5613577023499,93.7259923175416,0.796609981965635,0.818158323676402
50,3,0.1,0.912579957356077,0.942211055276382,0.746478873239437,0.954198473282443,0.948166877370417,0.8588187415953,0,91.2579957356077,94.2211055276382,74.6478873239437,95.4198473282443,94.8166877370417,0.796750477553283,0.817363971574139
50,3,0.11,0.912579957356077,0.942211055276382,0.746478873239437,0.954198473282443,0.948166877370417,0.8588187415953,0,91.2579957356077,94.2211055276382,74.6478873239437,95.4198473282443,94.8166877370417,0.796750477553283,0.817363971574139
50,3,0.12,0.912579957356077,0.942211055276382,0.746478873239437,0.954198473282443,0.948166877370417,0.8588187415953,0,91.2579957356077,94.2211055276382,74.6478873239437,95.4198473282443,94.8166877370417,0.796750477553283,0.817363971574139
50,3,0.13,0.912579957356077,0.942211055276382,0.746478873239437,0.954198473282443,0.948166877370417,0.8588187415953,0,91.2579957356077,94.2211055276382,74.6478873239437,95.4198473282443,94.8166877370417,0.796750477553283,0.817363971574139
50,3,0.14,0.912579957356077,0.942211055276382,0.746478873239437,0.954198473282443,0.948166877370417,0.8588187415953,0,91.2579957356077,94.2211055276382,74.6478873239437,95.4198473282443,94.8166877370417,0.796750477553283,0.817363971574139
50,3,0.15,0.912579957356077,0.942211055276382,0.746478873239437,0.954198473282443,0.948166877370417,0.8588187415953,0,91.2579957356077,94.2211055276382,74.6478873239437,95.4198473282443,94.8166877370417,0.796750477553283,0.817363971574139
50,3,0.16,0.912579957356077,0.942211055276382,0.746478873239437,0.954198473282443,0.948166877370417,0.8588187415953,0,91.2579957356077,94.2211055276382,74.6478873239437,95.4198473282443,94.8166877370417,0.796750477553283,0.817363971574139
50,3,0.17,0.912579957356077,0.942211055276382,0.746478873239437,0.954198473282443,0.948166877370417,0.8588187415953,0,91.2579957356077,94.2211055276382,74.6478873239437,95.4198473282443,94.8166877370417,0.796750477553283,0.817363971574139
50,3,0.18,0.912579957356077,0.942211055276382,0.746478873239437,0.954198473282443,0.948166877370417,0.8588187415953,0,91.2579957356077,94.2211055276382,74.6478873239437,95.4198473282443,94.8166877370417,0.796750477553283,0.817363971574139
50,3,0.19,0.912579957356077,0.942211055276382,0.746478873239437,0.954198473282443,0.948166877370417,0.8588187415953,0,91.2579957356077,94.2211055276382,74.6478873239437,95.4198473282443,94.8166877370417,0.796750477553283,0.817363971574139
50,5,0.12,0.893390191897655,0.917085427135678,0.76056338028169,0.955497382198953,0.935897435897436,0.861738268808833,0,89.3390191897655,91.7085427135678,76.056338028169,95.5497382198953,93.5897435897436,0.794713291532384,0.817248390213779
15,8,0.29,0.891257995735608,0.914572864321608,0.76056338028169,0.955380577427822,0.934531450577664,0.881520277443556,0,89.1257995735608,91.4572864321608,76.056338028169,95.5380577427822,93.4531450577664,0.792816601099132,0.816338456751157
15,8,0.3,0.891257995735608,0.914572864321608,0.76056338028169,0.955380577427822,0.934531450577664,0.881520277443556,0,89.1257995735608,91.4572864321608,76.056338028169,95.5380577427822,93.4531450577664,0.792816601099132,0.816338456751157
15,8,0.31,0.891257995735608,0.914572864321608,0.76056338028169,0.955380577427822,0.934531450577664,0.881520277443556,0,89.1257995735608,91.4572864321608,76.056338028169,95.5380577427822,93.4531450577664,0.792816601099132,0.816338456751157
50,3,0.2,0.908315565031983,0.937185929648241,0.746478873239437,0.953964194373402,0.945500633713561,0.8588187415953,0,90.8315565031983,93.7185929648241,74.6478873239437,95.3964194373402,94.5500633713561,0.793027344480605,0.815544104648894
50,3,0.21,0.908315565031983,0.937185929648241,0.746478873239437,0.953964194373402,0.945500633713561,0.8588187415953,0,90.8315565031983,93.7185929648241,74.6478873239437,95.3964194373402,94.5500633713561,0.793027344480605,0.815544104648894
50,3,0.22,0.908315565031983,0.937185929648241,0.746478873239437,0.953964194373402,0.945500633713561,0.8588187415953,0,90.8315565031983,93.7185929648241,74.6478873239437,95.3964194373402,94.5500633713561,0.793027344480605,0.815544104648894
50,3,0.23,0.908315565031983,0.937185929648241,0.746478873239437,0.953964194373402,0.945500633713561,0.8588187415953,0,90.8315565031983,93.7185929648241,74.6478873239437,95.3964194373402,94.5500633713561,0.793027344480605,0.815544104648894
50,3,0.24,0.908315565031983,0.937185929648241,0.746478873239437,0.953964194373402,0.945500633713561,0.8588187415953,0,90.8315565031983,93.7185929648241,74.6478873239437,95.3964194373402,94.5500633713561,0.793027344480605,0.815544104648894
50,3,0.25,0.908315565031983,0.937185929648241,0.746478873239437,0.953964194373402,0.945500633713561,0.8588187415953,0,90.8315565031983,93.7185929648241,74.6478873239437,95.3964194373402,94.5500633713561,0.793027344480605,0.815544104648894
50,3,0.26,0.908315565031983,0.937185929648241,0.746478873239437,0.953964194373402,0.945500633713561,0.8588187415953,0,90.8315565031983,93.7185929648241,74.6478873239437,95.3964194373402,94.5500633713561,0.793027344480605,0.815544104648894
50,3,0.27,0.908315565031983,0.937185929648241,0.746478873239437,0.953964194373402,0.945500633713561,0.8588187415953,0,90.8315565031983,93.7185929648241,74.6478873239437,95.3964194373402,94.5500633713561,0.793027344480605,0.815544104648894
50,3,0.28,0.908315565031983,0.937185929648241,0.746478873239437,0.953964194373402,0.945500633713561,0.8588187415953,0,90.8315565031983,93.7185929648241,74.6478873239437,95.3964194373402,94.5500633713561,0.793027344480605,0.815544104648894
50,3,0.29,0.908315565031983,0.937185929648241,0.746478873239437,0.953964194373402,0.945500633713561,0.8588187415953,0,90.8315565031983,93.7185929648241,74.6478873239437,95.3964194373402,94.5500633713561,0.793027344480605,0.815544104648894
50,3,0.3,0.908315565031983,0.937185929648241,0.746478873239437,0.953964194373402,0.945500633713561,0.8588187415953,0,90.8315565031983,93.7185929648241,74.6478873239437,95.3964194373402,94.5500633713561,0.793027344480605,0.815544104648894
50,3,0.31,0.908315565031983,0.937185929648241,0.746478873239437,0.953964194373402,0.945500633713561,0.8588187415953,0,90.8315565031983,93.7185929648241,74.6478873239437,95.3964194373402,94.5500633713561,0.793027344480605,0.815544104648894
50,3,0.32,0.908315565031983,0.937185929648241,0.746478873239437,0.953964194373402,0.945500633713561,0.8588187415953,0,90.8315565031983,93.7185929648241,74.6478873239437,95.3964194373402,94.5500633713561,0.793027344480605,0.815544104648894
50,3,0.33,0.908315565031983,0.937185929648241,0.746478873239437,0.953964194373402,0.945500633713561,0.8588187415953,0,90.8315565031983,93.7185929648241,74.6478873239437,95.3964194373402,94.5500633713561,0.793027344480605,0.815544104648894
50,3,0.34,0.908315565031983,0.937185929648241,0.746478873239437,0.953964194373402,0.945500633713561,0.8588187415953,0,90.8315565031983,93.7185929648241,74.6478873239437,95.3964194373402,94.5500633713561,0.793027344480605,0.815544104648894
50,3,0.35,0.908315565031983,0.937185929648241,0.746478873239437,0.953964194373402,0.945500633713561,0.8588187415953,0,90.8315565031983,93.7185929648241,74.6478873239437,95.3964194373402,94.5500633713561,0.793027344480605,0.815544104648894
50,3,0.36,0.908315565031983,0.937185929648241,0.746478873239437,0.953964194373402,0.945500633713561,0.8588187415953,0,90.8315565031983,93.7185929648241,74.6478873239437,95.3964194373402,94.5500633713561,0.793027344480605,0.815544104648894
50,3,0.37,0.908315565031983,0.937185929648241,0.746478873239437,0.953964194373402,0.945500633713561,0.8588187415953,0,90.8315565031983,93.7185929648241,74.6478873239437,95.3964194373402,94.5500633713561,0.793027344480605,0.815544104648894
50,3,0.38,0.908315565031983,0.937185929648241,0.746478873239437,0.953964194373402,0.945500633713561,0.8588187415953,0,90.8315565031983,93.7185929648241,74.6478873239437,95.3964194373402,94.5500633713561,0.793027344480605,0.815544104648894
50,3,0.39,0.908315565031983,0.937185929648241,0.746478873239437,0.953964194373402,0.945500633713561,0.8588187415953,0,90.8315565031983,93.7185929648241,74.6478873239437,95.3964194373402,94.5500633713561,0.793027344480605,0.815544104648894
50,3,0.4,0.908315565031983,0.937185929648241,0.746478873239437,0.953964194373402,0.945500633713561,0.8588187415953,0,90.8315565031983,93.7185929648241,74.6478873239437,95.3964194373402,94.5500633713561,0.793027344480605,0.815544104648894
50,3,0.41,0.908315565031983,0.937185929648241,0.746478873239437,0.953964194373402,0.945500633713561,0.8588187415953,0,90.8315565031983,93.7185929648241,74.6478873239437,95.3964194373402,94.5500633713561,0.793027344480605,0.815544104648894
50,3,0.42,0.908315565031983,0.937185929648241,0.746478873239437,0.953964194373402,0.945500633713561,0.8588187415953,0,90.8315565031983,93.7185929648241,74.6478873239437,95.3964194373402,94.5500633713561,0.793027344480605,0.815544104648894
50,3,0.43,0.908315565031983,0.937185929648241,0.746478873239437,0.953964194373402,0.945500633713561,0.8588187415953,0,90.8315565031983,93.7185929648241,74.6478873239437,95.3964194373402,94.5500633713561,0.793027344480605,0.815544104648894
50,3,0.44,0.908315565031983,0.937185929648241,0.746478873239437,0.953964194373402,0.945500633713561,0.8588187415953,0,90.8315565031983,93.7185929648241,74.6478873239437,95.3964194373402,94.5500633713561,0.793027344480605,0.815544104648894
50,3,0.45,0.908315565031983,0.937185929648241,0.746478873239437,0.953964194373402,0.945500633713561,0.8588187415953,0,90.8315565031983,93.7185929648241,74.6478873239437,95.3964194373402,94.5500633713561,0.793027344480605,0.815544104648894
50,3,0.46,0.908315565031983,0.937185929648241,0.746478873239437,0.953964194373402,0.945500633713561,0.8588187415953,0,90.8315565031983,93.7185929648241,74.6478873239437,95.3964194373402,94.5500633713561,0.793027344480605,0.815544104648894
50,3,0.47,0.908315565031983,0.937185929648241,0.746478873239437,0.953964194373402,0.945500633713561,0.8588187415953,0,90.8315565031983,93.7185929648241,74.6478873239437,95.3964194373402,94.5500633713561,0.793027344480605,0.815544104648894
50,3,0.48,0.908315565031983,0.937185929648241,0.746478873239437,0.953964194373402,0.945500633713561,0.8588187415953,0,90.8315565031983,93.7185929648241,74.6478873239437,95.3964194373402,94.5500633713561,0.793027344480605,0.815544104648894
50,10,0.23,0.908315565031983,0.937185929648241,0.746478873239437,0.953964194373402,0.945500633713561,0.904434142543705,0,90.8315565031983,93.7185929648241,74.6478873239437,95.3964194373402,94.5500633713561,0.793027344480605,0.815544104648894
50,10,0.24,0.908315565031983,0.937185929648241,0.746478873239437,0.953964194373402,0.945500633713561,0.904434142543705,0,90.8315565031983,93.7185929648241,74.6478873239437,95.3964194373402,94.5500633713561,0.793027344480605,0.815544104648894
50,10,0.25,0.908315565031983,0.937185929648241,0.746478873239437,0.953964194373402,0.945500633713561,0.904434142543705,0,90.8315565031983,93.7185929648241,74.6478873239437,95.3964194373402,94.5500633713561,0.793027344480605,0.815544104648894
15,8,0.32,0.889125799573561,0.912060301507538,0.76056338028169,0.955263157894737,0.933161953727506,0.881520277443556,0,88.9125799573561,91.2060301507538,76.056338028169,95.5263157894737,93.3161953727506,0.790919910665881,0.815428523288535
15,8,0.33,0.889125799573561,0.912060301507538,0.76056338028169,0.955263157894737,0.933161953727506,0.881520277443556,0,88.9125799573561,91.2060301507538,76.056338028169,95.5263157894737,93.3161953727506,0.790919910665881,0.815428523288535
15,8,0.34,0.889125799573561,0.912060301507538,0.76056338028169,0.955263157894737,0.933161953727506,0.881520277443556,0,88.9125799573561,91.2060301507538,76.056338028169,95.5263157894737,93.3161953727506,0.790919910665881,0.815428523288535
15,8,0.35,0.889125799573561,0.912060301507538,0.76056338028169,0.955263157894737,0.933161953727506,0.881520277443556,0,88.9125799573561,91.2060301507538,76.056338028169,95.5263157894737,93.3161953727506,0.790919910665881,0.815428523288535
15,8,0.36,0.889125799573561,0.912060301507538,0.76056338028169,0.955263157894737,0.933161953727506,0.881520277443556,0,88.9125799573561,91.2060301507538,76.056338028169,95.5263157894737,93.3161953727506,0.790919910665881,0.815428523288535
15,8,0.37,0.889125799573561,0.912060301507538,0.76056338028169,0.955263157894737,0.933161953727506,0.881520277443556,0,88.9125799573561,91.2060301507538,76.056338028169,95.5263157894737,93.3161953727506,0.790919910665881,0.815428523288535
15,8,0.38,0.889125799573561,0.912060301507538,0.76056338028169,0.955263157894737,0.933161953727506,0.881520277443556,0,88.9125799573561,91.2060301507538,76.056338028169,95.5263157894737,93.3161953727506,0.790919910665881,0.815428523288535
15,8,0.39,0.889125799573561,0.912060301507538,0.76056338028169,0.955263157894737,0.933161953727506,0.881520277443556,0,88.9125799573561,91.2060301507538,76.056338028169,95.5263157894737,93.3161953727506,0.790919910665881,0.815428523288535
20,3,0.12,0.904051172707889,0.9321608040201,0.746478873239437,0.953727506426735,0.9428208386277,0.857880954066105,0,90.4051172707889,93.21608040201,74.6478873239437,95.3727506426735,94.28208386277,0.789304211407926,0.813724237723649
20,3,0.13,0.904051172707889,0.9321608040201,0.746478873239437,0.953727506426735,0.9428208386277,0.857880954066105,0,90.4051172707889,93.21608040201,74.6478873239437,95.3727506426735,94.28208386277,0.789304211407926,0.813724237723649
20,3,0.14,0.904051172707889,0.9321608040201,0.746478873239437,0.953727506426735,0.9428208386277,0.857880954066105,0,90.4051172707889,93.21608040201,74.6478873239437,95.3727506426735,94.28208386277,0.789304211407926,0.813724237723649
40,8,0.11,0.904051172707889,0.9321608040201,0.746478873239437,0.953727506426735,0.9428208386277,0.878176091726237,0,90.4051172707889,93.21608040201,74.6478873239437,95.3727506426735,94.28208386277,0.789304211407926,0.813724237723649
40,8,0.12,0.904051172707889,0.9321608040201,0.746478873239437,0.953727506426735,0.9428208386277,0.878176091726237,0,90.4051172707889,93.21608040201,74.6478873239437,95.3727506426735,94.28208386277,0.789304211407926,0.813724237723649
40,8,0.13,0.904051172707889,0.9321608040201,0.746478873239437,0.953727506426735,0.9428208386277,0.878176091726237,0,90.4051172707889,93.21608040201,74.6478873239437,95.3727506426735,94.28208386277,0.789304211407926,0.813724237723649
40,8,0.14,0.904051172707889,0.9321608040201,0.746478873239437,0.953727506426735,0.9428208386277,0.878176091726237,0,90.4051172707889,93.21608040201,74.6478873239437,95.3727506426735,94.28208386277,0.789304211407926,0.813724237723649
40,8,0.15,0.904051172707889,0.9321608040201,0.746478873239437,0.953727506426735,0.9428208386277,0.878176091726237,0,90.4051172707889,93.21608040201,74.6478873239437,95.3727506426735,94.28208386277,0.789304211407926,0.813724237723649
20,10,0.12,0.901918976545842,0.92964824120603,0.746478873239437,0.95360824742268,0.94147582697201,0.860977422322882,0,90.1918976545842,92.964824120603,74.6478873239437,95.3608247422681,94.147582697201,0.787442644871586,0.812814304261027
20,10,0.13,0.901918976545842,0.92964824120603,0.746478873239437,0.95360824742268,0.94147582697201,0.860977422322882,0,90.1918976545842,92.964824120603,74.6478873239437,95.3608247422681,94.147582697201,0.787442644871586,0.812814304261027
40,10,0.16,0.899786780383795,0.92713567839196,0.746478873239437,0.953488372093023,0.940127388535032,0.909069997876707,0,89.9786780383795,92.713567839196,74.6478873239437,95.3488372093023,94.0127388535032,0.785581078335247,0.811904370798405
40,10,0.17,0.899786780383795,0.92713567839196,0.746478873239437,0.953488372093023,0.940127388535032,0.909069997876707,0,89.9786780383795,92.713567839196,74.6478873239437,95.3488372093023,94.0127388535032,0.785581078335247,0.811904370798405
40,10,0.18,0.899786780383795,0.92713567839196,0.746478873239437,0.953488372093023,0.940127388535032,0.909069997876707,0,89.9786780383795,92.713567839196,74.6478873239437,95.3488372093023,94.0127388535032,0.785581078335247,0.811904370798405
40,10,0.19,0.899786780383795,0.92713567839196,0.746478873239437,0.953488372093023,0.940127388535032,0.909069997876707,0,89.9786780383795,92.713567839196,74.6478873239437,95.3488372093023,94.0127388535032,0.785581078335247,0.811904370798405
40,10,0.2,0.899786780383795,0.92713567839196,0.746478873239437,0.953488372093023,0.940127388535032,0.909069997876707,0,89.9786780383795,92.713567839196,74.6478873239437,95.3488372093023,94.0127388535032,0.785581078335247,0.811904370798405
40,10,0.21,0.899786780383795,0.92713567839196,0.746478873239437,0.953488372093023,0.940127388535032,0.909069997876707,0,89.9786780383795,92.713567839196,74.6478873239437,95.3488372093023,94.0127388535032,0.785581078335247,0.811904370798405
40,10,0.22,0.899786780383795,0.92713567839196,0.746478873239437,0.953488372093023,0.940127388535032,0.909069997876707,0,89.9786780383795,92.713567839196,74.6478873239437,95.3488372093023,94.0127388535032,0.785581078335247,0.811904370798405
50,8,0.15,0.916844349680171,0.949748743718593,0.732394366197183,0.952141057934509,0.950943396226415,0.860110411210985,0,91.6844349680171,94.9748743718593,73.2394366197183,95.2141057934509,95.0943396226415,0.785370334953774,0.811110018696142
50,8,0.16,0.916844349680171,0.949748743718593,0.732394366197183,0.952141057934509,0.950943396226415,0.860110411210985,0,91.6844349680171,94.9748743718593,73.2394366197183,95.2141057934509,95.0943396226415,0.785370334953774,0.811110018696142
50,8,0.17,0.916844349680171,0.949748743718593,0.732394366197183,0.952141057934509,0.950943396226415,0.860110411210985,0,91.6844349680171,94.9748743718593,73.2394366197183,95.2141057934509,95.0943396226415,0.785370334953774,0.811110018696142
10,10,0.09,0.914712153518124,0.947236180904523,0.732394366197183,0.952020202020202,0.949622166246851,0.896011748885271,0,91.4712153518124,94.7236180904523,73.2394366197183,95.2020202020202,94.9622166246851,0.783543892314347,0.810200085233519
10,10,0.1,0.914712153518124,0.947236180904523,0.732394366197183,0.952020202020202,0.949622166246851,0.896011748885271,0,91.4712153518124,94.7236180904523,73.2394366197183,95.2020202020202,94.9622166246851,0.783543892314347,0.810200085233519
10,10,0.11,0.914712153518124,0.947236180904523,0.732394366197183,0.952020202020202,0.949622166246851,0.896011748885271,0,91.4712153518124,94.7236180904523,73.2394366197183,95.2020202020202,94.9622166246851,0.783543892314347,0.810200085233519
30,2,0.38,0.914712153518124,0.947236180904523,0.732394366197183,0.952020202020202,0.949622166246851,0.842929435911954,0,91.4712153518124,94.7236180904523,73.2394366197183,95.2020202020202,94.9622166246851,0.783543892314347,0.810200085233519
30,2,0.39,0.914712153518124,0.947236180904523,0.732394366197183,0.952020202020202,0.949622166246851,0.842929435911954,0,91.4712153518124,94.7236180904523,73.2394366197183,95.2020202020202,94.9622166246851,0.783543892314347,0.810200085233519
30,2,0.4,0.914712153518124,0.947236180904523,0.732394366197183,0.952020202020202,0.949622166246851,0.842929435911954,0,91.4712153518124,94.7236180904523,73.2394366197183,95.2020202020202,94.9622166246851,0.783543892314347,0.810200085233519
30,2,0.41,0.914712153518124,0.947236180904523,0.732394366197183,0.952020202020202,0.949622166246851,0.842929435911954,0,91.4712153518124,94.7236180904523,73.2394366197183,95.2020202020202,94.9622166246851,0.783543892314347,0.810200085233519
15,10,0.24,0.895522388059702,0.922110552763819,0.746478873239437,0.953246753246753,0.937420178799489,0.850042465850379,0,89.5522388059701,92.2110552763819,74.6478873239437,95.3246753246753,93.7420178799489,0.781857945262568,0.81008450387316
15,10,0.25,0.895522388059702,0.922110552763819,0.746478873239437,0.953246753246753,0.937420178799489,0.850042465850379,0,89.5522388059701,92.2110552763819,74.6478873239437,95.3246753246753,93.7420178799489,0.781857945262568,0.81008450387316
15,10,0.26,0.895522388059702,0.922110552763819,0.746478873239437,0.953246753246753,0.937420178799489,0.850042465850379,0,89.5522388059701,92.2110552763819,74.6478873239437,95.3246753246753,93.7420178799489,0.781857945262568,0.81008450387316
15,10,0.27,0.895522388059702,0.922110552763819,0.746478873239437,0.953246753246753,0.937420178799489,0.850042465850379,0,89.5522388059701,92.2110552763819,74.6478873239437,95.3246753246753,93.7420178799489,0.781857945262568,0.81008450387316
15,10,0.28,0.895522388059702,0.922110552763819,0.746478873239437,0.953246753246753,0.937420178799489,0.850042465850379,0,89.5522388059701,92.2110552763819,74.6478873239437,95.3246753246753,93.7420178799489,0.781857945262568,0.81008450387316
15,10,0.29,0.895522388059702,0.922110552763819,0.746478873239437,0.953246753246753,0.937420178799489,0.850042465850379,0,89.5522388059701,92.2110552763819,74.6478873239437,95.3246753246753,93.7420178799489,0.781857945262568,0.81008450387316
15,10,0.3,0.895522388059702,0.922110552763819,0.746478873239437,0.953246753246753,0.937420178799489,0.850042465850379,0,89.5522388059701,92.2110552763819,74.6478873239437,95.3246753246753,93.7420178799489,0.781857945262568,0.81008450387316
15,10,0.31,0.895522388059702,0.922110552763819,0.746478873239437,0.953246753246753,0.937420178799489,0.850042465850379,0,89.5522388059701,92.2110552763819,74.6478873239437,95.3246753246753,93.7420178799489,0.781857945262568,0.81008450387316
15,10,0.32,0.895522388059702,0.922110552763819,0.746478873239437,0.953246753246753,0.937420178799489,0.850042465850379,0,89.5522388059701,92.2110552763819,74.6478873239437,95.3246753246753,93.7420178799489,0.781857945262568,0.81008450387316
15,10,0.33,0.895522388059702,0.922110552763819,0.746478873239437,0.953246753246753,0.937420178799489,0.850042465850379,0,89.5522388059701,92.2110552763819,74.6478873239437,95.3246753246753,93.7420178799489,0.781857945262568,0.81008450387316
15,10,0.34,0.895522388059702,0.922110552763819,0.746478873239437,0.953246753246753,0.937420178799489,0.850042465850379,0,89.5522388059701,92.2110552763819,74.6478873239437,95.3246753246753,93.7420178799489,0.781857945262568,0.81008450387316
15,10,0.35,0.895522388059702,0.922110552763819,0.746478873239437,0.953246753246753,0.937420178799489,0.850042465850379,0,89.5522388059701,92.2110552763819,74.6478873239437,95.3246753246753,93.7420178799489,0.781857945262568,0.81008450387316
15,10,0.36,0.895522388059702,0.922110552763819,0.746478873239437,0.953246753246753,0.937420178799489,0.850042465850379,0,89.5522388059701,92.2110552763819,74.6478873239437,95.3246753246753,93.7420178799489,0.781857945262568,0.81008450387316
15,10,0.37,0.895522388059702,0.922110552763819,0.746478873239437,0.953246753246753,0.937420178799489,0.850042465850379,0,89.5522388059701,92.2110552763819,74.6478873239437,95.3246753246753,93.7420178799489,0.781857945262568,0.81008450387316
15,10,0.38,0.895522388059702,0.922110552763819,0.746478873239437,0.953246753246753,0.937420178799489,0.850042465850379,0,89.5522388059701,92.2110552763819,74.6478873239437,95.3246753246753,93.7420178799489,0.781857945262568,0.81008450387316
15,10,0.39,0.895522388059702,0.922110552763819,0.746478873239437,0.953246753246753,0.937420178799489,0.850042465850379,0,89.5522388059701,92.2110552763819,74.6478873239437,95.3246753246753,93.7420178799489,0.781857945262568,0.81008450387316
15,10,0.4,0.895522388059702,0.922110552763819,0.746478873239437,0.953246753246753,0.937420178799489,0.850042465850379,0,89.5522388059701,92.2110552763819,74.6478873239437,95.3246753246753,93.7420178799489,0.781857945262568,0.81008450387316
15,10,0.41,0.895522388059702,0.922110552763819,0.746478873239437,0.953246753246753,0.937420178799489,0.850042465850379,0,89.5522388059701,92.2110552763819,74.6478873239437,95.3246753246753,93.7420178799489,0.781857945262568,0.81008450387316
15,10,0.42,0.895522388059702,0.922110552763819,0.746478873239437,0.953246753246753,0.937420178799489,0.850042465850379,0,89.5522388059701,92.2110552763819,74.6478873239437,95.3246753246753,93.7420178799489,0.781857945262568,0.81008450387316
15,10,0.43,0.895522388059702,0.922110552763819,0.746478873239437,0.953246753246753,0.937420178799489,0.850042465850379,0,89.5522388059701,92.2110552763819,74.6478873239437,95.3246753246753,93.7420178799489,0.781857945262568,0.81008450387316
15,10,0.44,0.895522388059702,0.922110552763819,0.746478873239437,0.953246753246753,0.937420178799489,0.850042465850379,0,89.5522388059701,92.2110552763819,74.6478873239437,95.3246753246753,93.7420178799489,0.781857945262568,0.81008450387316
15,10,0.45,0.895522388059702,0.922110552763819,0.746478873239437,0.953246753246753,0.937420178799489,0.850042465850379,0,89.5522388059701,92.2110552763819,74.6478873239437,95.3246753246753,93.7420178799489,0.781857945262568,0.81008450387316
15,10,0.46,0.895522388059702,0.922110552763819,0.746478873239437,0.953246753246753,0.937420178799489,0.850042465850379,0,89.5522388059701,92.2110552763819,74.6478873239437,95.3246753246753,93.7420178799489,0.781857945262568,0.81008450387316
15,10,0.47,0.895522388059702,0.922110552763819,0.746478873239437,0.953246753246753,0.937420178799489,0.850042465850379,0,89.5522388059701,92.2110552763819,74.6478873239437,95.3246753246753,93.7420178799489,0.781857945262568,0.81008450387316
15,10,0.48,0.895522388059702,0.922110552763819,0.746478873239437,0.953246753246753,0.937420178799489,0.850042465850379,0,89.5522388059701,92.2110552763819,74.6478873239437,95.3246753246753,93.7420178799489,0.781857945262568,0.81008450387316
15,10,0.49,0.895522388059702,0.922110552763819,0.746478873239437,0.953246753246753,0.937420178799489,0.850042465850379,0,89.5522388059701,92.2110552763819,74.6478873239437,95.3246753246753,93.7420178799489,0.781857945262568,0.81008450387316
15,10,0.5,0.895522388059702,0.922110552763819,0.746478873239437,0.953246753246753,0.937420178799489,0.850042465850379,0,89.5522388059701,92.2110552763819,74.6478873239437,95.3246753246753,93.7420178799489,0.781857945262568,0.81008450387316
15,10,0.51,0.895522388059702,0.922110552763819,0.746478873239437,0.953246753246753,0.937420178799489,0.850042465850379,0,89.5522388059701,92.2110552763819,74.6478873239437,95.3246753246753,93.7420178799489,0.781857945262568,0.81008450387316
15,10,0.52,0.895522388059702,0.922110552763819,0.746478873239437,0.953246753246753,0.937420178799489,0.850042465850379,0,89.5522388059701,92.2110552763819,74.6478873239437,95.3246753246753,93.7420178799489,0.781857945262568,0.81008450387316
15,10,0.53,0.895522388059702,0.922110552763819,0.746478873239437,0.953246753246753,0.937420178799489,0.850042465850379,0,89.5522388059701,92.2110552763819,74.6478873239437,95.3246753246753,93.7420178799489,0.781857945262568,0.81008450387316
15,10,0.54,0.895522388059702,0.922110552763819,0.746478873239437,0.953246753246753,0.937420178799489,0.850042465850379,0,89.5522388059701,92.2110552763819,74.6478873239437,95.3246753246753,93.7420178799489,0.781857945262568,0.81008450387316
10,10,0.12,0.912579957356077,0.944723618090452,0.732394366197183,0.951898734177215,0.948297604035309,0.896011748885271,0,91.2579957356077,94.4723618090452,73.2394366197183,95.1898734177215,94.8297604035309,0.78171744967492,0.809290151770897
10,10,0.13,0.912579957356077,0.944723618090452,0.732394366197183,0.951898734177215,0.948297604035309,0.896011748885271,0,91.2579957356077,94.4723618090452,73.2394366197183,95.1898734177215,94.8297604035309,0.78171744967492,0.809290151770897
10,5,0.17,0.893390191897655,0.919597989949749,0.746478873239437,0.953125,0.936061381074169,0.886510014863048,0,89.3390191897655,91.9597989949749,74.6478873239437,95.3125,93.6061381074169,0.779996378726228,0.809174570410538
10,5,0.18,0.893390191897655,0.919597989949749,0.746478873239437,0.953125,0.936061381074169,0.886510014863048,0,89.3390191897655,91.9597989949749,74.6478873239437,95.3125,93.6061381074169,0.779996378726228,0.809174570410538
10,5,0.19,0.893390191897655,0.919597989949749,0.746478873239437,0.953125,0.936061381074169,0.886510014863048,0,89.3390191897655,91.9597989949749,74.6478873239437,95.3125,93.6061381074169,0.779996378726228,0.809174570410538
10,5,0.2,0.893390191897655,0.919597989949749,0.746478873239437,0.953125,0.936061381074169,0.886510014863048,0,89.3390191897655,91.9597989949749,74.6478873239437,95.3125,93.6061381074169,0.779996378726228,0.809174570410538
10,5,0.21,0.893390191897655,0.919597989949749,0.746478873239437,0.953125,0.936061381074169,0.886510014863048,0,89.3390191897655,91.9597989949749,74.6478873239437,95.3125,93.6061381074169,0.779996378726228,0.809174570410538
10,5,0.22,0.893390191897655,0.919597989949749,0.746478873239437,0.953125,0.936061381074169,0.886510014863048,0,89.3390191897655,91.9597989949749,74.6478873239437,95.3125,93.6061381074169,0.779996378726228,0.809174570410538
10,5,0.23,0.891257995735608,0.917085427135678,0.746478873239437,0.953002610966057,0.934699103713188,0.886510014863048,0,89.1257995735608,91.7085427135678,74.6478873239437,95.3002610966057,93.4699103713188,0.778134812189889,0.808264636947916
10,5,0.24,0.891257995735608,0.917085427135678,0.746478873239437,0.953002610966057,0.934699103713188,0.886510014863048,0,89.1257995735608,91.7085427135678,74.6478873239437,95.3002610966057,93.4699103713188,0.778134812189889,0.808264636947916
30,8,0.62,0.889125799573561,0.914572864321608,0.746478873239437,0.952879581151832,0.933333333333333,0.867541935027249,0,88.9125799573561,91.4572864321608,74.6478873239437,95.2879581151832,93.3333333333333,0.776273245653549,0.807354703485293
30,8,0.63,0.889125799573561,0.914572864321608,0.746478873239437,0.952879581151832,0.933333333333333,0.867541935027249,0,88.9125799573561,91.4572864321608,74.6478873239437,95.2879581151832,93.3333333333333,0.776273245653549,0.807354703485293
30,8,0.64,0.889125799573561,0.914572864321608,0.746478873239437,0.952879581151832,0.933333333333333,0.867541935027249,0,88.9125799573561,91.4572864321608,74.6478873239437,95.2879581151832,93.3333333333333,0.776273245653549,0.807354703485293
30,8,0.65,0.889125799573561,0.914572864321608,0.746478873239437,0.952879581151832,0.933333333333333,0.867541935027249,0,88.9125799573561,91.4572864321608,74.6478873239437,95.2879581151832,93.3333333333333,0.776273245653549,0.807354703485293
30,8,0.66,0.889125799573561,0.914572864321608,0.746478873239437,0.952879581151832,0.933333333333333,0.867541935027249,0,88.9125799573561,91.4572864321608,74.6478873239437,95.2879581151832,93.3333333333333,0.776273245653549,0.807354703485293
20,10,0.08,0.906183368869936,0.937185929648241,0.732394366197183,0.951530612244898,0.944303797468354,0.860977422322882,0,90.6183368869936,93.7185929648241,73.2394366197183,95.1530612244898,94.4303797468354,0.776238121756637,0.80656035138303
20,10,0.09,0.906183368869936,0.937185929648241,0.732394366197183,0.951530612244898,0.944303797468354,0.860977422322882,0,90.6183368869936,93.7185929648241,73.2394366197183,95.1530612244898,94.4303797468354,0.776238121756637,0.80656035138303
20,10,0.1,0.906183368869936,0.937185929648241,0.732394366197183,0.951530612244898,0.944303797468354,0.860977422322882,0,90.6183368869936,93.7185929648241,73.2394366197183,95.1530612244898,94.4303797468354,0.776238121756637,0.80656035138303
20,10,0.11,0.906183368869936,0.937185929648241,0.732394366197183,0.951530612244898,0.944303797468354,0.860977422322882,0,90.6183368869936,93.7185929648241,73.2394366197183,95.1530612244898,94.4303797468354,0.776238121756637,0.80656035138303
30,1,0.78,0.906183368869936,0.937185929648241,0.732394366197183,0.951530612244898,0.944303797468354,0.830897444971336,0,90.6183368869936,93.7185929648241,73.2394366197183,95.1530612244898,94.4303797468354,0.776238121756637,0.80656035138303
30,1,0.79,0.906183368869936,0.937185929648241,0.732394366197183,0.951530612244898,0.944303797468354,0.830897444971336,0,90.6183368869936,93.7185929648241,73.2394366197183,95.1530612244898,94.4303797468354,0.776238121756637,0.80656035138303
30,1,0.8,0.906183368869936,0.937185929648241,0.732394366197183,0.951530612244898,0.944303797468354,0.830897444971336,0,90.6183368869936,93.7185929648241,73.2394366197183,95.1530612244898,94.4303797468354,0.776238121756637,0.80656035138303
30,1,0.81,0.906183368869936,0.937185929648241,0.732394366197183,0.951530612244898,0.944303797468354,0.830897444971336,0,90.6183368869936,93.7185929648241,73.2394366197183,95.1530612244898,94.4303797468354,0.776238121756637,0.80656035138303
30,1,0.82,0.906183368869936,0.937185929648241,0.732394366197183,0.951530612244898,0.944303797468354,0.830897444971336,0,90.6183368869936,93.7185929648241,73.2394366197183,95.1530612244898,94.4303797468354,0.776238121756637,0.80656035138303
30,1,0.83,0.906183368869936,0.937185929648241,0.732394366197183,0.951530612244898,0.944303797468354,0.830897444971336,0,90.6183368869936,93.7185929648241,73.2394366197183,95.1530612244898,94.4303797468354,0.776238121756637,0.80656035138303
30,1,0.84,0.906183368869936,0.937185929648241,0.732394366197183,0.951530612244898,0.944303797468354,0.830897444971336,0,90.6183368869936,93.7185929648241,73.2394366197183,95.1530612244898,94.4303797468354,0.776238121756637,0.80656035138303
30,1,0.85,0.906183368869936,0.937185929648241,0.732394366197183,0.951530612244898,0.944303797468354,0.830897444971336,0,90.6183368869936,93.7185929648241,73.2394366197183,95.1530612244898,94.4303797468354,0.776238121756637,0.80656035138303
30,1,0.86,0.906183368869936,0.937185929648241,0.732394366197183,0.951530612244898,0.944303797468354,0.830897444971336,0,90.6183368869936,93.7185929648241,73.2394366197183,95.1530612244898,94.4303797468354,0.776238121756637,0.80656035138303
30,1,0.87,0.906183368869936,0.937185929648241,0.732394366197183,0.951530612244898,0.944303797468354,0.830897444971336,0,90.6183368869936,93.7185929648241,73.2394366197183,95.1530612244898,94.4303797468354,0.776238121756637,0.80656035138303
30,1,0.88,0.906183368869936,0.937185929648241,0.732394366197183,0.951530612244898,0.944303797468354,0.830897444971336,0,90.6183368869936,93.7185929648241,73.2394366197183,95.1530612244898,94.4303797468354,0.776238121756637,0.80656035138303
30,1,0.89,0.906183368869936,0.937185929648241,0.732394366197183,0.951530612244898,0.944303797468354,0.830897444971336,0,90.6183368869936,93.7185929648241,73.2394366197183,95.1530612244898,94.4303797468354,0.776238121756637,0.80656035138303
30,1,0.9,0.906183368869936,0.937185929648241,0.732394366197183,0.951530612244898,0.944303797468354,0.830897444971336,0,90.6183368869936,93.7185929648241,73.2394366197183,95.1530612244898,94.4303797468354,0.776238121756637,0.80656035138303
30,1,0.91,0.906183368869936,0.937185929648241,0.732394366197183,0.951530612244898,0.944303797468354,0.830897444971336,0,90.6183368869936,93.7185929648241,73.2394366197183,95.1530612244898,94.4303797468354,0.776238121756637,0.80656035138303
30,1,0.92,0.906183368869936,0.937185929648241,0.732394366197183,0.951530612244898,0.944303797468354,0.830897444971336,0,90.6183368869936,93.7185929648241,73.2394366197183,95.1530612244898,94.4303797468354,0.776238121756637,0.80656035138303
30,1,0.93,0.906183368869936,0.937185929648241,0.732394366197183,0.951530612244898,0.944303797468354,0.830897444971336,0,90.6183368869936,93.7185929648241,73.2394366197183,95.1530612244898,94.4303797468354,0.776238121756637,0.80656035138303
30,1,0.94,0.906183368869936,0.937185929648241,0.732394366197183,0.951530612244898,0.944303797468354,0.830897444971336,0,90.6183368869936,93.7185929648241,73.2394366197183,95.1530612244898,94.4303797468354,0.776238121756637,0.80656035138303
30,1,0.95,0.906183368869936,0.937185929648241,0.732394366197183,0.951530612244898,0.944303797468354,0.830897444971336,0,90.6183368869936,93.7185929648241,73.2394366197183,95.1530612244898,94.4303797468354,0.776238121756637,0.80656035138303
10,5,0.25,0.886993603411514,0.912060301507538,0.746478873239437,0.952755905511811,0.93196405648267,0.886510014863048,0,88.6993603411514,91.2060301507538,74.6478873239437,95.2755905511811,93.196405648267,0.77441167911721,0.806444770022671
10,5,0.26,0.886993603411514,0.912060301507538,0.746478873239437,0.952755905511811,0.93196405648267,0.886510014863048,0,88.6993603411514,91.2060301507538,74.6478873239437,95.2755905511811,93.196405648267,0.77441167911721,0.806444770022671
10,5,0.27,0.886993603411514,0.912060301507538,0.746478873239437,0.952755905511811,0.93196405648267,0.886510014863048,0,88.6993603411514,91.2060301507538,74.6478873239437,95.2755905511811,93.196405648267,0.77441167911721,0.806444770022671
10,5,0.28,0.886993603411514,0.912060301507538,0.746478873239437,0.952755905511811,0.93196405648267,0.886510014863048,0,88.6993603411514,91.2060301507538,74.6478873239437,95.2755905511811,93.196405648267,0.77441167911721,0.806444770022671
10,5,0.29,0.886993603411514,0.912060301507538,0.746478873239437,0.952755905511811,0.93196405648267,0.886510014863048,0,88.6993603411514,91.2060301507538,74.6478873239437,95.2755905511811,93.196405648267,0.77441167911721,0.806444770022671
10,5,0.3,0.886993603411514,0.912060301507538,0.746478873239437,0.952755905511811,0.93196405648267,0.886510014863048,0,88.6993603411514,91.2060301507538,74.6478873239437,95.2755905511811,93.196405648267,0.77441167911721,0.806444770022671
10,5,0.31,0.886993603411514,0.912060301507538,0.746478873239437,0.952755905511811,0.93196405648267,0.886510014863048,0,88.6993603411514,91.2060301507538,74.6478873239437,95.2755905511811,93.196405648267,0.77441167911721,0.806444770022671
10,5,0.32,0.886993603411514,0.912060301507538,0.746478873239437,0.952755905511811,0.93196405648267,0.886510014863048,0,88.6993603411514,91.2060301507538,74.6478873239437,95.2755905511811,93.196405648267,0.77441167911721,0.806444770022671
10,5,0.33,0.886993603411514,0.912060301507538,0.746478873239437,0.952755905511811,0.93196405648267,0.886510014863048,0,88.6993603411514,91.2060301507538,74.6478873239437,95.2755905511811,93.196405648267,0.77441167911721,0.806444770022671
10,5,0.34,0.886993603411514,0.912060301507538,0.746478873239437,0.952755905511811,0.93196405648267,0.886510014863048,0,88.6993603411514,91.2060301507538,74.6478873239437,95.2755905511811,93.196405648267,0.77441167911721,0.806444770022671
10,5,0.35,0.886993603411514,0.912060301507538,0.746478873239437,0.952755905511811,0.93196405648267,0.886510014863048,0,88.6993603411514,91.2060301507538,74.6478873239437,95.2755905511811,93.196405648267,0.77441167911721,0.806444770022671
10,5,0.36,0.886993603411514,0.912060301507538,0.746478873239437,0.952755905511811,0.93196405648267,0.886510014863048,0,88.6993603411514,91.2060301507538,74.6478873239437,95.2755905511811,93.196405648267,0.77441167911721,0.806444770022671
10,5,0.37,0.886993603411514,0.912060301507538,0.746478873239437,0.952755905511811,0.93196405648267,0.886510014863048,0,88.6993603411514,91.2060301507538,74.6478873239437,95.2755905511811,93.196405648267,0.77441167911721,0.806444770022671
10,5,0.38,0.886993603411514,0.912060301507538,0.746478873239437,0.952755905511811,0.93196405648267,0.886510014863048,0,88.6993603411514,91.2060301507538,74.6478873239437,95.2755905511811,93.196405648267,0.77441167911721,0.806444770022671
10,5,0.39,0.886993603411514,0.912060301507538,0.746478873239437,0.952755905511811,0.93196405648267,0.886510014863048,0,88.6993603411514,91.2060301507538,74.6478873239437,95.2755905511811,93.196405648267,0.77441167911721,0.806444770022671
10,5,0.4,0.886993603411514,0.912060301507538,0.746478873239437,0.952755905511811,0.93196405648267,0.886510014863048,0,88.6993603411514,91.2060301507538,74.6478873239437,95.2755905511811,93.196405648267,0.77441167911721,0.806444770022671
10,5,0.41,0.886993603411514,0.912060301507538,0.746478873239437,0.952755905511811,0.93196405648267,0.886510014863048,0,88.6993603411514,91.2060301507538,74.6478873239437,95.2755905511811,93.196405648267,0.77441167911721,0.806444770022671
10,5,0.42,0.886993603411514,0.912060301507538,0.746478873239437,0.952755905511811,0.93196405648267,0.886510014863048,0,88.6993603411514,91.2060301507538,74.6478873239437,95.2755905511811,93.196405648267,0.77441167911721,0.806444770022671
10,5,0.43,0.886993603411514,0.912060301507538,0.746478873239437,0.952755905511811,0.93196405648267,0.886510014863048,0,88.6993603411514,91.2060301507538,74.6478873239437,95.2755905511811,93.196405648267,0.77441167911721,0.806444770022671
10,5,0.44,0.886993603411514,0.912060301507538,0.746478873239437,0.952755905511811,0.93196405648267,0.886510014863048,0,88.6993603411514,91.2060301507538,74.6478873239437,95.2755905511811,93.196405648267,0.77441167911721,0.806444770022671
10,5,0.45,0.886993603411514,0.912060301507538,0.746478873239437,0.952755905511811,0.93196405648267,0.886510014863048,0,88.6993603411514,91.2060301507538,74.6478873239437,95.2755905511811,93.196405648267,0.77441167911721,0.806444770022671
10,5,0.46,0.886993603411514,0.912060301507538,0.746478873239437,0.952755905511811,0.93196405648267,0.886510014863048,0,88.6993603411514,91.2060301507538,74.6478873239437,95.2755905511811,93.196405648267,0.77441167911721,0.806444770022671
10,5,0.47,0.886993603411514,0.912060301507538,0.746478873239437,0.952755905511811,0.93196405648267,0.886510014863048,0,88.6993603411514,91.2060301507538,74.6478873239437,95.2755905511811,93.196405648267,0.77441167911721,0.806444770022671
10,5,0.48,0.886993603411514,0.912060301507538,0.746478873239437,0.952755905511811,0.93196405648267,0.886510014863048,0,88.6993603411514,91.2060301507538,74.6478873239437,95.2755905511811,93.196405648267,0.77441167911721,0.806444770022671
10,5,0.49,0.886993603411514,0.912060301507538,0.746478873239437,0.952755905511811,0.93196405648267,0.886510014863048,0,88.6993603411514,91.2060301507538,74.6478873239437,95.2755905511811,93.196405648267,0.77441167911721,0.806444770022671
10,5,0.5,0.886993603411514,0.912060301507538,0.746478873239437,0.952755905511811,0.93196405648267,0.886510014863048,0,88.6993603411514,91.2060301507538,74.6478873239437,95.2755905511811,93.196405648267,0.77441167911721,0.806444770022671
10,5,0.51,0.886993603411514,0.912060301507538,0.746478873239437,0.952755905511811,0.93196405648267,0.886510014863048,0,88.6993603411514,91.2060301507538,74.6478873239437,95.2755905511811,93.196405648267,0.77441167911721,0.806444770022671
10,5,0.52,0.886993603411514,0.912060301507538,0.746478873239437,0.952755905511811,0.93196405648267,0.886510014863048,0,88.6993603411514,91.2060301507538,74.6478873239437,95.2755905511811,93.196405648267,0.77441167911721,0.806444770022671
10,5,0.53,0.886993603411514,0.912060301507538,0.746478873239437,0.952755905511811,0.93196405648267,0.886510014863048,0,88.6993603411514,91.2060301507538,74.6478873239437,95.2755905511811,93.196405648267,0.77441167911721,0.806444770022671
10,5,0.54,0.886993603411514,0.912060301507538,0.746478873239437,0.952755905511811,0.93196405648267,0.886510014863048,0,88.6993603411514,91.2060301507538,74.6478873239437,95.2755905511811,93.196405648267,0.77441167911721,0.806444770022671
10,5,0.55,0.886993603411514,0.912060301507538,0.746478873239437,0.952755905511811,0.93196405648267,0.886510014863048,0,88.6993603411514,91.2060301507538,74.6478873239437,95.2755905511811,93.196405648267,0.77441167911721,0.806444770022671
10,5,0.56,0.886993603411514,0.912060301507538,0.746478873239437,0.952755905511811,0.93196405648267,0.886510014863048,0,88.6993603411514,91.2060301507538,74.6478873239437,95.2755905511811,93.196405648267,0.77441167911721,0.806444770022671
10,5,0.57,0.886993603411514,0.912060301507538,0.746478873239437,0.952755905511811,0.93196405648267,0.886510014863048,0,88.6993603411514,91.2060301507538,74.6478873239437,95.2755905511811,93.196405648267,0.77441167911721,0.806444770022671
10,5,0.58,0.886993603411514,0.912060301507538,0.746478873239437,0.952755905511811,0.93196405648267,0.886510014863048,0,88.6993603411514,91.2060301507538,74.6478873239437,95.2755905511811,93.196405648267,0.77441167911721,0.806444770022671
10,5,0.59,0.886993603411514,0.912060301507538,0.746478873239437,0.952755905511811,0.93196405648267,0.886510014863048,0,88.6993603411514,91.2060301507538,74.6478873239437,95.2755905511811,93.196405648267,0.77441167911721,0.806444770022671
10,5,0.6,0.886993603411514,0.912060301507538,0.746478873239437,0.952755905511811,0.93196405648267,0.886510014863048,0,88.6993603411514,91.2060301507538,74.6478873239437,95.2755905511811,93.196405648267,0.77441167911721,0.806444770022671
10,5,0.61,0.886993603411514,0.912060301507538,0.746478873239437,0.952755905511811,0.93196405648267,0.886510014863048,0,88.6993603411514,91.2060301507538,74.6478873239437,95.2755905511811,93.196405648267,0.77441167911721,0.806444770022671
10,5,0.62,0.886993603411514,0.912060301507538,0.746478873239437,0.952755905511811,0.93196405648267,0.886510014863048,0,88.6993603411514,91.2060301507538,74.6478873239437,95.2755905511811,93.196405648267,0.77441167911721,0.806444770022671
10,5,0.63,0.886993603411514,0.912060301507538,0.746478873239437,0.952755905511811,0.93196405648267,0.886510014863048,0,88.6993603411514,91.2060301507538,74.6478873239437,95.2755905511811,93.196405648267,0.77441167911721,0.806444770022671
10,5,0.64,0.886993603411514,0.912060301507538,0.746478873239437,0.952755905511811,0.93196405648267,0.886510014863048,0,88.6993603411514,91.2060301507538,74.6478873239437,95.2755905511811,93.196405648267,0.77441167911721,0.806444770022671
30,8,0.67,0.884861407249467,0.909547738693467,0.746478873239437,0.952631578947368,0.930591259640103,0.867541935027249,0,88.4861407249467,90.9547738693467,74.6478873239437,95.2631578947368,93.0591259640103,0.772550112580871,0.805534836560049
30,8,0.68,0.884861407249467,0.909547738693467,0.746478873239437,0.952631578947368,0.930591259640103,0.867541935027249,0,88.4861407249467,90.9547738693467,74.6478873239437,95.2631578947368,93.0591259640103,0.772550112580871,0.805534836560049
30,8,0.69,0.884861407249467,0.909547738693467,0.746478873239437,0.952631578947368,0.930591259640103,0.867541935027249,0,88.4861407249467,90.9547738693467,74.6478873239437,95.2631578947368,93.0591259640103,0.772550112580871,0.805534836560049
30,8,0.7,0.884861407249467,0.909547738693467,0.746478873239437,0.952631578947368,0.930591259640103,0.867541935027249,0,88.4861407249467,90.9547738693467,74.6478873239437,95.2631578947368,93.0591259640103,0.772550112580871,0.805534836560049
30,8,0.71,0.884861407249467,0.909547738693467,0.746478873239437,0.952631578947368,0.930591259640103,0.867541935027249,0,88.4861407249467,90.9547738693467,74.6478873239437,95.2631578947368,93.0591259640103,0.772550112580871,0.805534836560049
30,8,0.72,0.884861407249467,0.909547738693467,0.746478873239437,0.952631578947368,0.930591259640103,0.867541935027249,0,88.4861407249467,90.9547738693467,74.6478873239437,95.2631578947368,93.0591259640103,0.772550112580871,0.805534836560049
30,8,0.73,0.884861407249467,0.909547738693467,0.746478873239437,0.952631578947368,0.930591259640103,0.867541935027249,0,88.4861407249467,90.9547738693467,74.6478873239437,95.2631578947368,93.0591259640103,0.772550112580871,0.805534836560049
30,8,0.74,0.884861407249467,0.909547738693467,0.746478873239437,0.952631578947368,0.930591259640103,0.867541935027249,0,88.4861407249467,90.9547738693467,74.6478873239437,95.2631578947368,93.0591259640103,0.772550112580871,0.805534836560049
30,8,0.75,0.884861407249467,0.909547738693467,0.746478873239437,0.952631578947368,0.930591259640103,0.867541935027249,0,88.4861407249467,90.9547738693467,74.6478873239437,95.2631578947368,93.0591259640103,0.772550112580871,0.805534836560049
30,8,0.76,0.884861407249467,0.909547738693467,0.746478873239437,0.952631578947368,0.930591259640103,0.867541935027249,0,88.4861407249467,90.9547738693467,74.6478873239437,95.2631578947368,93.0591259640103,0.772550112580871,0.805534836560049
30,8,0.77,0.884861407249467,0.909547738693467,0.746478873239437,0.952631578947368,0.930591259640103,0.867541935027249,0,88.4861407249467,90.9547738693467,74.6478873239437,95.2631578947368,93.0591259640103,0.772550112580871,0.805534836560049
15,5,0.09,0.901918976545842,0.9321608040201,0.732394366197183,0.951282051282051,0.941624365482233,0.854890650435275,0,90.1918976545842,93.21608040201,73.2394366197183,95.1282051282051,94.1624365482234,0.772585236477783,0.804740484457785
15,5,0.1,0.901918976545842,0.9321608040201,0.732394366197183,0.951282051282051,0.941624365482233,0.854890650435275,0,90.1918976545842,93.21608040201,73.2394366197183,95.1282051282051,94.1624365482234,0.772585236477783,0.804740484457785
40,5,0.83,0.88272921108742,0.907035175879397,0.746478873239437,0.952506596306069,0.929214929214929,0.835285582843796,0,88.272921108742,90.7035175879397,74.6478873239437,95.2506596306069,92.9214929214929,0.770688546044531,0.804624903097427
40,5,0.84,0.88272921108742,0.907035175879397,0.746478873239437,0.952506596306069,0.929214929214929,0.835285582843796,0,88.272921108742,90.7035175879397,74.6478873239437,95.2506596306069,92.9214929214929,0.770688546044531,0.804624903097427
40,5,0.85,0.88272921108742,0.907035175879397,0.746478873239437,0.952506596306069,0.929214929214929,0.835285582843796,0,88.272921108742,90.7035175879397,74.6478873239437,95.2506596306069,92.9214929214929,0.770688546044531,0.804624903097427
40,5,0.86,0.88272921108742,0.907035175879397,0.746478873239437,0.952506596306069,0.929214929214929,0.835285582843796,0,88.272921108742,90.7035175879397,74.6478873239437,95.2506596306069,92.9214929214929,0.770688546044531,0.804624903097427
40,5,0.87,0.88272921108742,0.907035175879397,0.746478873239437,0.952506596306069,0.929214929214929,0.835285582843796,0,88.272921108742,90.7035175879397,74.6478873239437,95.2506596306069,92.9214929214929,0.770688546044531,0.804624903097427
40,5,0.88,0.88272921108742,0.907035175879397,0.746478873239437,0.952506596306069,0.929214929214929,0.835285582843796,0,88.272921108742,90.7035175879397,74.6478873239437,95.2506596306069,92.9214929214929,0.770688546044531,0.804624903097427
40,5,0.89,0.88272921108742,0.907035175879397,0.746478873239437,0.952506596306069,0.929214929214929,0.835285582843796,0,88.272921108742,90.7035175879397,74.6478873239437,95.2506596306069,92.9214929214929,0.770688546044531,0.804624903097427
40,5,0.9,0.88272921108742,0.907035175879397,0.746478873239437,0.952506596306069,0.929214929214929,0.835285582843796,0,88.272921108742,90.7035175879397,74.6478873239437,95.2506596306069,92.9214929214929,0.770688546044531,0.804624903097427
40,5,0.91,0.88272921108742,0.907035175879397,0.746478873239437,0.952506596306069,0.929214929214929,0.835285582843796,0,88.272921108742,90.7035175879397,74.6478873239437,95.2506596306069,92.9214929214929,0.770688546044531,0.804624903097427
40,5,0.92,0.88272921108742,0.907035175879397,0.746478873239437,0.952506596306069,0.929214929214929,0.835285582843796,0,88.272921108742,90.7035175879397,74.6478873239437,95.2506596306069,92.9214929214929,0.770688546044531,0.804624903097427
40,5,0.93,0.88272921108742,0.907035175879397,0.746478873239437,0.952506596306069,0.929214929214929,0.835285582843796,0,88.272921108742,90.7035175879397,74.6478873239437,95.2506596306069,92.9214929214929,0.770688546044531,0.804624903097427
40,5,0.94,0.88272921108742,0.907035175879397,0.746478873239437,0.952506596306069,0.929214929214929,0.835285582843796,0,88.272921108742,90.7035175879397,74.6478873239437,95.2506596306069,92.9214929214929,0.770688546044531,0.804624903097427
40,5,0.95,0.88272921108742,0.907035175879397,0.746478873239437,0.952506596306069,0.929214929214929,0.835285582843796,0,88.272921108742,90.7035175879397,74.6478873239437,95.2506596306069,92.9214929214929,0.770688546044531,0.804624903097427
30,10,0.12,0.918976545842217,0.954773869346734,0.71830985915493,0.95,0.952380952380952,0.860234269941256,0,91.8976545842217,95.4773869346734,71.830985915493,95,95.2380952380952,0.772058378024102,0.803946132355522
30,10,0.13,0.918976545842217,0.954773869346734,0.71830985915493,0.95,0.952380952380952,0.860234269941256,0,91.8976545842217,95.4773869346734,71.830985915493,95,95.2380952380952,0.772058378024102,0.803946132355522
30,10,0.14,0.918976545842217,0.954773869346734,0.71830985915493,0.95,0.952380952380952,0.860234269941256,0,91.8976545842217,95.4773869346734,71.830985915493,95,95.2380952380952,0.772058378024102,0.803946132355522
30,10,0.15,0.918976545842217,0.954773869346734,0.71830985915493,0.95,0.952380952380952,0.860234269941256,0,91.8976545842217,95.4773869346734,71.830985915493,95,95.2380952380952,0.772058378024102,0.803946132355522
30,10,0.16,0.918976545842217,0.954773869346734,0.71830985915493,0.95,0.952380952380952,0.860234269941256,0,91.8976545842217,95.4773869346734,71.830985915493,95,95.2380952380952,0.772058378024102,0.803946132355522
30,10,0.17,0.918976545842217,0.954773869346734,0.71830985915493,0.95,0.952380952380952,0.860234269941256,0,91.8976545842217,95.4773869346734,71.830985915493,95,95.2380952380952,0.772058378024102,0.803946132355522
30,10,0.18,0.918976545842217,0.954773869346734,0.71830985915493,0.95,0.952380952380952,0.860234269941256,0,91.8976545842217,95.4773869346734,71.830985915493,95,95.2380952380952,0.772058378024102,0.803946132355522
10,5,0.16,0.899786780383795,0.92964824120603,0.732394366197183,0.951156812339332,0.940279542566709,0.886510014863048,0,89.9786780383795,92.964824120603,73.2394366197183,95.1156812339332,94.0279542566709,0.770758793838355,0.803830550995163
30,3,0.55,0.899786780383795,0.92964824120603,0.732394366197183,0.951156812339332,0.940279542566709,0.834418571731899,0,89.9786780383795,92.964824120603,73.2394366197183,95.1156812339332,94.0279542566709,0.770758793838355,0.803830550995163
30,3,0.56,0.899786780383795,0.92964824120603,0.732394366197183,0.951156812339332,0.940279542566709,0.834418571731899,0,89.9786780383795,92.964824120603,73.2394366197183,95.1156812339332,94.0279542566709,0.770758793838355,0.803830550995163
30,3,0.57,0.899786780383795,0.92964824120603,0.732394366197183,0.951156812339332,0.940279542566709,0.834418571731899,0,89.9786780383795,92.964824120603,73.2394366197183,95.1156812339332,94.0279542566709,0.770758793838355,0.803830550995163
30,3,0.58,0.899786780383795,0.92964824120603,0.732394366197183,0.951156812339332,0.940279542566709,0.834418571731899,0,89.9786780383795,92.964824120603,73.2394366197183,95.1156812339332,94.0279542566709,0.770758793838355,0.803830550995163
30,3,0.59,0.899786780383795,0.92964824120603,0.732394366197183,0.951156812339332,0.940279542566709,0.834418571731899,0,89.9786780383795,92.964824120603,73.2394366197183,95.1156812339332,94.0279542566709,0.770758793838355,0.803830550995163
30,3,0.6,0.899786780383795,0.92964824120603,0.732394366197183,0.951156812339332,0.940279542566709,0.834418571731899,0,89.9786780383795,92.964824120603,73.2394366197183,95.1156812339332,94.0279542566709,0.770758793838355,0.803830550995163
30,3,0.61,0.899786780383795,0.92964824120603,0.732394366197183,0.951156812339332,0.940279542566709,0.834418571731899,0,89.9786780383795,92.964824120603,73.2394366197183,95.1156812339332,94.0279542566709,0.770758793838355,0.803830550995163
30,3,0.62,0.899786780383795,0.92964824120603,0.732394366197183,0.951156812339332,0.940279542566709,0.834418571731899,0,89.9786780383795,92.964824120603,73.2394366197183,95.1156812339332,94.0279542566709,0.770758793838355,0.803830550995163
30,3,0.63,0.899786780383795,0.92964824120603,0.732394366197183,0.951156812339332,0.940279542566709,0.834418571731899,0,89.9786780383795,92.964824120603,73.2394366197183,95.1156812339332,94.0279542566709,0.770758793838355,0.803830550995163
30,3,0.64,0.899786780383795,0.92964824120603,0.732394366197183,0.951156812339332,0.940279542566709,0.834418571731899,0,89.9786780383795,92.964824120603,73.2394366197183,95.1156812339332,94.0279542566709,0.770758793838355,0.803830550995163
30,3,0.65,0.899786780383795,0.92964824120603,0.732394366197183,0.951156812339332,0.940279542566709,0.834418571731899,0,89.9786780383795,92.964824120603,73.2394366197183,95.1156812339332,94.0279542566709,0.770758793838355,0.803830550995163
30,3,0.66,0.899786780383795,0.92964824120603,0.732394366197183,0.951156812339332,0.940279542566709,0.834418571731899,0,89.9786780383795,92.964824120603,73.2394366197183,95.1156812339332,94.0279542566709,0.770758793838355,0.803830550995163
30,3,0.67,0.899786780383795,0.92964824120603,0.732394366197183,0.951156812339332,0.940279542566709,0.834418571731899,0,89.9786780383795,92.964824120603,73.2394366197183,95.1156812339332,94.0279542566709,0.770758793838355,0.803830550995163
30,3,0.68,0.899786780383795,0.92964824120603,0.732394366197183,0.951156812339332,0.940279542566709,0.834418571731899,0,89.9786780383795,92.964824120603,73.2394366197183,95.1156812339332,94.0279542566709,0.770758793838355,0.803830550995163
30,3,0.69,0.899786780383795,0.92964824120603,0.732394366197183,0.951156812339332,0.940279542566709,0.834418571731899,0,89.9786780383795,92.964824120603,73.2394366197183,95.1156812339332,94.0279542566709,0.770758793838355,0.803830550995163
30,3,0.7,0.899786780383795,0.92964824120603,0.732394366197183,0.951156812339332,0.940279542566709,0.834418571731899,0,89.9786780383795,92.964824120603,73.2394366197183,95.1156812339332,94.0279542566709,0.770758793838355,0.803830550995163
30,3,0.71,0.899786780383795,0.92964824120603,0.732394366197183,0.951156812339332,0.940279542566709,0.834418571731899,0,89.9786780383795,92.964824120603,73.2394366197183,95.1156812339332,94.0279542566709,0.770758793838355,0.803830550995163
30,3,0.72,0.899786780383795,0.92964824120603,0.732394366197183,0.951156812339332,0.940279542566709,0.834418571731899,0,89.9786780383795,92.964824120603,73.2394366197183,95.1156812339332,94.0279542566709,0.770758793838355,0.803830550995163
30,3,0.73,0.899786780383795,0.92964824120603,0.732394366197183,0.951156812339332,0.940279542566709,0.834418571731899,0,89.9786780383795,92.964824120603,73.2394366197183,95.1156812339332,94.0279542566709,0.770758793838355,0.803830550995163
30,3,0.74,0.899786780383795,0.92964824120603,0.732394366197183,0.951156812339332,0.940279542566709,0.834418571731899,0,89.9786780383795,92.964824120603,73.2394366197183,95.1156812339332,94.0279542566709,0.770758793838355,0.803830550995163
30,3,0.75,0.899786780383795,0.92964824120603,0.732394366197183,0.951156812339332,0.940279542566709,0.834418571731899,0,89.9786780383795,92.964824120603,73.2394366197183,95.1156812339332,94.0279542566709,0.770758793838355,0.803830550995163
30,3,0.76,0.899786780383795,0.92964824120603,0.732394366197183,0.951156812339332,0.940279542566709,0.834418571731899,0,89.9786780383795,92.964824120603,73.2394366197183,95.1156812339332,94.0279542566709,0.770758793838355,0.803830550995163
30,3,0.77,0.899786780383795,0.92964824120603,0.732394366197183,0.951156812339332,0.940279542566709,0.834418571731899,0,89.9786780383795,92.964824120603,73.2394366197183,95.1156812339332,94.0279542566709,0.770758793838355,0.803830550995163
30,3,0.78,0.899786780383795,0.92964824120603,0.732394366197183,0.951156812339332,0.940279542566709,0.834418571731899,0,89.9786780383795,92.964824120603,73.2394366197183,95.1156812339332,94.0279542566709,0.770758793838355,0.803830550995163
30,3,0.79,0.899786780383795,0.92964824120603,0.732394366197183,0.951156812339332,0.940279542566709,0.834418571731899,0,89.9786780383795,92.964824120603,73.2394366197183,95.1156812339332,94.0279542566709,0.770758793838355,0.803830550995163
30,3,0.8,0.899786780383795,0.92964824120603,0.732394366197183,0.951156812339332,0.940279542566709,0.834418571731899,0,89.9786780383795,92.964824120603,73.2394366197183,95.1156812339332,94.0279542566709,0.770758793838355,0.803830550995163
30,3,0.81,0.899786780383795,0.92964824120603,0.732394366197183,0.951156812339332,0.940279542566709,0.834418571731899,0,89.9786780383795,92.964824120603,73.2394366197183,95.1156812339332,94.0279542566709,0.770758793838355,0.803830550995163
30,3,0.82,0.899786780383795,0.92964824120603,0.732394366197183,0.951156812339332,0.940279542566709,0.834418571731899,0,89.9786780383795,92.964824120603,73.2394366197183,95.1156812339332,94.0279542566709,0.770758793838355,0.803830550995163
30,3,0.83,0.899786780383795,0.92964824120603,0.732394366197183,0.951156812339332,0.940279542566709,0.834418571731899,0,89.9786780383795,92.964824120603,73.2394366197183,95.1156812339332,94.0279542566709,0.770758793838355,0.803830550995163
30,3,0.84,0.899786780383795,0.92964824120603,0.732394366197183,0.951156812339332,0.940279542566709,0.834418571731899,0,89.9786780383795,92.964824120603,73.2394366197183,95.1156812339332,94.0279542566709,0.770758793838355,0.803830550995163
30,3,0.85,0.899786780383795,0.92964824120603,0.732394366197183,0.951156812339332,0.940279542566709,0.834418571731899,0,89.9786780383795,92.964824120603,73.2394366197183,95.1156812339332,94.0279542566709,0.770758793838355,0.803830550995163
30,3,0.86,0.899786780383795,0.92964824120603,0.732394366197183,0.951156812339332,0.940279542566709,0.834418571731899,0,89.9786780383795,92.964824120603,73.2394366197183,95.1156812339332,94.0279542566709,0.770758793838355,0.803830550995163
30,3,0.87,0.899786780383795,0.92964824120603,0.732394366197183,0.951156812339332,0.940279542566709,0.834418571731899,0,89.9786780383795,92.964824120603,73.2394366197183,95.1156812339332,94.0279542566709,0.770758793838355,0.803830550995163
30,3,0.88,0.899786780383795,0.92964824120603,0.732394366197183,0.951156812339332,0.940279542566709,0.834418571731899,0,89.9786780383795,92.964824120603,73.2394366197183,95.1156812339332,94.0279542566709,0.770758793838355,0.803830550995163
30,3,0.89,0.899786780383795,0.92964824120603,0.732394366197183,0.951156812339332,0.940279542566709,0.834418571731899,0,89.9786780383795,92.964824120603,73.2394366197183,95.1156812339332,94.0279542566709,0.770758793838355,0.803830550995163
30,3,0.9,0.899786780383795,0.92964824120603,0.732394366197183,0.951156812339332,0.940279542566709,0.834418571731899,0,89.9786780383795,92.964824120603,73.2394366197183,95.1156812339332,94.0279542566709,0.770758793838355,0.803830550995163
30,3,0.91,0.899786780383795,0.92964824120603,0.732394366197183,0.951156812339332,0.940279542566709,0.834418571731899,0,89.9786780383795,92.964824120603,73.2394366197183,95.1156812339332,94.0279542566709,0.770758793838355,0.803830550995163
30,3,0.92,0.899786780383795,0.92964824120603,0.732394366197183,0.951156812339332,0.940279542566709,0.834418571731899,0,89.9786780383795,92.964824120603,73.2394366197183,95.1156812339332,94.0279542566709,0.770758793838355,0.803830550995163
30,3,0.93,0.899786780383795,0.92964824120603,0.732394366197183,0.951156812339332,0.940279542566709,0.834418571731899,0,89.9786780383795,92.964824120603,73.2394366197183,95.1156812339332,94.0279542566709,0.770758793838355,0.803830550995163
30,3,0.94,0.899786780383795,0.92964824120603,0.732394366197183,0.951156812339332,0.940279542566709,0.834418571731899,0,89.9786780383795,92.964824120603,73.2394366197183,95.1156812339332,94.0279542566709,0.770758793838355,0.803830550995163
30,3,0.95,0.899786780383795,0.92964824120603,0.732394366197183,0.951156812339332,0.940279542566709,0.834418571731899,0,89.9786780383795,92.964824120603,73.2394366197183,95.1156812339332,94.0279542566709,0.770758793838355,0.803830550995163
30,10,0.19,0.914712153518124,0.949748743718593,0.71830985915493,0.949748743718593,0.949748743718593,0.860234269941256,0,91.4712153518124,94.9748743718593,71.830985915493,94.9748743718593,94.9748743718593,0.768475740539071,0.802126265430278
30,10,0.2,0.914712153518124,0.949748743718593,0.71830985915493,0.949748743718593,0.949748743718593,0.860234269941256,0,91.4712153518124,94.9748743718593,71.830985915493,94.9748743718593,94.9748743718593,0.768475740539071,0.802126265430278
50,8,0.06,0.914712153518124,0.949748743718593,0.71830985915493,0.949748743718593,0.949748743718593,0.860110411210985,0,91.4712153518124,94.9748743718593,71.830985915493,94.9748743718593,94.9748743718593,0.768475740539071,0.802126265430278
50,8,0.07,0.914712153518124,0.949748743718593,0.71830985915493,0.949748743718593,0.949748743718593,0.860110411210985,0,91.4712153518124,94.9748743718593,71.830985915493,94.9748743718593,94.9748743718593,0.768475740539071,0.802126265430278
50,8,0.08,0.914712153518124,0.949748743718593,0.71830985915493,0.949748743718593,0.949748743718593,0.860110411210985,0,91.4712153518124,94.9748743718593,71.830985915493,94.9748743718593,94.9748743718593,0.768475740539071,0.802126265430278
50,8,0.09,0.914712153518124,0.949748743718593,0.71830985915493,0.949748743718593,0.949748743718593,0.860110411210985,0,91.4712153518124,94.9748743718593,71.830985915493,94.9748743718593,94.9748743718593,0.768475740539071,0.802126265430278
50,8,0.1,0.914712153518124,0.949748743718593,0.71830985915493,0.949748743718593,0.949748743718593,0.860110411210985,0,91.4712153518124,94.9748743718593,71.830985915493,94.9748743718593,94.9748743718593,0.768475740539071,0.802126265430278
50,8,0.11,0.914712153518124,0.949748743718593,0.71830985915493,0.949748743718593,0.949748743718593,0.860110411210985,0,91.4712153518124,94.9748743718593,71.830985915493,94.9748743718593,94.9748743718593,0.768475740539071,0.802126265430278
50,8,0.12,0.914712153518124,0.949748743718593,0.71830985915493,0.949748743718593,0.949748743718593,0.860110411210985,0,91.4712153518124,94.9748743718593,71.830985915493,94.9748743718593,94.9748743718593,0.768475740539071,0.802126265430278
50,8,0.13,0.914712153518124,0.949748743718593,0.71830985915493,0.949748743718593,0.949748743718593,0.860110411210985,0,91.4712153518124,94.9748743718593,71.830985915493,94.9748743718593,94.9748743718593,0.768475740539071,0.802126265430278
50,8,0.14,0.914712153518124,0.949748743718593,0.71830985915493,0.949748743718593,0.949748743718593,0.860110411210985,0,91.4712153518124,94.9748743718593,71.830985915493,94.9748743718593,94.9748743718593,0.768475740539071,0.802126265430278
15,5,0.11,0.895522388059702,0.924623115577889,0.732394366197183,0.950904392764858,0.937579617834395,0.854890650435275,0,89.5522388059701,92.462311557789,73.2394366197183,95.0904392764858,93.7579617834395,0.767105908559501,0.802010684069919
15,5,0.12,0.895522388059702,0.924623115577889,0.732394366197183,0.950904392764858,0.937579617834395,0.854890650435275,0,89.5522388059701,92.462311557789,73.2394366197183,95.0904392764858,93.7579617834395,0.767105908559501,0.802010684069919
15,8,0.19,0.895522388059702,0.924623115577889,0.732394366197183,0.950904392764858,0.937579617834395,0.881520277443556,0,89.5522388059701,92.462311557789,73.2394366197183,95.0904392764858,93.7579617834395,0.767105908559501,0.802010684069919
15,8,0.2,0.895522388059702,0.924623115577889,0.732394366197183,0.950904392764858,0.937579617834395,0.881520277443556,0,89.5522388059701,92.462311557789,73.2394366197183,95.0904392764858,93.7579617834395,0.767105908559501,0.802010684069919
30,2,0.11,0.912579957356077,0.947236180904523,0.71830985915493,0.949622166246851,0.948427672955975,0.842929435911954,0,91.2579957356077,94.7236180904523,71.830985915493,94.9622166246851,94.8427672955975,0.766684421796556,0.801216331967655
30,2,0.12,0.912579957356077,0.947236180904523,0.71830985915493,0.949622166246851,0.948427672955975,0.842929435911954,0,91.2579957356077,94.7236180904523,71.830985915493,94.9622166246851,94.8427672955975,0.766684421796556,0.801216331967655
30,2,0.13,0.912579957356077,0.947236180904523,0.71830985915493,0.949622166246851,0.948427672955975,0.842929435911954,0,91.2579957356077,94.7236180904523,71.830985915493,94.9622166246851,94.8427672955975,0.766684421796556,0.801216331967655
30,2,0.14,0.912579957356077,0.947236180904523,0.71830985915493,0.949622166246851,0.948427672955975,0.842929435911954,0,91.2579957356077,94.7236180904523,71.830985915493,94.9622166246851,94.8427672955975,0.766684421796556,0.801216331967655
30,2,0.15,0.912579957356077,0.947236180904523,0.71830985915493,0.949622166246851,0.948427672955975,0.842929435911954,0,91.2579957356077,94.7236180904523,71.830985915493,94.9622166246851,94.8427672955975,0.766684421796556,0.801216331967655
30,2,0.16,0.912579957356077,0.947236180904523,0.71830985915493,0.949622166246851,0.948427672955975,0.842929435911954,0,91.2579957356077,94.7236180904523,71.830985915493,94.9622166246851,94.8427672955975,0.766684421796556,0.801216331967655
30,2,0.17,0.912579957356077,0.947236180904523,0.71830985915493,0.949622166246851,0.948427672955975,0.842929435911954,0,91.2579957356077,94.7236180904523,71.830985915493,94.9622166246851,94.8427672955975,0.766684421796556,0.801216331967655
30,2,0.18,0.912579957356077,0.947236180904523,0.71830985915493,0.949622166246851,0.948427672955975,0.842929435911954,0,91.2579957356077,94.7236180904523,71.830985915493,94.9622166246851,94.8427672955975,0.766684421796556,0.801216331967655
30,2,0.19,0.912579957356077,0.947236180904523,0.71830985915493,0.949622166246851,0.948427672955975,0.842929435911954,0,91.2579957356077,94.7236180904523,71.830985915493,94.9622166246851,94.8427672955975,0.766684421796556,0.801216331967655
30,2,0.2,0.912579957356077,0.947236180904523,0.71830985915493,0.949622166246851,0.948427672955975,0.842929435911954,0,91.2579957356077,94.7236180904523,71.830985915493,94.9622166246851,94.8427672955975,0.766684421796556,0.801216331967655
30,2,0.21,0.912579957356077,0.947236180904523,0.71830985915493,0.949622166246851,0.948427672955975,0.842929435911954,0,91.2579957356077,94.7236180904523,71.830985915493,94.9622166246851,94.8427672955975,0.766684421796556,0.801216331967655
30,2,0.22,0.912579957356077,0.947236180904523,0.71830985915493,0.949622166246851,0.948427672955975,0.842929435911954,0,91.2579957356077,94.7236180904523,71.830985915493,94.9622166246851,94.8427672955975,0.766684421796556,0.801216331967655
30,2,0.23,0.912579957356077,0.947236180904523,0.71830985915493,0.949622166246851,0.948427672955975,0.842929435911954,0,91.2579957356077,94.7236180904523,71.830985915493,94.9622166246851,94.8427672955975,0.766684421796556,0.801216331967655
30,2,0.24,0.912579957356077,0.947236180904523,0.71830985915493,0.949622166246851,0.948427672955975,0.842929435911954,0,91.2579957356077,94.7236180904523,71.830985915493,94.9622166246851,94.8427672955975,0.766684421796556,0.801216331967655
30,2,0.25,0.912579957356077,0.947236180904523,0.71830985915493,0.949622166246851,0.948427672955975,0.842929435911954,0,91.2579957356077,94.7236180904523,71.830985915493,94.9622166246851,94.8427672955975,0.766684421796556,0.801216331967655
30,2,0.26,0.912579957356077,0.947236180904523,0.71830985915493,0.949622166246851,0.948427672955975,0.842929435911954,0,91.2579957356077,94.7236180904523,71.830985915493,94.9622166246851,94.8427672955975,0.766684421796556,0.801216331967655
30,2,0.27,0.912579957356077,0.947236180904523,0.71830985915493,0.949622166246851,0.948427672955975,0.842929435911954,0,91.2579957356077,94.7236180904523,71.830985915493,94.9622166246851,94.8427672955975,0.766684421796556,0.801216331967655
30,2,0.28,0.912579957356077,0.947236180904523,0.71830985915493,0.949622166246851,0.948427672955975,0.842929435911954,0,91.2579957356077,94.7236180904523,71.830985915493,94.9622166246851,94.8427672955975,0.766684421796556,0.801216331967655
30,2,0.29,0.912579957356077,0.947236180904523,0.71830985915493,0.949622166246851,0.948427672955975,0.842929435911954,0,91.2579957356077,94.7236180904523,71.830985915493,94.9622166246851,94.8427672955975,0.766684421796556,0.801216331967655
30,2,0.3,0.912579957356077,0.947236180904523,0.71830985915493,0.949622166246851,0.948427672955975,0.842929435911954,0,91.2579957356077,94.7236180904523,71.830985915493,94.9622166246851,94.8427672955975,0.766684421796556,0.801216331967655
30,2,0.31,0.912579957356077,0.947236180904523,0.71830985915493,0.949622166246851,0.948427672955975,0.842929435911954,0,91.2579957356077,94.7236180904523,71.830985915493,94.9622166246851,94.8427672955975,0.766684421796556,0.801216331967655
30,2,0.32,0.912579957356077,0.947236180904523,0.71830985915493,0.949622166246851,0.948427672955975,0.842929435911954,0,91.2579957356077,94.7236180904523,71.830985915493,94.9622166246851,94.8427672955975,0.766684421796556,0.801216331967655
30,2,0.33,0.912579957356077,0.947236180904523,0.71830985915493,0.949622166246851,0.948427672955975,0.842929435911954,0,91.2579957356077,94.7236180904523,71.830985915493,94.9622166246851,94.8427672955975,0.766684421796556,0.801216331967655
30,2,0.34,0.912579957356077,0.947236180904523,0.71830985915493,0.949622166246851,0.948427672955975,0.842929435911954,0,91.2579957356077,94.7236180904523,71.830985915493,94.9622166246851,94.8427672955975,0.766684421796556,0.801216331967655
30,2,0.35,0.912579957356077,0.947236180904523,0.71830985915493,0.949622166246851,0.948427672955975,0.842929435911954,0,91.2579957356077,94.7236180904523,71.830985915493,94.9622166246851,94.8427672955975,0.766684421796556,0.801216331967655
30,2,0.36,0.912579957356077,0.947236180904523,0.71830985915493,0.949622166246851,0.948427672955975,0.842929435911954,0,91.2579957356077,94.7236180904523,71.830985915493,94.9622166246851,94.8427672955975,0.766684421796556,0.801216331967655
30,2,0.37,0.912579957356077,0.947236180904523,0.71830985915493,0.949622166246851,0.948427672955975,0.842929435911954,0,91.2579957356077,94.7236180904523,71.830985915493,94.9622166246851,94.8427672955975,0.766684421796556,0.801216331967655
10,8,0.21,0.893390191897655,0.922110552763819,0.732394366197183,0.950777202072539,0.936224489795918,0.902045438459905,0,89.3390191897655,92.2110552763819,73.2394366197183,95.0777202072539,93.6224489795918,0.765279465920073,0.801100750607296
30,10,0.21,0.91044776119403,0.944723618090452,0.71830985915493,0.94949494949495,0.947103274559194,0.860234269941256,0,91.044776119403,94.4723618090452,71.830985915493,94.9494949494949,94.7103274559194,0.76489310305404,0.800306398505033
30,10,0.22,0.91044776119403,0.944723618090452,0.71830985915493,0.94949494949495,0.947103274559194,0.860234269941256,0,91.044776119403,94.4723618090452,71.830985915493,94.9494949494949,94.7103274559194,0.76489310305404,0.800306398505033
30,10,0.23,0.91044776119403,0.944723618090452,0.71830985915493,0.94949494949495,0.947103274559194,0.860234269941256,0,91.044776119403,94.4723618090452,71.830985915493,94.9494949494949,94.7103274559194,0.76489310305404,0.800306398505033
30,10,0.24,0.91044776119403,0.944723618090452,0.71830985915493,0.94949494949495,0.947103274559194,0.860234269941256,0,91.044776119403,94.4723618090452,71.830985915493,94.9494949494949,94.7103274559194,0.76489310305404,0.800306398505033
30,10,0.25,0.91044776119403,0.944723618090452,0.71830985915493,0.94949494949495,0.947103274559194,0.860234269941256,0,91.044776119403,94.4723618090452,71.830985915493,94.9494949494949,94.7103274559194,0.76489310305404,0.800306398505033
30,10,0.26,0.91044776119403,0.944723618090452,0.71830985915493,0.94949494949495,0.947103274559194,0.860234269941256,0,91.044776119403,94.4723618090452,71.830985915493,94.9494949494949,94.7103274559194,0.76489310305404,0.800306398505033
30,10,0.27,0.91044776119403,0.944723618090452,0.71830985915493,0.94949494949495,0.947103274559194,0.860234269941256,0,91.044776119403,94.4723618090452,71.830985915493,94.9494949494949,94.7103274559194,0.76489310305404,0.800306398505033
30,10,0.28,0.91044776119403,0.944723618090452,0.71830985915493,0.94949494949495,0.947103274559194,0.860234269941256,0,91.044776119403,94.4723618090452,71.830985915493,94.9494949494949,94.7103274559194,0.76489310305404,0.800306398505033
30,10,0.29,0.91044776119403,0.944723618090452,0.71830985915493,0.94949494949495,0.947103274559194,0.860234269941256,0,91.044776119403,94.4723618090452,71.830985915493,94.9494949494949,94.7103274559194,0.76489310305404,0.800306398505033
30,10,0.3,0.91044776119403,0.944723618090452,0.71830985915493,0.94949494949495,0.947103274559194,0.860234269941256,0,91.044776119403,94.4723618090452,71.830985915493,94.9494949494949,94.7103274559194,0.76489310305404,0.800306398505033
30,10,0.31,0.91044776119403,0.944723618090452,0.71830985915493,0.94949494949495,0.947103274559194,0.860234269941256,0,91.044776119403,94.4723618090452,71.830985915493,94.9494949494949,94.7103274559194,0.76489310305404,0.800306398505033
30,10,0.32,0.91044776119403,0.944723618090452,0.71830985915493,0.94949494949495,0.947103274559194,0.860234269941256,0,91.044776119403,94.4723618090452,71.830985915493,94.9494949494949,94.7103274559194,0.76489310305404,0.800306398505033
30,10,0.33,0.91044776119403,0.944723618090452,0.71830985915493,0.94949494949495,0.947103274559194,0.860234269941256,0,91.044776119403,94.4723618090452,71.830985915493,94.9494949494949,94.7103274559194,0.76489310305404,0.800306398505033
30,10,0.34,0.91044776119403,0.944723618090452,0.71830985915493,0.94949494949495,0.947103274559194,0.860234269941256,0,91.044776119403,94.4723618090452,71.830985915493,94.9494949494949,94.7103274559194,0.76489310305404,0.800306398505033
30,10,0.35,0.91044776119403,0.944723618090452,0.71830985915493,0.94949494949495,0.947103274559194,0.860234269941256,0,91.044776119403,94.4723618090452,71.830985915493,94.9494949494949,94.7103274559194,0.76489310305404,0.800306398505033
30,10,0.36,0.91044776119403,0.944723618090452,0.71830985915493,0.94949494949495,0.947103274559194,0.860234269941256,0,91.044776119403,94.4723618090452,71.830985915493,94.9494949494949,94.7103274559194,0.76489310305404,0.800306398505033
30,10,0.37,0.91044776119403,0.944723618090452,0.71830985915493,0.94949494949495,0.947103274559194,0.860234269941256,0,91.044776119403,94.4723618090452,71.830985915493,94.9494949494949,94.7103274559194,0.76489310305404,0.800306398505033
30,10,0.38,0.91044776119403,0.944723618090452,0.71830985915493,0.94949494949495,0.947103274559194,0.860234269941256,0,91.044776119403,94.4723618090452,71.830985915493,94.9494949494949,94.7103274559194,0.76489310305404,0.800306398505033
30,10,0.39,0.91044776119403,0.944723618090452,0.71830985915493,0.94949494949495,0.947103274559194,0.860234269941256,0,91.044776119403,94.4723618090452,71.830985915493,94.9494949494949,94.7103274559194,0.76489310305404,0.800306398505033
30,10,0.4,0.91044776119403,0.944723618090452,0.71830985915493,0.94949494949495,0.947103274559194,0.860234269941256,0,91.044776119403,94.4723618090452,71.830985915493,94.9494949494949,94.7103274559194,0.76489310305404,0.800306398505033
30,10,0.41,0.91044776119403,0.944723618090452,0.71830985915493,0.94949494949495,0.947103274559194,0.860234269941256,0,91.044776119403,94.4723618090452,71.830985915493,94.9494949494949,94.7103274559194,0.76489310305404,0.800306398505033
30,10,0.42,0.91044776119403,0.944723618090452,0.71830985915493,0.94949494949495,0.947103274559194,0.860234269941256,0,91.044776119403,94.4723618090452,71.830985915493,94.9494949494949,94.7103274559194,0.76489310305404,0.800306398505033
30,10,0.43,0.91044776119403,0.944723618090452,0.71830985915493,0.94949494949495,0.947103274559194,0.860234269941256,0,91.044776119403,94.4723618090452,71.830985915493,94.9494949494949,94.7103274559194,0.76489310305404,0.800306398505033
15,8,0.21,0.891257995735608,0.919597989949749,0.732394366197183,0.950649350649351,0.934865900383142,0.881520277443556,0,89.1257995735608,91.9597989949749,73.2394366197183,95.0649350649351,93.4865900383142,0.763453023280646,0.800190817144674
15,8,0.22,0.891257995735608,0.919597989949749,0.732394366197183,0.950649350649351,0.934865900383142,0.881520277443556,0,89.1257995735608,91.9597989949749,73.2394366197183,95.0649350649351,93.4865900383142,0.763453023280646,0.800190817144674
15,8,0.23,0.891257995735608,0.919597989949749,0.732394366197183,0.950649350649351,0.934865900383142,0.881520277443556,0,89.1257995735608,91.9597989949749,73.2394366197183,95.0649350649351,93.4865900383142,0.763453023280646,0.800190817144674
15,8,0.24,0.891257995735608,0.919597989949749,0.732394366197183,0.950649350649351,0.934865900383142,0.881520277443556,0,89.1257995735608,91.9597989949749,73.2394366197183,95.0649350649351,93.4865900383142,0.763453023280646,0.800190817144674
15,8,0.25,0.891257995735608,0.919597989949749,0.732394366197183,0.950649350649351,0.934865900383142,0.881520277443556,0,89.1257995735608,91.9597989949749,73.2394366197183,95.0649350649351,93.4865900383142,0.763453023280646,0.800190817144674
15,8,0.26,0.891257995735608,0.919597989949749,0.732394366197183,0.950649350649351,0.934865900383142,0.881520277443556,0,89.1257995735608,91.9597989949749,73.2394366197183,95.0649350649351,93.4865900383142,0.763453023280646,0.800190817144674
15,8,0.27,0.891257995735608,0.919597989949749,0.732394366197183,0.950649350649351,0.934865900383142,0.881520277443556,0,89.1257995735608,91.9597989949749,73.2394366197183,95.0649350649351,93.4865900383142,0.763453023280646,0.800190817144674
15,8,0.28,0.891257995735608,0.919597989949749,0.732394366197183,0.950649350649351,0.934865900383142,0.881520277443556,0,89.1257995735608,91.9597989949749,73.2394366197183,95.0649350649351,93.4865900383142,0.763453023280646,0.800190817144674
20,8,0.1,0.908315565031983,0.942211055276382,0.71830985915493,0.949367088607595,0.94577553593947,0.880670960435983,0,90.8315565031983,94.2211055276382,71.830985915493,94.9367088607595,94.577553593947,0.763101784311525,0.799396465042411
20,8,0.11,0.908315565031983,0.942211055276382,0.71830985915493,0.949367088607595,0.94577553593947,0.880670960435983,0,90.8315565031983,94.2211055276382,71.830985915493,94.9367088607595,94.577553593947,0.763101784311525,0.799396465042411
50,3,0.08,0.908315565031983,0.942211055276382,0.71830985915493,0.949367088607595,0.94577553593947,0.8588187415953,0,90.8315565031983,94.2211055276382,71.830985915493,94.9367088607595,94.577553593947,0.763101784311525,0.799396465042411
50,3,0.09,0.908315565031983,0.942211055276382,0.71830985915493,0.949367088607595,0.94577553593947,0.8588187415953,0,90.8315565031983,94.2211055276382,71.830985915493,94.9367088607595,94.577553593947,0.763101784311525,0.799396465042411
30,8,0.59,0.889125799573561,0.917085427135678,0.732394366197183,0.950520833333333,0.933503836317136,0.867541935027249,0,88.9125799573561,91.7085427135678,73.2394366197183,95.0520833333333,93.3503836317136,0.761626580641218,0.799280883682052
30,8,0.6,0.889125799573561,0.917085427135678,0.732394366197183,0.950520833333333,0.933503836317136,0.867541935027249,0,88.9125799573561,91.7085427135678,73.2394366197183,95.0520833333333,93.3503836317136,0.761626580641218,0.799280883682052
30,8,0.61,0.889125799573561,0.917085427135678,0.732394366197183,0.950520833333333,0.933503836317136,0.867541935027249,0,88.9125799573561,91.7085427135678,73.2394366197183,95.0520833333333,93.3503836317136,0.761626580641218,0.799280883682052
50,5,0.11,0.889125799573561,0.917085427135678,0.732394366197183,0.950520833333333,0.933503836317136,0.861738268808833,0,88.9125799573561,91.7085427135678,73.2394366197183,95.0520833333333,93.3503836317136,0.761626580641218,0.799280883682052
20,1,0.49,0.906183368869936,0.939698492462312,0.71830985915493,0.949238578680203,0.944444444444445,0.82760634156699,0,90.6183368869936,93.9698492462311,71.830985915493,94.9238578680203,94.4444444444445,0.76131046556901,0.798486531579789
20,1,0.5,0.906183368869936,0.939698492462312,0.71830985915493,0.949238578680203,0.944444444444445,0.82760634156699,0,90.6183368869936,93.9698492462311,71.830985915493,94.9238578680203,94.4444444444445,0.76131046556901,0.798486531579789
20,1,0.51,0.906183368869936,0.939698492462312,0.71830985915493,0.949238578680203,0.944444444444445,0.82760634156699,0,90.6183368869936,93.9698492462311,71.830985915493,94.9238578680203,94.4444444444445,0.76131046556901,0.798486531579789
20,1,0.52,0.906183368869936,0.939698492462312,0.71830985915493,0.949238578680203,0.944444444444445,0.82760634156699,0,90.6183368869936,93.9698492462311,71.830985915493,94.9238578680203,94.4444444444445,0.76131046556901,0.798486531579789
20,1,0.53,0.906183368869936,0.939698492462312,0.71830985915493,0.949238578680203,0.944444444444445,0.82760634156699,0,90.6183368869936,93.9698492462311,71.830985915493,94.9238578680203,94.4444444444445,0.76131046556901,0.798486531579789
20,1,0.54,0.906183368869936,0.939698492462312,0.71830985915493,0.949238578680203,0.944444444444445,0.82760634156699,0,90.6183368869936,93.9698492462311,71.830985915493,94.9238578680203,94.4444444444445,0.76131046556901,0.798486531579789
20,1,0.55,0.906183368869936,0.939698492462312,0.71830985915493,0.949238578680203,0.944444444444445,0.82760634156699,0,90.6183368869936,93.9698492462311,71.830985915493,94.9238578680203,94.4444444444445,0.76131046556901,0.798486531579789
20,1,0.56,0.906183368869936,0.939698492462312,0.71830985915493,0.949238578680203,0.944444444444445,0.82760634156699,0,90.6183368869936,93.9698492462311,71.830985915493,94.9238578680203,94.4444444444445,0.76131046556901,0.798486531579789
20,1,0.57,0.906183368869936,0.939698492462312,0.71830985915493,0.949238578680203,0.944444444444445,0.82760634156699,0,90.6183368869936,93.9698492462311,71.830985915493,94.9238578680203,94.4444444444445,0.76131046556901,0.798486531579789
20,1,0.58,0.906183368869936,0.939698492462312,0.71830985915493,0.949238578680203,0.944444444444445,0.82760634156699,0,90.6183368869936,93.9698492462311,71.830985915493,94.9238578680203,94.4444444444445,0.76131046556901,0.798486531579789
20,1,0.59,0.906183368869936,0.939698492462312,0.71830985915493,0.949238578680203,0.944444444444445,0.82760634156699,0,90.6183368869936,93.9698492462311,71.830985915493,94.9238578680203,94.4444444444445,0.76131046556901,0.798486531579789
20,1,0.6,0.906183368869936,0.939698492462312,0.71830985915493,0.949238578680203,0.944444444444445,0.82760634156699,0,90.6183368869936,93.9698492462311,71.830985915493,94.9238578680203,94.4444444444445,0.76131046556901,0.798486531579789
20,1,0.61,0.906183368869936,0.939698492462312,0.71830985915493,0.949238578680203,0.944444444444445,0.82760634156699,0,90.6183368869936,93.9698492462311,71.830985915493,94.9238578680203,94.4444444444445,0.76131046556901,0.798486531579789
20,1,0.62,0.906183368869936,0.939698492462312,0.71830985915493,0.949238578680203,0.944444444444445,0.82760634156699,0,90.6183368869936,93.9698492462311,71.830985915493,94.9238578680203,94.4444444444445,0.76131046556901,0.798486531579789
20,1,0.63,0.906183368869936,0.939698492462312,0.71830985915493,0.949238578680203,0.944444444444445,0.82760634156699,0,90.6183368869936,93.9698492462311,71.830985915493,94.9238578680203,94.4444444444445,0.76131046556901,0.798486531579789
20,1,0.64,0.906183368869936,0.939698492462312,0.71830985915493,0.949238578680203,0.944444444444445,0.82760634156699,0,90.6183368869936,93.9698492462311,71.830985915493,94.9238578680203,94.4444444444445,0.76131046556901,0.798486531579789
20,1,0.65,0.906183368869936,0.939698492462312,0.71830985915493,0.949238578680203,0.944444444444445,0.82760634156699,0,90.6183368869936,93.9698492462311,71.830985915493,94.9238578680203,94.4444444444445,0.76131046556901,0.798486531579789
20,1,0.66,0.906183368869936,0.939698492462312,0.71830985915493,0.949238578680203,0.944444444444445,0.82760634156699,0,90.6183368869936,93.9698492462311,71.830985915493,94.9238578680203,94.4444444444445,0.76131046556901,0.798486531579789
20,1,0.67,0.906183368869936,0.939698492462312,0.71830985915493,0.949238578680203,0.944444444444445,0.82760634156699,0,90.6183368869936,93.9698492462311,71.830985915493,94.9238578680203,94.4444444444445,0.76131046556901,0.798486531579789
20,1,0.68,0.906183368869936,0.939698492462312,0.71830985915493,0.949238578680203,0.944444444444445,0.82760634156699,0,90.6183368869936,93.9698492462311,71.830985915493,94.9238578680203,94.4444444444445,0.76131046556901,0.798486531579789
20,1,0.69,0.906183368869936,0.939698492462312,0.71830985915493,0.949238578680203,0.944444444444445,0.82760634156699,0,90.6183368869936,93.9698492462311,71.830985915493,94.9238578680203,94.4444444444445,0.76131046556901,0.798486531579789
20,1,0.7,0.906183368869936,0.939698492462312,0.71830985915493,0.949238578680203,0.944444444444445,0.82760634156699,0,90.6183368869936,93.9698492462311,71.830985915493,94.9238578680203,94.4444444444445,0.76131046556901,0.798486531579789
20,1,0.71,0.906183368869936,0.939698492462312,0.71830985915493,0.949238578680203,0.944444444444445,0.82760634156699,0,90.6183368869936,93.9698492462311,71.830985915493,94.9238578680203,94.4444444444445,0.76131046556901,0.798486531579789
20,1,0.72,0.906183368869936,0.939698492462312,0.71830985915493,0.949238578680203,0.944444444444445,0.82760634156699,0,90.6183368869936,93.9698492462311,71.830985915493,94.9238578680203,94.4444444444445,0.76131046556901,0.798486531579789
20,1,0.73,0.906183368869936,0.939698492462312,0.71830985915493,0.949238578680203,0.944444444444445,0.82760634156699,0,90.6183368869936,93.9698492462311,71.830985915493,94.9238578680203,94.4444444444445,0.76131046556901,0.798486531579789
20,1,0.74,0.906183368869936,0.939698492462312,0.71830985915493,0.949238578680203,0.944444444444445,0.82760634156699,0,90.6183368869936,93.9698492462311,71.830985915493,94.9238578680203,94.4444444444445,0.76131046556901,0.798486531579789
20,1,0.75,0.906183368869936,0.939698492462312,0.71830985915493,0.949238578680203,0.944444444444445,0.82760634156699,0,90.6183368869936,93.9698492462311,71.830985915493,94.9238578680203,94.4444444444445,0.76131046556901,0.798486531579789
20,1,0.76,0.906183368869936,0.939698492462312,0.71830985915493,0.949238578680203,0.944444444444445,0.82760634156699,0,90.6183368869936,93.9698492462311,71.830985915493,94.9238578680203,94.4444444444445,0.76131046556901,0.798486531579789
20,1,0.77,0.906183368869936,0.939698492462312,0.71830985915493,0.949238578680203,0.944444444444445,0.82760634156699,0,90.6183368869936,93.9698492462311,71.830985915493,94.9238578680203,94.4444444444445,0.76131046556901,0.798486531579789
20,1,0.78,0.906183368869936,0.939698492462312,0.71830985915493,0.949238578680203,0.944444444444445,0.82760634156699,0,90.6183368869936,93.9698492462311,71.830985915493,94.9238578680203,94.4444444444445,0.76131046556901,0.798486531579789
20,1,0.79,0.906183368869936,0.939698492462312,0.71830985915493,0.949238578680203,0.944444444444445,0.82760634156699,0,90.6183368869936,93.9698492462311,71.830985915493,94.9238578680203,94.4444444444445,0.76131046556901,0.798486531579789
20,1,0.8,0.906183368869936,0.939698492462312,0.71830985915493,0.949238578680203,0.944444444444445,0.82760634156699,0,90.6183368869936,93.9698492462311,71.830985915493,94.9238578680203,94.4444444444445,0.76131046556901,0.798486531579789
20,1,0.81,0.906183368869936,0.939698492462312,0.71830985915493,0.949238578680203,0.944444444444445,0.82760634156699,0,90.6183368869936,93.9698492462311,71.830985915493,94.9238578680203,94.4444444444445,0.76131046556901,0.798486531579789
20,1,0.82,0.906183368869936,0.939698492462312,0.71830985915493,0.949238578680203,0.944444444444445,0.82760634156699,0,90.6183368869936,93.9698492462311,71.830985915493,94.9238578680203,94.4444444444445,0.76131046556901,0.798486531579789
20,1,0.83,0.906183368869936,0.939698492462312,0.71830985915493,0.949238578680203,0.944444444444445,0.82760634156699,0,90.6183368869936,93.9698492462311,71.830985915493,94.9238578680203,94.4444444444445,0.76131046556901,0.798486531579789
20,1,0.84,0.906183368869936,0.939698492462312,0.71830985915493,0.949238578680203,0.944444444444445,0.82760634156699,0,90.6183368869936,93.9698492462311,71.830985915493,94.9238578680203,94.4444444444445,0.76131046556901,0.798486531579789
20,1,0.85,0.906183368869936,0.939698492462312,0.71830985915493,0.949238578680203,0.944444444444445,0.82760634156699,0,90.6183368869936,93.9698492462311,71.830985915493,94.9238578680203,94.4444444444445,0.76131046556901,0.798486531579789
20,1,0.86,0.906183368869936,0.939698492462312,0.71830985915493,0.949238578680203,0.944444444444445,0.82760634156699,0,90.6183368869936,93.9698492462311,71.830985915493,94.9238578680203,94.4444444444445,0.76131046556901,0.798486531579789
20,1,0.87,0.906183368869936,0.939698492462312,0.71830985915493,0.949238578680203,0.944444444444445,0.82760634156699,0,90.6183368869936,93.9698492462311,71.830985915493,94.9238578680203,94.4444444444445,0.76131046556901,0.798486531579789
20,1,0.88,0.906183368869936,0.939698492462312,0.71830985915493,0.949238578680203,0.944444444444445,0.82760634156699,0,90.6183368869936,93.9698492462311,71.830985915493,94.9238578680203,94.4444444444445,0.76131046556901,0.798486531579789
20,1,0.89,0.906183368869936,0.939698492462312,0.71830985915493,0.949238578680203,0.944444444444445,0.82760634156699,0,90.6183368869936,93.9698492462311,71.830985915493,94.9238578680203,94.4444444444445,0.76131046556901,0.798486531579789
20,1,0.9,0.906183368869936,0.939698492462312,0.71830985915493,0.949238578680203,0.944444444444445,0.82760634156699,0,90.6183368869936,93.9698492462311,71.830985915493,94.9238578680203,94.4444444444445,0.76131046556901,0.798486531579789
20,1,0.91,0.906183368869936,0.939698492462312,0.71830985915493,0.949238578680203,0.944444444444445,0.82760634156699,0,90.6183368869936,93.9698492462311,71.830985915493,94.9238578680203,94.4444444444445,0.76131046556901,0.798486531579789
20,1,0.92,0.906183368869936,0.939698492462312,0.71830985915493,0.949238578680203,0.944444444444445,0.82760634156699,0,90.6183368869936,93.9698492462311,71.830985915493,94.9238578680203,94.4444444444445,0.76131046556901,0.798486531579789
20,1,0.93,0.906183368869936,0.939698492462312,0.71830985915493,0.949238578680203,0.944444444444445,0.82760634156699,0,90.6183368869936,93.9698492462311,71.830985915493,94.9238578680203,94.4444444444445,0.76131046556901,0.798486531579789
20,1,0.94,0.906183368869936,0.939698492462312,0.71830985915493,0.949238578680203,0.944444444444445,0.82760634156699,0,90.6183368869936,93.9698492462311,71.830985915493,94.9238578680203,94.4444444444445,0.76131046556901,0.798486531579789
20,1,0.95,0.906183368869936,0.939698492462312,0.71830985915493,0.949238578680203,0.944444444444445,0.82760634156699,0,90.6183368869936,93.9698492462311,71.830985915493,94.9238578680203,94.4444444444445,0.76131046556901,0.798486531579789
30,10,0.44,0.906183368869936,0.939698492462312,0.71830985915493,0.949238578680203,0.944444444444445,0.860234269941256,0,90.6183368869936,93.9698492462311,71.830985915493,94.9238578680203,94.4444444444445,0.76131046556901,0.798486531579789
40,10,0.07,0.906183368869936,0.939698492462312,0.71830985915493,0.949238578680203,0.944444444444445,0.909069997876707,0,90.6183368869936,93.9698492462311,71.830985915493,94.9238578680203,94.4444444444445,0.76131046556901,0.798486531579789
40,10,0.08,0.906183368869936,0.939698492462312,0.71830985915493,0.949238578680203,0.944444444444445,0.909069997876707,0,90.6183368869936,93.9698492462311,71.830985915493,94.9238578680203,94.4444444444445,0.76131046556901,0.798486531579789
40,10,0.09,0.906183368869936,0.939698492462312,0.71830985915493,0.949238578680203,0.944444444444445,0.909069997876707,0,90.6183368869936,93.9698492462311,71.830985915493,94.9238578680203,94.4444444444445,0.76131046556901,0.798486531579789
50,2,0.71,0.906183368869936,0.939698492462312,0.71830985915493,0.949238578680203,0.944444444444445,0.82286432160804,0,90.6183368869936,93.9698492462311,71.830985915493,94.9238578680203,94.4444444444445,0.76131046556901,0.798486531579789
50,2,0.72,0.906183368869936,0.939698492462312,0.71830985915493,0.949238578680203,0.944444444444445,0.82286432160804,0,90.6183368869936,93.9698492462311,71.830985915493,94.9238578680203,94.4444444444445,0.76131046556901,0.798486531579789
50,2,0.73,0.906183368869936,0.939698492462312,0.71830985915493,0.949238578680203,0.944444444444445,0.82286432160804,0,90.6183368869936,93.9698492462311,71.830985915493,94.9238578680203,94.4444444444445,0.76131046556901,0.798486531579789
50,2,0.74,0.906183368869936,0.939698492462312,0.71830985915493,0.949238578680203,0.944444444444445,0.82286432160804,0,90.6183368869936,93.9698492462311,71.830985915493,94.9238578680203,94.4444444444445,0.76131046556901,0.798486531579789
50,2,0.75,0.906183368869936,0.939698492462312,0.71830985915493,0.949238578680203,0.944444444444445,0.82286432160804,0,90.6183368869936,93.9698492462311,71.830985915493,94.9238578680203,94.4444444444445,0.76131046556901,0.798486531579789
50,2,0.76,0.906183368869936,0.939698492462312,0.71830985915493,0.949238578680203,0.944444444444445,0.82286432160804,0,90.6183368869936,93.9698492462311,71.830985915493,94.9238578680203,94.4444444444445,0.76131046556901,0.798486531579789
50,2,0.77,0.906183368869936,0.939698492462312,0.71830985915493,0.949238578680203,0.944444444444445,0.82286432160804,0,90.6183368869936,93.9698492462311,71.830985915493,94.9238578680203,94.4444444444445,0.76131046556901,0.798486531579789
50,2,0.78,0.906183368869936,0.939698492462312,0.71830985915493,0.949238578680203,0.944444444444445,0.82286432160804,0,90.6183368869936,93.9698492462311,71.830985915493,94.9238578680203,94.4444444444445,0.76131046556901,0.798486531579789
50,2,0.79,0.906183368869936,0.939698492462312,0.71830985915493,0.949238578680203,0.944444444444445,0.82286432160804,0,90.6183368869936,93.9698492462311,71.830985915493,94.9238578680203,94.4444444444445,0.76131046556901,0.798486531579789
50,2,0.8,0.906183368869936,0.939698492462312,0.71830985915493,0.949238578680203,0.944444444444445,0.82286432160804,0,90.6183368869936,93.9698492462311,71.830985915493,94.9238578680203,94.4444444444445,0.76131046556901,0.798486531579789
50,2,0.81,0.906183368869936,0.939698492462312,0.71830985915493,0.949238578680203,0.944444444444445,0.82286432160804,0,90.6183368869936,93.9698492462311,71.830985915493,94.9238578680203,94.4444444444445,0.76131046556901,0.798486531579789
50,2,0.82,0.906183368869936,0.939698492462312,0.71830985915493,0.949238578680203,0.944444444444445,0.82286432160804,0,90.6183368869936,93.9698492462311,71.830985915493,94.9238578680203,94.4444444444445,0.76131046556901,0.798486531579789
50,2,0.83,0.906183368869936,0.939698492462312,0.71830985915493,0.949238578680203,0.944444444444445,0.82286432160804,0,90.6183368869936,93.9698492462311,71.830985915493,94.9238578680203,94.4444444444445,0.76131046556901,0.798486531579789
50,2,0.84,0.906183368869936,0.939698492462312,0.71830985915493,0.949238578680203,0.944444444444445,0.82286432160804,0,90.6183368869936,93.9698492462311,71.830985915493,94.9238578680203,94.4444444444445,0.76131046556901,0.798486531579789
50,2,0.85,0.906183368869936,0.939698492462312,0.71830985915493,0.949238578680203,0.944444444444445,0.82286432160804,0,90.6183368869936,93.9698492462311,71.830985915493,94.9238578680203,94.4444444444445,0.76131046556901,0.798486531579789
50,2,0.86,0.906183368869936,0.939698492462312,0.71830985915493,0.949238578680203,0.944444444444445,0.82286432160804,0,90.6183368869936,93.9698492462311,71.830985915493,94.9238578680203,94.4444444444445,0.76131046556901,0.798486531579789
50,2,0.87,0.906183368869936,0.939698492462312,0.71830985915493,0.949238578680203,0.944444444444445,0.82286432160804,0,90.6183368869936,93.9698492462311,71.830985915493,94.9238578680203,94.4444444444445,0.76131046556901,0.798486531579789
50,2,0.88,0.906183368869936,0.939698492462312,0.71830985915493,0.949238578680203,0.944444444444445,0.82286432160804,0,90.6183368869936,93.9698492462311,71.830985915493,94.9238578680203,94.4444444444445,0.76131046556901,0.798486531579789
50,2,0.89,0.906183368869936,0.939698492462312,0.71830985915493,0.949238578680203,0.944444444444445,0.82286432160804,0,90.6183368869936,93.9698492462311,71.830985915493,94.9238578680203,94.4444444444445,0.76131046556901,0.798486531579789
50,2,0.9,0.906183368869936,0.939698492462312,0.71830985915493,0.949238578680203,0.944444444444445,0.82286432160804,0,90.6183368869936,93.9698492462311,71.830985915493,94.9238578680203,94.4444444444445,0.76131046556901,0.798486531579789
50,2,0.91,0.906183368869936,0.939698492462312,0.71830985915493,0.949238578680203,0.944444444444445,0.82286432160804,0,90.6183368869936,93.9698492462311,71.830985915493,94.9238578680203,94.4444444444445,0.76131046556901,0.798486531579789
50,2,0.92,0.906183368869936,0.939698492462312,0.71830985915493,0.949238578680203,0.944444444444445,0.82286432160804,0,90.6183368869936,93.9698492462311,71.830985915493,94.9238578680203,94.4444444444445,0.76131046556901,0.798486531579789
50,2,0.93,0.906183368869936,0.939698492462312,0.71830985915493,0.949238578680203,0.944444444444445,0.82286432160804,0,90.6183368869936,93.9698492462311,71.830985915493,94.9238578680203,94.4444444444445,0.76131046556901,0.798486531579789
50,2,0.94,0.906183368869936,0.939698492462312,0.71830985915493,0.949238578680203,0.944444444444445,0.82286432160804,0,90.6183368869936,93.9698492462311,71.830985915493,94.9238578680203,94.4444444444445,0.76131046556901,0.798486531579789
50,2,0.95,0.906183368869936,0.939698492462312,0.71830985915493,0.949238578680203,0.944444444444445,0.82286432160804,0,90.6183368869936,93.9698492462311,71.830985915493,94.9238578680203,94.4444444444445,0.76131046556901,0.798486531579789
10,1,0.15,0.886993603411514,0.914572864321608,0.732394366197183,0.950391644908616,0.93213828425096,0.899002052516102,0,88.6993603411514,91.4572864321608,73.2394366197183,95.0391644908616,93.213828425096,0.759800138001791,0.798370950219429
20,5,0.44,0.904051172707889,0.937185929648241,0.71830985915493,0.94910941475827,0.943109987357775,0.890261164979829,0,90.4051172707889,93.7185929648241,71.830985915493,94.910941475827,94.3109987357775,0.759519146826494,0.797576598117166
30,8,0.06,0.904051172707889,0.937185929648241,0.71830985915493,0.94910941475827,0.943109987357775,0.867541935027249,0,90.4051172707889,93.7185929648241,71.830985915493,94.910941475827,94.3109987357775,0.759519146826494,0.797576598117166
40,3,0.78,0.904051172707889,0.937185929648241,0.71830985915493,0.94910941475827,0.943109987357775,0.826120036803737,0,90.4051172707889,93.7185929648241,71.830985915493,94.910941475827,94.3109987357775,0.759519146826494,0.797576598117166
40,3,0.79,0.904051172707889,0.937185929648241,0.71830985915493,0.94910941475827,0.943109987357775,0.826120036803737,0,90.4051172707889,93.7185929648241,71.830985915493,94.910941475827,94.3109987357775,0.759519146826494,0.797576598117166
40,3,0.8,0.904051172707889,0.937185929648241,0.71830985915493,0.94910941475827,0.943109987357775,0.826120036803737,0,90.4051172707889,93.7185929648241,71.830985915493,94.910941475827,94.3109987357775,0.759519146826494,0.797576598117166
40,3,0.81,0.904051172707889,0.937185929648241,0.71830985915493,0.94910941475827,0.943109987357775,0.826120036803737,0,90.4051172707889,93.7185929648241,71.830985915493,94.910941475827,94.3109987357775,0.759519146826494,0.797576598117166
40,3,0.82,0.904051172707889,0.937185929648241,0.71830985915493,0.94910941475827,0.943109987357775,0.826120036803737,0,90.4051172707889,93.7185929648241,71.830985915493,94.910941475827,94.3109987357775,0.759519146826494,0.797576598117166
40,3,0.83,0.904051172707889,0.937185929648241,0.71830985915493,0.94910941475827,0.943109987357775,0.826120036803737,0,90.4051172707889,93.7185929648241,71.830985915493,94.910941475827,94.3109987357775,0.759519146826494,0.797576598117166
40,3,0.84,0.904051172707889,0.937185929648241,0.71830985915493,0.94910941475827,0.943109987357775,0.826120036803737,0,90.4051172707889,93.7185929648241,71.830985915493,94.910941475827,94.3109987357775,0.759519146826494,0.797576598117166
40,3,0.85,0.904051172707889,0.937185929648241,0.71830985915493,0.94910941475827,0.943109987357775,0.826120036803737,0,90.4051172707889,93.7185929648241,71.830985915493,94.910941475827,94.3109987357775,0.759519146826494,0.797576598117166
40,3,0.86,0.904051172707889,0.937185929648241,0.71830985915493,0.94910941475827,0.943109987357775,0.826120036803737,0,90.4051172707889,93.7185929648241,71.830985915493,94.910941475827,94.3109987357775,0.759519146826494,0.797576598117166
40,3,0.87,0.904051172707889,0.937185929648241,0.71830985915493,0.94910941475827,0.943109987357775,0.826120036803737,0,90.4051172707889,93.7185929648241,71.830985915493,94.910941475827,94.3109987357775,0.759519146826494,0.797576598117166
40,3,0.88,0.904051172707889,0.937185929648241,0.71830985915493,0.94910941475827,0.943109987357775,0.826120036803737,0,90.4051172707889,93.7185929648241,71.830985915493,94.910941475827,94.3109987357775,0.759519146826494,0.797576598117166
40,3,0.89,0.904051172707889,0.937185929648241,0.71830985915493,0.94910941475827,0.943109987357775,0.826120036803737,0,90.4051172707889,93.7185929648241,71.830985915493,94.910941475827,94.3109987357775,0.759519146826494,0.797576598117166
40,3,0.9,0.904051172707889,0.937185929648241,0.71830985915493,0.94910941475827,0.943109987357775,0.826120036803737,0,90.4051172707889,93.7185929648241,71.830985915493,94.910941475827,94.3109987357775,0.759519146826494,0.797576598117166
40,3,0.91,0.904051172707889,0.937185929648241,0.71830985915493,0.94910941475827,0.943109987357775,0.826120036803737,0,90.4051172707889,93.7185929648241,71.830985915493,94.910941475827,94.3109987357775,0.759519146826494,0.797576598117166
40,3,0.92,0.904051172707889,0.937185929648241,0.71830985915493,0.94910941475827,0.943109987357775,0.826120036803737,0,90.4051172707889,93.7185929648241,71.830985915493,94.910941475827,94.3109987357775,0.759519146826494,0.797576598117166
40,3,0.93,0.904051172707889,0.937185929648241,0.71830985915493,0.94910941475827,0.943109987357775,0.826120036803737,0,90.4051172707889,93.7185929648241,71.830985915493,94.910941475827,94.3109987357775,0.759519146826494,0.797576598117166
40,3,0.94,0.904051172707889,0.937185929648241,0.71830985915493,0.94910941475827,0.943109987357775,0.826120036803737,0,90.4051172707889,93.7185929648241,71.830985915493,94.910941475827,94.3109987357775,0.759519146826494,0.797576598117166
40,3,0.95,0.904051172707889,0.937185929648241,0.71830985915493,0.94910941475827,0.943109987357775,0.826120036803737,0,90.4051172707889,93.7185929648241,71.830985915493,94.910941475827,94.3109987357775,0.759519146826494,0.797576598117166
40,10,0.1,0.904051172707889,0.937185929648241,0.71830985915493,0.94910941475827,0.943109987357775,0.909069997876707,0,90.4051172707889,93.7185929648241,71.830985915493,94.910941475827,94.3109987357775,0.759519146826494,0.797576598117166
40,10,0.11,0.904051172707889,0.937185929648241,0.71830985915493,0.94910941475827,0.943109987357775,0.909069997876707,0,90.4051172707889,93.7185929648241,71.830985915493,94.910941475827,94.3109987357775,0.759519146826494,0.797576598117166
40,10,0.12,0.904051172707889,0.937185929648241,0.71830985915493,0.94910941475827,0.943109987357775,0.909069997876707,0,90.4051172707889,93.7185929648241,71.830985915493,94.910941475827,94.3109987357775,0.759519146826494,0.797576598117166
40,10,0.13,0.904051172707889,0.937185929648241,0.71830985915493,0.94910941475827,0.943109987357775,0.909069997876707,0,90.4051172707889,93.7185929648241,71.830985915493,94.910941475827,94.3109987357775,0.759519146826494,0.797576598117166
40,10,0.14,0.904051172707889,0.937185929648241,0.71830985915493,0.94910941475827,0.943109987357775,0.909069997876707,0,90.4051172707889,93.7185929648241,71.830985915493,94.910941475827,94.3109987357775,0.759519146826494,0.797576598117166
40,10,0.15,0.904051172707889,0.937185929648241,0.71830985915493,0.94910941475827,0.943109987357775,0.909069997876707,0,90.4051172707889,93.7185929648241,71.830985915493,94.910941475827,94.3109987357775,0.759519146826494,0.797576598117166
10,1,0.16,0.884861407249467,0.912060301507538,0.732394366197183,0.950261780104712,0.930769230769231,0.899002052516102,0,88.4861407249467,91.2060301507538,73.2394366197183,95.0261780104712,93.0769230769231,0.757973695362364,0.797461016756807
10,1,0.17,0.884861407249467,0.912060301507538,0.732394366197183,0.950261780104712,0.930769230769231,0.899002052516102,0,88.4861407249467,91.2060301507538,73.2394366197183,95.0261780104712,93.0769230769231,0.757973695362364,0.797461016756807
10,1,0.18,0.884861407249467,0.912060301507538,0.732394366197183,0.950261780104712,0.930769230769231,0.899002052516102,0,88.4861407249467,91.2060301507538,73.2394366197183,95.0261780104712,93.0769230769231,0.757973695362364,0.797461016756807
10,1,0.19,0.884861407249467,0.912060301507538,0.732394366197183,0.950261780104712,0.930769230769231,0.899002052516102,0,88.4861407249467,91.2060301507538,73.2394366197183,95.0261780104712,93.0769230769231,0.757973695362364,0.797461016756807
40,5,0.6,0.884861407249467,0.912060301507538,0.732394366197183,0.950261780104712,0.930769230769231,0.835285582843796,0,88.4861407249467,91.2060301507538,73.2394366197183,95.0261780104712,93.0769230769231,0.757973695362364,0.797461016756807
40,5,0.61,0.884861407249467,0.912060301507538,0.732394366197183,0.950261780104712,0.930769230769231,0.835285582843796,0,88.4861407249467,91.2060301507538,73.2394366197183,95.0261780104712,93.0769230769231,0.757973695362364,0.797461016756807
40,5,0.62,0.884861407249467,0.912060301507538,0.732394366197183,0.950261780104712,0.930769230769231,0.835285582843796,0,88.4861407249467,91.2060301507538,73.2394366197183,95.0261780104712,93.0769230769231,0.757973695362364,0.797461016756807
40,5,0.63,0.884861407249467,0.912060301507538,0.732394366197183,0.950261780104712,0.930769230769231,0.835285582843796,0,88.4861407249467,91.2060301507538,73.2394366197183,95.0261780104712,93.0769230769231,0.757973695362364,0.797461016756807
30,10,0.45,0.901918976545842,0.934673366834171,0.71830985915493,0.948979591836735,0.941772151898734,0.860234269941256,0,90.1918976545842,93.4673366834171,71.830985915493,94.8979591836735,94.1772151898734,0.757727828083979,0.796666664654544
30,10,0.46,0.901918976545842,0.934673366834171,0.71830985915493,0.948979591836735,0.941772151898734,0.860234269941256,0,90.1918976545842,93.4673366834171,71.830985915493,94.8979591836735,94.1772151898734,0.757727828083979,0.796666664654544
30,10,0.47,0.901918976545842,0.934673366834171,0.71830985915493,0.948979591836735,0.941772151898734,0.860234269941256,0,90.1918976545842,93.4673366834171,71.830985915493,94.8979591836735,94.1772151898734,0.757727828083979,0.796666664654544
30,10,0.48,0.901918976545842,0.934673366834171,0.71830985915493,0.948979591836735,0.941772151898734,0.860234269941256,0,90.1918976545842,93.4673366834171,71.830985915493,94.8979591836735,94.1772151898734,0.757727828083979,0.796666664654544
30,10,0.49,0.901918976545842,0.934673366834171,0.71830985915493,0.948979591836735,0.941772151898734,0.860234269941256,0,90.1918976545842,93.4673366834171,71.830985915493,94.8979591836735,94.1772151898734,0.757727828083979,0.796666664654544
30,10,0.5,0.901918976545842,0.934673366834171,0.71830985915493,0.948979591836735,0.941772151898734,0.860234269941256,0,90.1918976545842,93.4673366834171,71.830985915493,94.8979591836735,94.1772151898734,0.757727828083979,0.796666664654544
30,10,0.51,0.901918976545842,0.934673366834171,0.71830985915493,0.948979591836735,0.941772151898734,0.860234269941256,0,90.1918976545842,93.4673366834171,71.830985915493,94.8979591836735,94.1772151898734,0.757727828083979,0.796666664654544
30,10,0.52,0.901918976545842,0.934673366834171,0.71830985915493,0.948979591836735,0.941772151898734,0.860234269941256,0,90.1918976545842,93.4673366834171,71.830985915493,94.8979591836735,94.1772151898734,0.757727828083979,0.796666664654544
30,10,0.53,0.901918976545842,0.934673366834171,0.71830985915493,0.948979591836735,0.941772151898734,0.860234269941256,0,90.1918976545842,93.4673366834171,71.830985915493,94.8979591836735,94.1772151898734,0.757727828083979,0.796666664654544
30,10,0.54,0.901918976545842,0.934673366834171,0.71830985915493,0.948979591836735,0.941772151898734,0.860234269941256,0,90.1918976545842,93.4673366834171,71.830985915493,94.8979591836735,94.1772151898734,0.757727828083979,0.796666664654544
15,10,0.18,0.899786780383795,0.9321608040201,0.71830985915493,0.948849104859335,0.9404309252218,0.850042465850379,0,89.9786780383795,93.21608040201,71.830985915493,94.8849104859335,94.04309252218,0.755936509341464,0.795756731191922
30,3,0.13,0.899786780383795,0.9321608040201,0.71830985915493,0.948849104859335,0.9404309252218,0.834418571731899,0,89.9786780383795,93.21608040201,71.830985915493,94.8849104859335,94.04309252218,0.755936509341464,0.795756731191922
30,3,0.14,0.899786780383795,0.9321608040201,0.71830985915493,0.948849104859335,0.9404309252218,0.834418571731899,0,89.9786780383795,93.21608040201,71.830985915493,94.8849104859335,94.04309252218,0.755936509341464,0.795756731191922
30,3,0.15,0.899786780383795,0.9321608040201,0.71830985915493,0.948849104859335,0.9404309252218,0.834418571731899,0,89.9786780383795,93.21608040201,71.830985915493,94.8849104859335,94.04309252218,0.755936509341464,0.795756731191922
30,3,0.16,0.899786780383795,0.9321608040201,0.71830985915493,0.948849104859335,0.9404309252218,0.834418571731899,0,89.9786780383795,93.21608040201,71.830985915493,94.8849104859335,94.04309252218,0.755936509341464,0.795756731191922
30,3,0.17,0.899786780383795,0.9321608040201,0.71830985915493,0.948849104859335,0.9404309252218,0.834418571731899,0,89.9786780383795,93.21608040201,71.830985915493,94.8849104859335,94.04309252218,0.755936509341464,0.795756731191922
30,3,0.18,0.899786780383795,0.9321608040201,0.71830985915493,0.948849104859335,0.9404309252218,0.834418571731899,0,89.9786780383795,93.21608040201,71.830985915493,94.8849104859335,94.04309252218,0.755936509341464,0.795756731191922
30,3,0.19,0.899786780383795,0.9321608040201,0.71830985915493,0.948849104859335,0.9404309252218,0.834418571731899,0,89.9786780383795,93.21608040201,71.830985915493,94.8849104859335,94.04309252218,0.755936509341464,0.795756731191922
30,3,0.2,0.899786780383795,0.9321608040201,0.71830985915493,0.948849104859335,0.9404309252218,0.834418571731899,0,89.9786780383795,93.21608040201,71.830985915493,94.8849104859335,94.04309252218,0.755936509341464,0.795756731191922
30,3,0.21,0.899786780383795,0.9321608040201,0.71830985915493,0.948849104859335,0.9404309252218,0.834418571731899,0,89.9786780383795,93.21608040201,71.830985915493,94.8849104859335,94.04309252218,0.755936509341464,0.795756731191922
30,3,0.22,0.899786780383795,0.9321608040201,0.71830985915493,0.948849104859335,0.9404309252218,0.834418571731899,0,89.9786780383795,93.21608040201,71.830985915493,94.8849104859335,94.04309252218,0.755936509341464,0.795756731191922
30,3,0.23,0.899786780383795,0.9321608040201,0.71830985915493,0.948849104859335,0.9404309252218,0.834418571731899,0,89.9786780383795,93.21608040201,71.830985915493,94.8849104859335,94.04309252218,0.755936509341464,0.795756731191922
30,3,0.24,0.899786780383795,0.9321608040201,0.71830985915493,0.948849104859335,0.9404309252218,0.834418571731899,0,89.9786780383795,93.21608040201,71.830985915493,94.8849104859335,94.04309252218,0.755936509341464,0.795756731191922
30,3,0.25,0.899786780383795,0.9321608040201,0.71830985915493,0.948849104859335,0.9404309252218,0.834418571731899,0,89.9786780383795,93.21608040201,71.830985915493,94.8849104859335,94.04309252218,0.755936509341464,0.795756731191922
30,3,0.26,0.899786780383795,0.9321608040201,0.71830985915493,0.948849104859335,0.9404309252218,0.834418571731899,0,89.9786780383795,93.21608040201,71.830985915493,94.8849104859335,94.04309252218,0.755936509341464,0.795756731191922
30,3,0.27,0.899786780383795,0.9321608040201,0.71830985915493,0.948849104859335,0.9404309252218,0.834418571731899,0,89.9786780383795,93.21608040201,71.830985915493,94.8849104859335,94.04309252218,0.755936509341464,0.795756731191922
30,3,0.28,0.899786780383795,0.9321608040201,0.71830985915493,0.948849104859335,0.9404309252218,0.834418571731899,0,89.9786780383795,93.21608040201,71.830985915493,94.8849104859335,94.04309252218,0.755936509341464,0.795756731191922
30,3,0.29,0.899786780383795,0.9321608040201,0.71830985915493,0.948849104859335,0.9404309252218,0.834418571731899,0,89.9786780383795,93.21608040201,71.830985915493,94.8849104859335,94.04309252218,0.755936509341464,0.795756731191922
30,3,0.3,0.899786780383795,0.9321608040201,0.71830985915493,0.948849104859335,0.9404309252218,0.834418571731899,0,89.9786780383795,93.21608040201,71.830985915493,94.8849104859335,94.04309252218,0.755936509341464,0.795756731191922
30,3,0.31,0.899786780383795,0.9321608040201,0.71830985915493,0.948849104859335,0.9404309252218,0.834418571731899,0,89.9786780383795,93.21608040201,71.830985915493,94.8849104859335,94.04309252218,0.755936509341464,0.795756731191922
30,3,0.32,0.899786780383795,0.9321608040201,0.71830985915493,0.948849104859335,0.9404309252218,0.834418571731899,0,89.9786780383795,93.21608040201,71.830985915493,94.8849104859335,94.04309252218,0.755936509341464,0.795756731191922
30,3,0.33,0.899786780383795,0.9321608040201,0.71830985915493,0.948849104859335,0.9404309252218,0.834418571731899,0,89.9786780383795,93.21608040201,71.830985915493,94.8849104859335,94.04309252218,0.755936509341464,0.795756731191922
30,3,0.34,0.899786780383795,0.9321608040201,0.71830985915493,0.948849104859335,0.9404309252218,0.834418571731899,0,89.9786780383795,93.21608040201,71.830985915493,94.8849104859335,94.04309252218,0.755936509341464,0.795756731191922
30,3,0.35,0.899786780383795,0.9321608040201,0.71830985915493,0.948849104859335,0.9404309252218,0.834418571731899,0,89.9786780383795,93.21608040201,71.830985915493,94.8849104859335,94.04309252218,0.755936509341464,0.795756731191922
30,3,0.36,0.899786780383795,0.9321608040201,0.71830985915493,0.948849104859335,0.9404309252218,0.834418571731899,0,89.9786780383795,93.21608040201,71.830985915493,94.8849104859335,94.04309252218,0.755936509341464,0.795756731191922
30,3,0.37,0.899786780383795,0.9321608040201,0.71830985915493,0.948849104859335,0.9404309252218,0.834418571731899,0,89.9786780383795,93.21608040201,71.830985915493,94.8849104859335,94.04309252218,0.755936509341464,0.795756731191922
40,8,0.08,0.899786780383795,0.9321608040201,0.71830985915493,0.948849104859335,0.9404309252218,0.878176091726237,0,89.9786780383795,93.21608040201,71.830985915493,94.8849104859335,94.04309252218,0.755936509341464,0.795756731191922
40,8,0.09,0.899786780383795,0.9321608040201,0.71830985915493,0.948849104859335,0.9404309252218,0.878176091726237,0,89.9786780383795,93.21608040201,71.830985915493,94.8849104859335,94.04309252218,0.755936509341464,0.795756731191922
40,8,0.1,0.899786780383795,0.9321608040201,0.71830985915493,0.948849104859335,0.9404309252218,0.878176091726237,0,89.9786780383795,93.21608040201,71.830985915493,94.8849104859335,94.04309252218,0.755936509341464,0.795756731191922
40,5,0.64,0.880597014925373,0.907035175879397,0.732394366197183,0.95,0.928020565552699,0.835285582843796,0,88.0597014925373,90.7035175879397,73.2394366197183,95,92.8020565552699,0.754320810083509,0.795641149831563
40,5,0.65,0.880597014925373,0.907035175879397,0.732394366197183,0.95,0.928020565552699,0.835285582843796,0,88.0597014925373,90.7035175879397,73.2394366197183,95,92.8020565552699,0.754320810083509,0.795641149831563
40,5,0.66,0.880597014925373,0.907035175879397,0.732394366197183,0.95,0.928020565552699,0.835285582843796,0,88.0597014925373,90.7035175879397,73.2394366197183,95,92.8020565552699,0.754320810083509,0.795641149831563
40,5,0.67,0.880597014925373,0.907035175879397,0.732394366197183,0.95,0.928020565552699,0.835285582843796,0,88.0597014925373,90.7035175879397,73.2394366197183,95,92.8020565552699,0.754320810083509,0.795641149831563
40,5,0.68,0.880597014925373,0.907035175879397,0.732394366197183,0.95,0.928020565552699,0.835285582843796,0,88.0597014925373,90.7035175879397,73.2394366197183,95,92.8020565552699,0.754320810083509,0.795641149831563
40,5,0.69,0.880597014925373,0.907035175879397,0.732394366197183,0.95,0.928020565552699,0.835285582843796,0,88.0597014925373,90.7035175879397,73.2394366197183,95,92.8020565552699,0.754320810083509,0.795641149831563
40,5,0.7,0.880597014925373,0.907035175879397,0.732394366197183,0.95,0.928020565552699,0.835285582843796,0,88.0597014925373,90.7035175879397,73.2394366197183,95,92.8020565552699,0.754320810083509,0.795641149831563
40,5,0.71,0.880597014925373,0.907035175879397,0.732394366197183,0.95,0.928020565552699,0.835285582843796,0,88.0597014925373,90.7035175879397,73.2394366197183,95,92.8020565552699,0.754320810083509,0.795641149831563
40,5,0.72,0.880597014925373,0.907035175879397,0.732394366197183,0.95,0.928020565552699,0.835285582843796,0,88.0597014925373,90.7035175879397,73.2394366197183,95,92.8020565552699,0.754320810083509,0.795641149831563
40,5,0.73,0.880597014925373,0.907035175879397,0.732394366197183,0.95,0.928020565552699,0.835285582843796,0,88.0597014925373,90.7035175879397,73.2394366197183,95,92.8020565552699,0.754320810083509,0.795641149831563
40,5,0.74,0.880597014925373,0.907035175879397,0.732394366197183,0.95,0.928020565552699,0.835285582843796,0,88.0597014925373,90.7035175879397,73.2394366197183,95,92.8020565552699,0.754320810083509,0.795641149831563
40,5,0.75,0.880597014925373,0.907035175879397,0.732394366197183,0.95,0.928020565552699,0.835285582843796,0,88.0597014925373,90.7035175879397,73.2394366197183,95,92.8020565552699,0.754320810083509,0.795641149831563
40,5,0.76,0.880597014925373,0.907035175879397,0.732394366197183,0.95,0.928020565552699,0.835285582843796,0,88.0597014925373,90.7035175879397,73.2394366197183,95,92.8020565552699,0.754320810083509,0.795641149831563
40,5,0.77,0.880597014925373,0.907035175879397,0.732394366197183,0.95,0.928020565552699,0.835285582843796,0,88.0597014925373,90.7035175879397,73.2394366197183,95,92.8020565552699,0.754320810083509,0.795641149831563
40,5,0.78,0.880597014925373,0.907035175879397,0.732394366197183,0.95,0.928020565552699,0.835285582843796,0,88.0597014925373,90.7035175879397,73.2394366197183,95,92.8020565552699,0.754320810083509,0.795641149831563
40,5,0.79,0.880597014925373,0.907035175879397,0.732394366197183,0.95,0.928020565552699,0.835285582843796,0,88.0597014925373,90.7035175879397,73.2394366197183,95,92.8020565552699,0.754320810083509,0.795641149831563
40,5,0.8,0.880597014925373,0.907035175879397,0.732394366197183,0.95,0.928020565552699,0.835285582843796,0,88.0597014925373,90.7035175879397,73.2394366197183,95,92.8020565552699,0.754320810083509,0.795641149831563
40,5,0.81,0.880597014925373,0.907035175879397,0.732394366197183,0.95,0.928020565552699,0.835285582843796,0,88.0597014925373,90.7035175879397,73.2394366197183,95,92.8020565552699,0.754320810083509,0.795641149831563
40,5,0.82,0.880597014925373,0.907035175879397,0.732394366197183,0.95,0.928020565552699,0.835285582843796,0,88.0597014925373,90.7035175879397,73.2394366197183,95,92.8020565552699,0.754320810083509,0.795641149831563
30,10,0.08,0.916844349680171,0.954773869346734,0.704225352112676,0.947630922693267,0.951188986232791,0.860234269941256,0,91.6844349680171,95.4773869346734,70.4225352112676,94.7630922693267,95.1188986232791,0.755163783609398,0.794962379089658
30,10,0.09,0.916844349680171,0.954773869346734,0.704225352112676,0.947630922693267,0.951188986232791,0.860234269941256,0,91.6844349680171,95.4773869346734,70.4225352112676,94.7630922693267,95.1188986232791,0.755163783609398,0.794962379089658
30,10,0.1,0.916844349680171,0.954773869346734,0.704225352112676,0.947630922693267,0.951188986232791,0.860234269941256,0,91.6844349680171,95.4773869346734,70.4225352112676,94.7630922693267,95.1188986232791,0.755163783609398,0.794962379089658
30,10,0.11,0.916844349680171,0.954773869346734,0.704225352112676,0.947630922693267,0.951188986232791,0.860234269941256,0,91.6844349680171,95.4773869346734,70.4225352112676,94.7630922693267,95.1188986232791,0.755163783609398,0.794962379089658
30,3,0.38,0.897654584221748,0.92964824120603,0.71830985915493,0.948717948717949,0.939086294416244,0.834418571731899,0,89.7654584221748,92.964824120603,71.830985915493,94.8717948717949,93.9086294416244,0.754145190598948,0.794846797729299
30,3,0.39,0.897654584221748,0.92964824120603,0.71830985915493,0.948717948717949,0.939086294416244,0.834418571731899,0,89.7654584221748,92.964824120603,71.830985915493,94.8717948717949,93.9086294416244,0.754145190598948,0.794846797729299
30,3,0.4,0.897654584221748,0.92964824120603,0.71830985915493,0.948717948717949,0.939086294416244,0.834418571731899,0,89.7654584221748,92.964824120603,71.830985915493,94.8717948717949,93.9086294416244,0.754145190598948,0.794846797729299
30,3,0.41,0.897654584221748,0.92964824120603,0.71830985915493,0.948717948717949,0.939086294416244,0.834418571731899,0,89.7654584221748,92.964824120603,71.830985915493,94.8717948717949,93.9086294416244,0.754145190598948,0.794846797729299
30,3,0.42,0.897654584221748,0.92964824120603,0.71830985915493,0.948717948717949,0.939086294416244,0.834418571731899,0,89.7654584221748,92.964824120603,71.830985915493,94.8717948717949,93.9086294416244,0.754145190598948,0.794846797729299
30,3,0.43,0.897654584221748,0.92964824120603,0.71830985915493,0.948717948717949,0.939086294416244,0.834418571731899,0,89.7654584221748,92.964824120603,71.830985915493,94.8717948717949,93.9086294416244,0.754145190598948,0.794846797729299
30,3,0.44,0.897654584221748,0.92964824120603,0.71830985915493,0.948717948717949,0.939086294416244,0.834418571731899,0,89.7654584221748,92.964824120603,71.830985915493,94.8717948717949,93.9086294416244,0.754145190598948,0.794846797729299
30,3,0.45,0.897654584221748,0.92964824120603,0.71830985915493,0.948717948717949,0.939086294416244,0.834418571731899,0,89.7654584221748,92.964824120603,71.830985915493,94.8717948717949,93.9086294416244,0.754145190598948,0.794846797729299
30,3,0.46,0.897654584221748,0.92964824120603,0.71830985915493,0.948717948717949,0.939086294416244,0.834418571731899,0,89.7654584221748,92.964824120603,71.830985915493,94.8717948717949,93.9086294416244,0.754145190598948,0.794846797729299
30,3,0.47,0.897654584221748,0.92964824120603,0.71830985915493,0.948717948717949,0.939086294416244,0.834418571731899,0,89.7654584221748,92.964824120603,71.830985915493,94.8717948717949,93.9086294416244,0.754145190598948,0.794846797729299
30,3,0.48,0.897654584221748,0.92964824120603,0.71830985915493,0.948717948717949,0.939086294416244,0.834418571731899,0,89.7654584221748,92.964824120603,71.830985915493,94.8717948717949,93.9086294416244,0.754145190598948,0.794846797729299
30,3,0.49,0.897654584221748,0.92964824120603,0.71830985915493,0.948717948717949,0.939086294416244,0.834418571731899,0,89.7654584221748,92.964824120603,71.830985915493,94.8717948717949,93.9086294416244,0.754145190598948,0.794846797729299
30,3,0.5,0.897654584221748,0.92964824120603,0.71830985915493,0.948717948717949,0.939086294416244,0.834418571731899,0,89.7654584221748,92.964824120603,71.830985915493,94.8717948717949,93.9086294416244,0.754145190598948,0.794846797729299
30,3,0.51,0.897654584221748,0.92964824120603,0.71830985915493,0.948717948717949,0.939086294416244,0.834418571731899,0,89.7654584221748,92.964824120603,71.830985915493,94.8717948717949,93.9086294416244,0.754145190598948,0.794846797729299
30,3,0.52,0.897654584221748,0.92964824120603,0.71830985915493,0.948717948717949,0.939086294416244,0.834418571731899,0,89.7654584221748,92.964824120603,71.830985915493,94.8717948717949,93.9086294416244,0.754145190598948,0.794846797729299
30,3,0.53,0.897654584221748,0.92964824120603,0.71830985915493,0.948717948717949,0.939086294416244,0.834418571731899,0,89.7654584221748,92.964824120603,71.830985915493,94.8717948717949,93.9086294416244,0.754145190598948,0.794846797729299
30,3,0.54,0.897654584221748,0.92964824120603,0.71830985915493,0.948717948717949,0.939086294416244,0.834418571731899,0,89.7654584221748,92.964824120603,71.830985915493,94.8717948717949,93.9086294416244,0.754145190598948,0.794846797729299
30,8,0.07,0.897654584221748,0.92964824120603,0.71830985915493,0.948717948717949,0.939086294416244,0.867541935027249,0,89.7654584221748,92.964824120603,71.830985915493,94.8717948717949,93.9086294416244,0.754145190598948,0.794846797729299
30,8,0.08,0.897654584221748,0.92964824120603,0.71830985915493,0.948717948717949,0.939086294416244,0.867541935027249,0,89.7654584221748,92.964824120603,71.830985915493,94.8717948717949,93.9086294416244,0.754145190598948,0.794846797729299
30,8,0.09,0.897654584221748,0.92964824120603,0.71830985915493,0.948717948717949,0.939086294416244,0.867541935027249,0,89.7654584221748,92.964824120603,71.830985915493,94.8717948717949,93.9086294416244,0.754145190598948,0.794846797729299
15,8,0.18,0.895522388059702,0.92713567839196,0.71830985915493,0.948586118251928,0.937738246505718,0.881520277443556,0,89.5522388059701,92.713567839196,71.830985915493,94.8586118251928,93.7738246505718,0.752353871856433,0.793936864266677
15,10,0.19,0.895522388059702,0.92713567839196,0.71830985915493,0.948586118251928,0.937738246505718,0.850042465850379,0,89.5522388059701,92.713567839196,71.830985915493,94.8586118251928,93.7738246505718,0.752353871856433,0.793936864266677
15,10,0.2,0.895522388059702,0.92713567839196,0.71830985915493,0.948586118251928,0.937738246505718,0.850042465850379,0,89.5522388059701,92.713567839196,71.830985915493,94.8586118251928,93.7738246505718,0.752353871856433,0.793936864266677
15,10,0.21,0.895522388059702,0.92713567839196,0.71830985915493,0.948586118251928,0.937738246505718,0.850042465850379,0,89.5522388059701,92.713567839196,71.830985915493,94.8586118251928,93.7738246505718,0.752353871856433,0.793936864266677
15,10,0.22,0.895522388059702,0.92713567839196,0.71830985915493,0.948586118251928,0.937738246505718,0.850042465850379,0,89.5522388059701,92.713567839196,71.830985915493,94.8586118251928,93.7738246505718,0.752353871856433,0.793936864266677
20,5,0.05,0.912579957356077,0.949748743718593,0.704225352112676,0.947368421052632,0.948557089084065,0.890261164979829,0,91.2579957356077,94.9748743718593,70.4225352112676,94.7368421052632,94.8557089084065,0.751651393918192,0.793142512164414
20,5,0.06,0.912579957356077,0.949748743718593,0.704225352112676,0.947368421052632,0.948557089084065,0.890261164979829,0,91.2579957356077,94.9748743718593,70.4225352112676,94.7368421052632,94.8557089084065,0.751651393918192,0.793142512164414
20,5,0.07,0.912579957356077,0.949748743718593,0.704225352112676,0.947368421052632,0.948557089084065,0.890261164979829,0,91.2579957356077,94.9748743718593,70.4225352112676,94.7368421052632,94.8557089084065,0.751651393918192,0.793142512164414
15,10,0.23,0.893390191897655,0.924623115577889,0.71830985915493,0.948453608247423,0.936386768447837,0.850042465850379,0,89.3390191897655,92.462311557789,71.830985915493,94.8453608247423,93.6386768447837,0.750562553113918,0.793026930804055
30,8,0.1,0.893390191897655,0.924623115577889,0.71830985915493,0.948453608247423,0.936386768447837,0.867541935027249,0,89.3390191897655,92.462311557789,71.830985915493,94.8453608247423,93.6386768447837,0.750562553113918,0.793026930804055
30,8,0.11,0.893390191897655,0.924623115577889,0.71830985915493,0.948453608247423,0.936386768447837,0.867541935027249,0,89.3390191897655,92.462311557789,71.830985915493,94.8453608247423,93.6386768447837,0.750562553113918,0.793026930804055
30,8,0.12,0.893390191897655,0.924623115577889,0.71830985915493,0.948453608247423,0.936386768447837,0.867541935027249,0,89.3390191897655,92.462311557789,71.830985915493,94.8453608247423,93.6386768447837,0.750562553113918,0.793026930804055
30,8,0.13,0.893390191897655,0.924623115577889,0.71830985915493,0.948453608247423,0.936386768447837,0.867541935027249,0,89.3390191897655,92.462311557789,71.830985915493,94.8453608247423,93.6386768447837,0.750562553113918,0.793026930804055
30,8,0.14,0.893390191897655,0.924623115577889,0.71830985915493,0.948453608247423,0.936386768447837,0.867541935027249,0,89.3390191897655,92.462311557789,71.830985915493,94.8453608247423,93.6386768447837,0.750562553113918,0.793026930804055
30,8,0.15,0.893390191897655,0.924623115577889,0.71830985915493,0.948453608247423,0.936386768447837,0.867541935027249,0,89.3390191897655,92.462311557789,71.830985915493,94.8453608247423,93.6386768447837,0.750562553113918,0.793026930804055
20,5,0.08,0.91044776119403,0.947236180904523,0.704225352112676,0.947236180904523,0.947236180904523,0.890261164979829,0,91.044776119403,94.7236180904523,70.4225352112676,94.7236180904523,94.7236180904523,0.749895199072589,0.792232578701791
20,5,0.09,0.91044776119403,0.947236180904523,0.704225352112676,0.947236180904523,0.947236180904523,0.890261164979829,0,91.044776119403,94.7236180904523,70.4225352112676,94.7236180904523,94.7236180904523,0.749895199072589,0.792232578701791
20,5,0.1,0.91044776119403,0.947236180904523,0.704225352112676,0.947236180904523,0.947236180904523,0.890261164979829,0,91.044776119403,94.7236180904523,70.4225352112676,94.7236180904523,94.7236180904523,0.749895199072589,0.792232578701791
20,5,0.11,0.91044776119403,0.947236180904523,0.704225352112676,0.947236180904523,0.947236180904523,0.890261164979829,0,91.044776119403,94.7236180904523,70.4225352112676,94.7236180904523,94.7236180904523,0.749895199072589,0.792232578701791
20,5,0.12,0.91044776119403,0.947236180904523,0.704225352112676,0.947236180904523,0.947236180904523,0.890261164979829,0,91.044776119403,94.7236180904523,70.4225352112676,94.7236180904523,94.7236180904523,0.749895199072589,0.792232578701791
20,5,0.13,0.91044776119403,0.947236180904523,0.704225352112676,0.947236180904523,0.947236180904523,0.890261164979829,0,91.044776119403,94.7236180904523,70.4225352112676,94.7236180904523,94.7236180904523,0.749895199072589,0.792232578701791
20,5,0.14,0.91044776119403,0.947236180904523,0.704225352112676,0.947236180904523,0.947236180904523,0.890261164979829,0,91.044776119403,94.7236180904523,70.4225352112676,94.7236180904523,94.7236180904523,0.749895199072589,0.792232578701791
20,5,0.15,0.91044776119403,0.947236180904523,0.704225352112676,0.947236180904523,0.947236180904523,0.890261164979829,0,91.044776119403,94.7236180904523,70.4225352112676,94.7236180904523,94.7236180904523,0.749895199072589,0.792232578701791
20,5,0.16,0.91044776119403,0.947236180904523,0.704225352112676,0.947236180904523,0.947236180904523,0.890261164979829,0,91.044776119403,94.7236180904523,70.4225352112676,94.7236180904523,94.7236180904523,0.749895199072589,0.792232578701791
20,5,0.17,0.91044776119403,0.947236180904523,0.704225352112676,0.947236180904523,0.947236180904523,0.890261164979829,0,91.044776119403,94.7236180904523,70.4225352112676,94.7236180904523,94.7236180904523,0.749895199072589,0.792232578701791
20,5,0.18,0.91044776119403,0.947236180904523,0.704225352112676,0.947236180904523,0.947236180904523,0.890261164979829,0,91.044776119403,94.7236180904523,70.4225352112676,94.7236180904523,94.7236180904523,0.749895199072589,0.792232578701791
20,5,0.19,0.91044776119403,0.947236180904523,0.704225352112676,0.947236180904523,0.947236180904523,0.890261164979829,0,91.044776119403,94.7236180904523,70.4225352112676,94.7236180904523,94.7236180904523,0.749895199072589,0.792232578701791
20,5,0.2,0.91044776119403,0.947236180904523,0.704225352112676,0.947236180904523,0.947236180904523,0.890261164979829,0,91.044776119403,94.7236180904523,70.4225352112676,94.7236180904523,94.7236180904523,0.749895199072589,0.792232578701791
10,8,0.17,0.891257995735608,0.922110552763819,0.71830985915493,0.948320413436692,0.935031847133758,0.902045438459905,0,89.1257995735608,92.2110552763819,71.830985915493,94.8320413436692,93.5031847133758,0.748771234371403,0.792116997341432
10,8,0.18,0.891257995735608,0.922110552763819,0.71830985915493,0.948320413436692,0.935031847133758,0.902045438459905,0,89.1257995735608,92.2110552763819,71.830985915493,94.8320413436692,93.5031847133758,0.748771234371403,0.792116997341432
10,8,0.19,0.891257995735608,0.922110552763819,0.71830985915493,0.948320413436692,0.935031847133758,0.902045438459905,0,89.1257995735608,92.2110552763819,71.830985915493,94.8320413436692,93.5031847133758,0.748771234371403,0.792116997341432
10,8,0.2,0.891257995735608,0.922110552763819,0.71830985915493,0.948320413436692,0.935031847133758,0.902045438459905,0,89.1257995735608,92.2110552763819,71.830985915493,94.8320413436692,93.5031847133758,0.748771234371403,0.792116997341432
30,8,0.16,0.891257995735608,0.922110552763819,0.71830985915493,0.948320413436692,0.935031847133758,0.867541935027249,0,89.1257995735608,92.2110552763819,71.830985915493,94.8320413436692,93.5031847133758,0.748771234371403,0.792116997341432
30,8,0.17,0.891257995735608,0.922110552763819,0.71830985915493,0.948320413436692,0.935031847133758,0.867541935027249,0,89.1257995735608,92.2110552763819,71.830985915493,94.8320413436692,93.5031847133758,0.748771234371403,0.792116997341432
30,8,0.18,0.891257995735608,0.922110552763819,0.71830985915493,0.948320413436692,0.935031847133758,0.867541935027249,0,89.1257995735608,92.2110552763819,71.830985915493,94.8320413436692,93.5031847133758,0.748771234371403,0.792116997341432
30,8,0.19,0.891257995735608,0.922110552763819,0.71830985915493,0.948320413436692,0.935031847133758,0.867541935027249,0,89.1257995735608,92.2110552763819,71.830985915493,94.8320413436692,93.5031847133758,0.748771234371403,0.792116997341432
20,5,0.21,0.908315565031983,0.944723618090452,0.704225352112676,0.947103274559194,0.945911949685535,0.890261164979829,0,90.8315565031983,94.4723618090452,70.4225352112676,94.7103274559194,94.5911949685535,0.748139004226985,0.791322645239169
40,5,0.55,0.889125799573561,0.919597989949749,0.71830985915493,0.948186528497409,0.933673469387755,0.835285582843796,0,88.9125799573561,91.9597989949749,71.830985915493,94.8186528497409,93.3673469387755,0.746979915628887,0.79120706387881
40,5,0.56,0.889125799573561,0.919597989949749,0.71830985915493,0.948186528497409,0.933673469387755,0.835285582843796,0,88.9125799573561,91.9597989949749,71.830985915493,94.8186528497409,93.3673469387755,0.746979915628887,0.79120706387881
40,5,0.57,0.889125799573561,0.919597989949749,0.71830985915493,0.948186528497409,0.933673469387755,0.835285582843796,0,88.9125799573561,91.9597989949749,71.830985915493,94.8186528497409,93.3673469387755,0.746979915628887,0.79120706387881
40,5,0.58,0.889125799573561,0.919597989949749,0.71830985915493,0.948186528497409,0.933673469387755,0.835285582843796,0,88.9125799573561,91.9597989949749,71.830985915493,94.8186528497409,93.3673469387755,0.746979915628887,0.79120706387881
40,5,0.59,0.889125799573561,0.919597989949749,0.71830985915493,0.948186528497409,0.933673469387755,0.835285582843796,0,88.9125799573561,91.9597989949749,71.830985915493,94.8186528497409,93.3673469387755,0.746979915628887,0.79120706387881
20,1,0.05,0.906183368869936,0.942211055276382,0.704225352112676,0.946969696969697,0.944584382871537,0.82760634156699,0,90.6183368869936,94.2211055276382,70.4225352112676,94.6969696969697,94.4584382871537,0.746382809381382,0.790412711776547
20,1,0.06,0.906183368869936,0.942211055276382,0.704225352112676,0.946969696969697,0.944584382871537,0.82760634156699,0,90.6183368869936,94.2211055276382,70.4225352112676,94.6969696969697,94.4584382871537,0.746382809381382,0.790412711776547
20,1,0.07,0.906183368869936,0.942211055276382,0.704225352112676,0.946969696969697,0.944584382871537,0.82760634156699,0,90.6183368869936,94.2211055276382,70.4225352112676,94.6969696969697,94.4584382871537,0.746382809381382,0.790412711776547
20,1,0.08,0.906183368869936,0.942211055276382,0.704225352112676,0.946969696969697,0.944584382871537,0.82760634156699,0,90.6183368869936,94.2211055276382,70.4225352112676,94.6969696969697,94.4584382871537,0.746382809381382,0.790412711776547
20,1,0.09,0.906183368869936,0.942211055276382,0.704225352112676,0.946969696969697,0.944584382871537,0.82760634156699,0,90.6183368869936,94.2211055276382,70.4225352112676,94.6969696969697,94.4584382871537,0.746382809381382,0.790412711776547
20,1,0.1,0.906183368869936,0.942211055276382,0.704225352112676,0.946969696969697,0.944584382871537,0.82760634156699,0,90.6183368869936,94.2211055276382,70.4225352112676,94.6969696969697,94.4584382871537,0.746382809381382,0.790412711776547
20,1,0.11,0.906183368869936,0.942211055276382,0.704225352112676,0.946969696969697,0.944584382871537,0.82760634156699,0,90.6183368869936,94.2211055276382,70.4225352112676,94.6969696969697,94.4584382871537,0.746382809381382,0.790412711776547
20,1,0.12,0.906183368869936,0.942211055276382,0.704225352112676,0.946969696969697,0.944584382871537,0.82760634156699,0,90.6183368869936,94.2211055276382,70.4225352112676,94.6969696969697,94.4584382871537,0.746382809381382,0.790412711776547
30,8,0.2,0.886993603411514,0.917085427135678,0.71830985915493,0.948051948051948,0.932311621966794,0.867541935027249,0,88.6993603411514,91.7085427135678,71.830985915493,94.8051948051948,93.2311621966794,0.745188596886372,0.790297130416188
30,8,0.21,0.886993603411514,0.917085427135678,0.71830985915493,0.948051948051948,0.932311621966794,0.867541935027249,0,88.6993603411514,91.7085427135678,71.830985915493,94.8051948051948,93.2311621966794,0.745188596886372,0.790297130416188
30,8,0.22,0.886993603411514,0.917085427135678,0.71830985915493,0.948051948051948,0.932311621966794,0.867541935027249,0,88.6993603411514,91.7085427135678,71.830985915493,94.8051948051948,93.2311621966794,0.745188596886372,0.790297130416188
30,8,0.23,0.886993603411514,0.917085427135678,0.71830985915493,0.948051948051948,0.932311621966794,0.867541935027249,0,88.6993603411514,91.7085427135678,71.830985915493,94.8051948051948,93.2311621966794,0.745188596886372,0.790297130416188
30,8,0.24,0.886993603411514,0.917085427135678,0.71830985915493,0.948051948051948,0.932311621966794,0.867541935027249,0,88.6993603411514,91.7085427135678,71.830985915493,94.8051948051948,93.2311621966794,0.745188596886372,0.790297130416188
30,8,0.25,0.886993603411514,0.917085427135678,0.71830985915493,0.948051948051948,0.932311621966794,0.867541935027249,0,88.6993603411514,91.7085427135678,71.830985915493,94.8051948051948,93.2311621966794,0.745188596886372,0.790297130416188
30,8,0.26,0.886993603411514,0.917085427135678,0.71830985915493,0.948051948051948,0.932311621966794,0.867541935027249,0,88.6993603411514,91.7085427135678,71.830985915493,94.8051948051948,93.2311621966794,0.745188596886372,0.790297130416188
30,8,0.27,0.886993603411514,0.917085427135678,0.71830985915493,0.948051948051948,0.932311621966794,0.867541935027249,0,88.6993603411514,91.7085427135678,71.830985915493,94.8051948051948,93.2311621966794,0.745188596886372,0.790297130416188
30,8,0.28,0.886993603411514,0.917085427135678,0.71830985915493,0.948051948051948,0.932311621966794,0.867541935027249,0,88.6993603411514,91.7085427135678,71.830985915493,94.8051948051948,93.2311621966794,0.745188596886372,0.790297130416188
30,8,0.29,0.886993603411514,0.917085427135678,0.71830985915493,0.948051948051948,0.932311621966794,0.867541935027249,0,88.6993603411514,91.7085427135678,71.830985915493,94.8051948051948,93.2311621966794,0.745188596886372,0.790297130416188
30,8,0.3,0.886993603411514,0.917085427135678,0.71830985915493,0.948051948051948,0.932311621966794,0.867541935027249,0,88.6993603411514,91.7085427135678,71.830985915493,94.8051948051948,93.2311621966794,0.745188596886372,0.790297130416188
30,8,0.31,0.886993603411514,0.917085427135678,0.71830985915493,0.948051948051948,0.932311621966794,0.867541935027249,0,88.6993603411514,91.7085427135678,71.830985915493,94.8051948051948,93.2311621966794,0.745188596886372,0.790297130416188
30,8,0.32,0.886993603411514,0.917085427135678,0.71830985915493,0.948051948051948,0.932311621966794,0.867541935027249,0,88.6993603411514,91.7085427135678,71.830985915493,94.8051948051948,93.2311621966794,0.745188596886372,0.790297130416188
30,8,0.33,0.886993603411514,0.917085427135678,0.71830985915493,0.948051948051948,0.932311621966794,0.867541935027249,0,88.6993603411514,91.7085427135678,71.830985915493,94.8051948051948,93.2311621966794,0.745188596886372,0.790297130416188
30,8,0.34,0.886993603411514,0.917085427135678,0.71830985915493,0.948051948051948,0.932311621966794,0.867541935027249,0,88.6993603411514,91.7085427135678,71.830985915493,94.8051948051948,93.2311621966794,0.745188596886372,0.790297130416188
30,8,0.35,0.886993603411514,0.917085427135678,0.71830985915493,0.948051948051948,0.932311621966794,0.867541935027249,0,88.6993603411514,91.7085427135678,71.830985915493,94.8051948051948,93.2311621966794,0.745188596886372,0.790297130416188
30,8,0.36,0.886993603411514,0.917085427135678,0.71830985915493,0.948051948051948,0.932311621966794,0.867541935027249,0,88.6993603411514,91.7085427135678,71.830985915493,94.8051948051948,93.2311621966794,0.745188596886372,0.790297130416188
30,8,0.37,0.886993603411514,0.917085427135678,0.71830985915493,0.948051948051948,0.932311621966794,0.867541935027249,0,88.6993603411514,91.7085427135678,71.830985915493,94.8051948051948,93.2311621966794,0.745188596886372,0.790297130416188
30,8,0.38,0.886993603411514,0.917085427135678,0.71830985915493,0.948051948051948,0.932311621966794,0.867541935027249,0,88.6993603411514,91.7085427135678,71.830985915493,94.8051948051948,93.2311621966794,0.745188596886372,0.790297130416188
30,8,0.39,0.886993603411514,0.917085427135678,0.71830985915493,0.948051948051948,0.932311621966794,0.867541935027249,0,88.6993603411514,91.7085427135678,71.830985915493,94.8051948051948,93.2311621966794,0.745188596886372,0.790297130416188
30,8,0.4,0.886993603411514,0.917085427135678,0.71830985915493,0.948051948051948,0.932311621966794,0.867541935027249,0,88.6993603411514,91.7085427135678,71.830985915493,94.8051948051948,93.2311621966794,0.745188596886372,0.790297130416188
30,8,0.41,0.886993603411514,0.917085427135678,0.71830985915493,0.948051948051948,0.932311621966794,0.867541935027249,0,88.6993603411514,91.7085427135678,71.830985915493,94.8051948051948,93.2311621966794,0.745188596886372,0.790297130416188
30,8,0.42,0.886993603411514,0.917085427135678,0.71830985915493,0.948051948051948,0.932311621966794,0.867541935027249,0,88.6993603411514,91.7085427135678,71.830985915493,94.8051948051948,93.2311621966794,0.745188596886372,0.790297130416188
30,8,0.43,0.886993603411514,0.917085427135678,0.71830985915493,0.948051948051948,0.932311621966794,0.867541935027249,0,88.6993603411514,91.7085427135678,71.830985915493,94.8051948051948,93.2311621966794,0.745188596886372,0.790297130416188
30,8,0.44,0.886993603411514,0.917085427135678,0.71830985915493,0.948051948051948,0.932311621966794,0.867541935027249,0,88.6993603411514,91.7085427135678,71.830985915493,94.8051948051948,93.2311621966794,0.745188596886372,0.790297130416188
30,8,0.45,0.886993603411514,0.917085427135678,0.71830985915493,0.948051948051948,0.932311621966794,0.867541935027249,0,88.6993603411514,91.7085427135678,71.830985915493,94.8051948051948,93.2311621966794,0.745188596886372,0.790297130416188
30,8,0.46,0.886993603411514,0.917085427135678,0.71830985915493,0.948051948051948,0.932311621966794,0.867541935027249,0,88.6993603411514,91.7085427135678,71.830985915493,94.8051948051948,93.2311621966794,0.745188596886372,0.790297130416188
30,8,0.47,0.886993603411514,0.917085427135678,0.71830985915493,0.948051948051948,0.932311621966794,0.867541935027249,0,88.6993603411514,91.7085427135678,71.830985915493,94.8051948051948,93.2311621966794,0.745188596886372,0.790297130416188
30,8,0.48,0.886993603411514,0.917085427135678,0.71830985915493,0.948051948051948,0.932311621966794,0.867541935027249,0,88.6993603411514,91.7085427135678,71.830985915493,94.8051948051948,93.2311621966794,0.745188596886372,0.790297130416188
30,8,0.49,0.886993603411514,0.917085427135678,0.71830985915493,0.948051948051948,0.932311621966794,0.867541935027249,0,88.6993603411514,91.7085427135678,71.830985915493,94.8051948051948,93.2311621966794,0.745188596886372,0.790297130416188
30,8,0.5,0.886993603411514,0.917085427135678,0.71830985915493,0.948051948051948,0.932311621966794,0.867541935027249,0,88.6993603411514,91.7085427135678,71.830985915493,94.8051948051948,93.2311621966794,0.745188596886372,0.790297130416188
30,8,0.51,0.886993603411514,0.917085427135678,0.71830985915493,0.948051948051948,0.932311621966794,0.867541935027249,0,88.6993603411514,91.7085427135678,71.830985915493,94.8051948051948,93.2311621966794,0.745188596886372,0.790297130416188
30,8,0.52,0.886993603411514,0.917085427135678,0.71830985915493,0.948051948051948,0.932311621966794,0.867541935027249,0,88.6993603411514,91.7085427135678,71.830985915493,94.8051948051948,93.2311621966794,0.745188596886372,0.790297130416188
30,8,0.53,0.886993603411514,0.917085427135678,0.71830985915493,0.948051948051948,0.932311621966794,0.867541935027249,0,88.6993603411514,91.7085427135678,71.830985915493,94.8051948051948,93.2311621966794,0.745188596886372,0.790297130416188
30,8,0.54,0.886993603411514,0.917085427135678,0.71830985915493,0.948051948051948,0.932311621966794,0.867541935027249,0,88.6993603411514,91.7085427135678,71.830985915493,94.8051948051948,93.2311621966794,0.745188596886372,0.790297130416188
30,8,0.55,0.886993603411514,0.917085427135678,0.71830985915493,0.948051948051948,0.932311621966794,0.867541935027249,0,88.6993603411514,91.7085427135678,71.830985915493,94.8051948051948,93.2311621966794,0.745188596886372,0.790297130416188
30,8,0.56,0.886993603411514,0.917085427135678,0.71830985915493,0.948051948051948,0.932311621966794,0.867541935027249,0,88.6993603411514,91.7085427135678,71.830985915493,94.8051948051948,93.2311621966794,0.745188596886372,0.790297130416188
30,8,0.57,0.886993603411514,0.917085427135678,0.71830985915493,0.948051948051948,0.932311621966794,0.867541935027249,0,88.6993603411514,91.7085427135678,71.830985915493,94.8051948051948,93.2311621966794,0.745188596886372,0.790297130416188
30,8,0.58,0.886993603411514,0.917085427135678,0.71830985915493,0.948051948051948,0.932311621966794,0.867541935027249,0,88.6993603411514,91.7085427135678,71.830985915493,94.8051948051948,93.2311621966794,0.745188596886372,0.790297130416188
20,1,0.13,0.904051172707889,0.939698492462312,0.704225352112676,0.946835443037975,0.943253467843632,0.82760634156699,0,90.4051172707889,93.9698492462311,70.4225352112676,94.6835443037975,94.3253467843632,0.744626614535779,0.789502778313925
20,1,0.14,0.904051172707889,0.939698492462312,0.704225352112676,0.946835443037975,0.943253467843632,0.82760634156699,0,90.4051172707889,93.9698492462311,70.4225352112676,94.6835443037975,94.3253467843632,0.744626614535779,0.789502778313925
20,1,0.15,0.904051172707889,0.939698492462312,0.704225352112676,0.946835443037975,0.943253467843632,0.82760634156699,0,90.4051172707889,93.9698492462311,70.4225352112676,94.6835443037975,94.3253467843632,0.744626614535779,0.789502778313925
20,1,0.16,0.904051172707889,0.939698492462312,0.704225352112676,0.946835443037975,0.943253467843632,0.82760634156699,0,90.4051172707889,93.9698492462311,70.4225352112676,94.6835443037975,94.3253467843632,0.744626614535779,0.789502778313925
20,1,0.17,0.904051172707889,0.939698492462312,0.704225352112676,0.946835443037975,0.943253467843632,0.82760634156699,0,90.4051172707889,93.9698492462311,70.4225352112676,94.6835443037975,94.3253467843632,0.744626614535779,0.789502778313925
20,1,0.18,0.904051172707889,0.939698492462312,0.704225352112676,0.946835443037975,0.943253467843632,0.82760634156699,0,90.4051172707889,93.9698492462311,70.4225352112676,94.6835443037975,94.3253467843632,0.744626614535779,0.789502778313925
20,1,0.19,0.904051172707889,0.939698492462312,0.704225352112676,0.946835443037975,0.943253467843632,0.82760634156699,0,90.4051172707889,93.9698492462311,70.4225352112676,94.6835443037975,94.3253467843632,0.744626614535779,0.789502778313925
20,1,0.2,0.904051172707889,0.939698492462312,0.704225352112676,0.946835443037975,0.943253467843632,0.82760634156699,0,90.4051172707889,93.9698492462311,70.4225352112676,94.6835443037975,94.3253467843632,0.744626614535779,0.789502778313925
20,1,0.21,0.904051172707889,0.939698492462312,0.704225352112676,0.946835443037975,0.943253467843632,0.82760634156699,0,90.4051172707889,93.9698492462311,70.4225352112676,94.6835443037975,94.3253467843632,0.744626614535779,0.789502778313925
20,1,0.22,0.904051172707889,0.939698492462312,0.704225352112676,0.946835443037975,0.943253467843632,0.82760634156699,0,90.4051172707889,93.9698492462311,70.4225352112676,94.6835443037975,94.3253467843632,0.744626614535779,0.789502778313925
20,1,0.23,0.904051172707889,0.939698492462312,0.704225352112676,0.946835443037975,0.943253467843632,0.82760634156699,0,90.4051172707889,93.9698492462311,70.4225352112676,94.6835443037975,94.3253467843632,0.744626614535779,0.789502778313925
20,1,0.24,0.904051172707889,0.939698492462312,0.704225352112676,0.946835443037975,0.943253467843632,0.82760634156699,0,90.4051172707889,93.9698492462311,70.4225352112676,94.6835443037975,94.3253467843632,0.744626614535779,0.789502778313925
20,1,0.25,0.904051172707889,0.939698492462312,0.704225352112676,0.946835443037975,0.943253467843632,0.82760634156699,0,90.4051172707889,93.9698492462311,70.4225352112676,94.6835443037975,94.3253467843632,0.744626614535779,0.789502778313925
20,1,0.26,0.904051172707889,0.939698492462312,0.704225352112676,0.946835443037975,0.943253467843632,0.82760634156699,0,90.4051172707889,93.9698492462311,70.4225352112676,94.6835443037975,94.3253467843632,0.744626614535779,0.789502778313925
20,1,0.27,0.904051172707889,0.939698492462312,0.704225352112676,0.946835443037975,0.943253467843632,0.82760634156699,0,90.4051172707889,93.9698492462311,70.4225352112676,94.6835443037975,94.3253467843632,0.744626614535779,0.789502778313925
20,1,0.28,0.904051172707889,0.939698492462312,0.704225352112676,0.946835443037975,0.943253467843632,0.82760634156699,0,90.4051172707889,93.9698492462311,70.4225352112676,94.6835443037975,94.3253467843632,0.744626614535779,0.789502778313925
20,1,0.29,0.904051172707889,0.939698492462312,0.704225352112676,0.946835443037975,0.943253467843632,0.82760634156699,0,90.4051172707889,93.9698492462311,70.4225352112676,94.6835443037975,94.3253467843632,0.744626614535779,0.789502778313925
20,1,0.3,0.904051172707889,0.939698492462312,0.704225352112676,0.946835443037975,0.943253467843632,0.82760634156699,0,90.4051172707889,93.9698492462311,70.4225352112676,94.6835443037975,94.3253467843632,0.744626614535779,0.789502778313925
20,1,0.31,0.904051172707889,0.939698492462312,0.704225352112676,0.946835443037975,0.943253467843632,0.82760634156699,0,90.4051172707889,93.9698492462311,70.4225352112676,94.6835443037975,94.3253467843632,0.744626614535779,0.789502778313925
20,1,0.32,0.904051172707889,0.939698492462312,0.704225352112676,0.946835443037975,0.943253467843632,0.82760634156699,0,90.4051172707889,93.9698492462311,70.4225352112676,94.6835443037975,94.3253467843632,0.744626614535779,0.789502778313925
20,1,0.33,0.904051172707889,0.939698492462312,0.704225352112676,0.946835443037975,0.943253467843632,0.82760634156699,0,90.4051172707889,93.9698492462311,70.4225352112676,94.6835443037975,94.3253467843632,0.744626614535779,0.789502778313925
20,1,0.34,0.904051172707889,0.939698492462312,0.704225352112676,0.946835443037975,0.943253467843632,0.82760634156699,0,90.4051172707889,93.9698492462311,70.4225352112676,94.6835443037975,94.3253467843632,0.744626614535779,0.789502778313925
20,1,0.35,0.904051172707889,0.939698492462312,0.704225352112676,0.946835443037975,0.943253467843632,0.82760634156699,0,90.4051172707889,93.9698492462311,70.4225352112676,94.6835443037975,94.3253467843632,0.744626614535779,0.789502778313925
20,1,0.36,0.904051172707889,0.939698492462312,0.704225352112676,0.946835443037975,0.943253467843632,0.82760634156699,0,90.4051172707889,93.9698492462311,70.4225352112676,94.6835443037975,94.3253467843632,0.744626614535779,0.789502778313925
20,1,0.37,0.904051172707889,0.939698492462312,0.704225352112676,0.946835443037975,0.943253467843632,0.82760634156699,0,90.4051172707889,93.9698492462311,70.4225352112676,94.6835443037975,94.3253467843632,0.744626614535779,0.789502778313925
20,1,0.38,0.904051172707889,0.939698492462312,0.704225352112676,0.946835443037975,0.943253467843632,0.82760634156699,0,90.4051172707889,93.9698492462311,70.4225352112676,94.6835443037975,94.3253467843632,0.744626614535779,0.789502778313925
20,1,0.39,0.904051172707889,0.939698492462312,0.704225352112676,0.946835443037975,0.943253467843632,0.82760634156699,0,90.4051172707889,93.9698492462311,70.4225352112676,94.6835443037975,94.3253467843632,0.744626614535779,0.789502778313925
20,1,0.4,0.904051172707889,0.939698492462312,0.704225352112676,0.946835443037975,0.943253467843632,0.82760634156699,0,90.4051172707889,93.9698492462311,70.4225352112676,94.6835443037975,94.3253467843632,0.744626614535779,0.789502778313925
20,1,0.41,0.904051172707889,0.939698492462312,0.704225352112676,0.946835443037975,0.943253467843632,0.82760634156699,0,90.4051172707889,93.9698492462311,70.4225352112676,94.6835443037975,94.3253467843632,0.744626614535779,0.789502778313925
20,1,0.42,0.904051172707889,0.939698492462312,0.704225352112676,0.946835443037975,0.943253467843632,0.82760634156699,0,90.4051172707889,93.9698492462311,70.4225352112676,94.6835443037975,94.3253467843632,0.744626614535779,0.789502778313925
20,1,0.43,0.904051172707889,0.939698492462312,0.704225352112676,0.946835443037975,0.943253467843632,0.82760634156699,0,90.4051172707889,93.9698492462311,70.4225352112676,94.6835443037975,94.3253467843632,0.744626614535779,0.789502778313925
20,1,0.44,0.904051172707889,0.939698492462312,0.704225352112676,0.946835443037975,0.943253467843632,0.82760634156699,0,90.4051172707889,93.9698492462311,70.4225352112676,94.6835443037975,94.3253467843632,0.744626614535779,0.789502778313925
20,1,0.45,0.904051172707889,0.939698492462312,0.704225352112676,0.946835443037975,0.943253467843632,0.82760634156699,0,90.4051172707889,93.9698492462311,70.4225352112676,94.6835443037975,94.3253467843632,0.744626614535779,0.789502778313925
20,1,0.46,0.904051172707889,0.939698492462312,0.704225352112676,0.946835443037975,0.943253467843632,0.82760634156699,0,90.4051172707889,93.9698492462311,70.4225352112676,94.6835443037975,94.3253467843632,0.744626614535779,0.789502778313925
20,1,0.47,0.904051172707889,0.939698492462312,0.704225352112676,0.946835443037975,0.943253467843632,0.82760634156699,0,90.4051172707889,93.9698492462311,70.4225352112676,94.6835443037975,94.3253467843632,0.744626614535779,0.789502778313925
20,1,0.48,0.904051172707889,0.939698492462312,0.704225352112676,0.946835443037975,0.943253467843632,0.82760634156699,0,90.4051172707889,93.9698492462311,70.4225352112676,94.6835443037975,94.3253467843632,0.744626614535779,0.789502778313925
20,5,0.22,0.904051172707889,0.939698492462312,0.704225352112676,0.946835443037975,0.943253467843632,0.890261164979829,0,90.4051172707889,93.9698492462311,70.4225352112676,94.6835443037975,94.3253467843632,0.744626614535779,0.789502778313925
20,5,0.23,0.904051172707889,0.939698492462312,0.704225352112676,0.946835443037975,0.943253467843632,0.890261164979829,0,90.4051172707889,93.9698492462311,70.4225352112676,94.6835443037975,94.3253467843632,0.744626614535779,0.789502778313925
20,5,0.24,0.904051172707889,0.939698492462312,0.704225352112676,0.946835443037975,0.943253467843632,0.890261164979829,0,90.4051172707889,93.9698492462311,70.4225352112676,94.6835443037975,94.3253467843632,0.744626614535779,0.789502778313925
20,5,0.25,0.904051172707889,0.939698492462312,0.704225352112676,0.946835443037975,0.943253467843632,0.890261164979829,0,90.4051172707889,93.9698492462311,70.4225352112676,94.6835443037975,94.3253467843632,0.744626614535779,0.789502778313925
20,5,0.26,0.904051172707889,0.939698492462312,0.704225352112676,0.946835443037975,0.943253467843632,0.890261164979829,0,90.4051172707889,93.9698492462311,70.4225352112676,94.6835443037975,94.3253467843632,0.744626614535779,0.789502778313925
20,5,0.27,0.904051172707889,0.939698492462312,0.704225352112676,0.946835443037975,0.943253467843632,0.890261164979829,0,90.4051172707889,93.9698492462311,70.4225352112676,94.6835443037975,94.3253467843632,0.744626614535779,0.789502778313925
20,5,0.28,0.904051172707889,0.939698492462312,0.704225352112676,0.946835443037975,0.943253467843632,0.890261164979829,0,90.4051172707889,93.9698492462311,70.4225352112676,94.6835443037975,94.3253467843632,0.744626614535779,0.789502778313925
20,5,0.29,0.904051172707889,0.939698492462312,0.704225352112676,0.946835443037975,0.943253467843632,0.890261164979829,0,90.4051172707889,93.9698492462311,70.4225352112676,94.6835443037975,94.3253467843632,0.744626614535779,0.789502778313925
20,5,0.3,0.904051172707889,0.939698492462312,0.704225352112676,0.946835443037975,0.943253467843632,0.890261164979829,0,90.4051172707889,93.9698492462311,70.4225352112676,94.6835443037975,94.3253467843632,0.744626614535779,0.789502778313925
20,5,0.31,0.904051172707889,0.939698492462312,0.704225352112676,0.946835443037975,0.943253467843632,0.890261164979829,0,90.4051172707889,93.9698492462311,70.4225352112676,94.6835443037975,94.3253467843632,0.744626614535779,0.789502778313925
20,5,0.32,0.904051172707889,0.939698492462312,0.704225352112676,0.946835443037975,0.943253467843632,0.890261164979829,0,90.4051172707889,93.9698492462311,70.4225352112676,94.6835443037975,94.3253467843632,0.744626614535779,0.789502778313925
20,5,0.33,0.904051172707889,0.939698492462312,0.704225352112676,0.946835443037975,0.943253467843632,0.890261164979829,0,90.4051172707889,93.9698492462311,70.4225352112676,94.6835443037975,94.3253467843632,0.744626614535779,0.789502778313925
20,5,0.34,0.904051172707889,0.939698492462312,0.704225352112676,0.946835443037975,0.943253467843632,0.890261164979829,0,90.4051172707889,93.9698492462311,70.4225352112676,94.6835443037975,94.3253467843632,0.744626614535779,0.789502778313925
20,5,0.35,0.904051172707889,0.939698492462312,0.704225352112676,0.946835443037975,0.943253467843632,0.890261164979829,0,90.4051172707889,93.9698492462311,70.4225352112676,94.6835443037975,94.3253467843632,0.744626614535779,0.789502778313925
20,5,0.36,0.904051172707889,0.939698492462312,0.704225352112676,0.946835443037975,0.943253467843632,0.890261164979829,0,90.4051172707889,93.9698492462311,70.4225352112676,94.6835443037975,94.3253467843632,0.744626614535779,0.789502778313925
20,5,0.37,0.904051172707889,0.939698492462312,0.704225352112676,0.946835443037975,0.943253467843632,0.890261164979829,0,90.4051172707889,93.9698492462311,70.4225352112676,94.6835443037975,94.3253467843632,0.744626614535779,0.789502778313925
20,5,0.38,0.904051172707889,0.939698492462312,0.704225352112676,0.946835443037975,0.943253467843632,0.890261164979829,0,90.4051172707889,93.9698492462311,70.4225352112676,94.6835443037975,94.3253467843632,0.744626614535779,0.789502778313925
20,5,0.39,0.904051172707889,0.939698492462312,0.704225352112676,0.946835443037975,0.943253467843632,0.890261164979829,0,90.4051172707889,93.9698492462311,70.4225352112676,94.6835443037975,94.3253467843632,0.744626614535779,0.789502778313925
20,5,0.4,0.904051172707889,0.939698492462312,0.704225352112676,0.946835443037975,0.943253467843632,0.890261164979829,0,90.4051172707889,93.9698492462311,70.4225352112676,94.6835443037975,94.3253467843632,0.744626614535779,0.789502778313925
20,5,0.41,0.904051172707889,0.939698492462312,0.704225352112676,0.946835443037975,0.943253467843632,0.890261164979829,0,90.4051172707889,93.9698492462311,70.4225352112676,94.6835443037975,94.3253467843632,0.744626614535779,0.789502778313925
20,5,0.42,0.904051172707889,0.939698492462312,0.704225352112676,0.946835443037975,0.943253467843632,0.890261164979829,0,90.4051172707889,93.9698492462311,70.4225352112676,94.6835443037975,94.3253467843632,0.744626614535779,0.789502778313925
20,5,0.43,0.904051172707889,0.939698492462312,0.704225352112676,0.946835443037975,0.943253467843632,0.890261164979829,0,90.4051172707889,93.9698492462311,70.4225352112676,94.6835443037975,94.3253467843632,0.744626614535779,0.789502778313925
30,3,0.11,0.904051172707889,0.939698492462312,0.704225352112676,0.946835443037975,0.943253467843632,0.834418571731899,0,90.4051172707889,93.9698492462311,70.4225352112676,94.6835443037975,94.3253467843632,0.744626614535779,0.789502778313925
30,3,0.12,0.904051172707889,0.939698492462312,0.704225352112676,0.946835443037975,0.943253467843632,0.834418571731899,0,90.4051172707889,93.9698492462311,70.4225352112676,94.6835443037975,94.3253467843632,0.744626614535779,0.789502778313925
50,2,0.55,0.904051172707889,0.939698492462312,0.704225352112676,0.946835443037975,0.943253467843632,0.82286432160804,0,90.4051172707889,93.9698492462311,70.4225352112676,94.6835443037975,94.3253467843632,0.744626614535779,0.789502778313925
50,2,0.56,0.904051172707889,0.939698492462312,0.704225352112676,0.946835443037975,0.943253467843632,0.82286432160804,0,90.4051172707889,93.9698492462311,70.4225352112676,94.6835443037975,94.3253467843632,0.744626614535779,0.789502778313925
50,2,0.57,0.904051172707889,0.939698492462312,0.704225352112676,0.946835443037975,0.943253467843632,0.82286432160804,0,90.4051172707889,93.9698492462311,70.4225352112676,94.6835443037975,94.3253467843632,0.744626614535779,0.789502778313925
50,2,0.58,0.904051172707889,0.939698492462312,0.704225352112676,0.946835443037975,0.943253467843632,0.82286432160804,0,90.4051172707889,93.9698492462311,70.4225352112676,94.6835443037975,94.3253467843632,0.744626614535779,0.789502778313925
50,2,0.59,0.904051172707889,0.939698492462312,0.704225352112676,0.946835443037975,0.943253467843632,0.82286432160804,0,90.4051172707889,93.9698492462311,70.4225352112676,94.6835443037975,94.3253467843632,0.744626614535779,0.789502778313925
50,2,0.6,0.904051172707889,0.939698492462312,0.704225352112676,0.946835443037975,0.943253467843632,0.82286432160804,0,90.4051172707889,93.9698492462311,70.4225352112676,94.6835443037975,94.3253467843632,0.744626614535779,0.789502778313925
50,2,0.61,0.904051172707889,0.939698492462312,0.704225352112676,0.946835443037975,0.943253467843632,0.82286432160804,0,90.4051172707889,93.9698492462311,70.4225352112676,94.6835443037975,94.3253467843632,0.744626614535779,0.789502778313925
50,2,0.62,0.904051172707889,0.939698492462312,0.704225352112676,0.946835443037975,0.943253467843632,0.82286432160804,0,90.4051172707889,93.9698492462311,70.4225352112676,94.6835443037975,94.3253467843632,0.744626614535779,0.789502778313925
50,2,0.63,0.904051172707889,0.939698492462312,0.704225352112676,0.946835443037975,0.943253467843632,0.82286432160804,0,90.4051172707889,93.9698492462311,70.4225352112676,94.6835443037975,94.3253467843632,0.744626614535779,0.789502778313925
50,2,0.64,0.904051172707889,0.939698492462312,0.704225352112676,0.946835443037975,0.943253467843632,0.82286432160804,0,90.4051172707889,93.9698492462311,70.4225352112676,94.6835443037975,94.3253467843632,0.744626614535779,0.789502778313925
50,2,0.65,0.904051172707889,0.939698492462312,0.704225352112676,0.946835443037975,0.943253467843632,0.82286432160804,0,90.4051172707889,93.9698492462311,70.4225352112676,94.6835443037975,94.3253467843632,0.744626614535779,0.789502778313925
50,2,0.66,0.904051172707889,0.939698492462312,0.704225352112676,0.946835443037975,0.943253467843632,0.82286432160804,0,90.4051172707889,93.9698492462311,70.4225352112676,94.6835443037975,94.3253467843632,0.744626614535779,0.789502778313925
50,2,0.67,0.904051172707889,0.939698492462312,0.704225352112676,0.946835443037975,0.943253467843632,0.82286432160804,0,90.4051172707889,93.9698492462311,70.4225352112676,94.6835443037975,94.3253467843632,0.744626614535779,0.789502778313925
50,2,0.68,0.904051172707889,0.939698492462312,0.704225352112676,0.946835443037975,0.943253467843632,0.82286432160804,0,90.4051172707889,93.9698492462311,70.4225352112676,94.6835443037975,94.3253467843632,0.744626614535779,0.789502778313925
50,2,0.69,0.904051172707889,0.939698492462312,0.704225352112676,0.946835443037975,0.943253467843632,0.82286432160804,0,90.4051172707889,93.9698492462311,70.4225352112676,94.6835443037975,94.3253467843632,0.744626614535779,0.789502778313925
50,2,0.7,0.904051172707889,0.939698492462312,0.704225352112676,0.946835443037975,0.943253467843632,0.82286432160804,0,90.4051172707889,93.9698492462311,70.4225352112676,94.6835443037975,94.3253467843632,0.744626614535779,0.789502778313925
30,1,0.55,0.901918976545842,0.937185929648241,0.704225352112676,0.946700507614213,0.941919191919192,0.830897444971336,0,90.1918976545842,93.7185929648241,70.4225352112676,94.6700507614213,94.1919191919192,0.742870419690176,0.788592844851302
30,1,0.56,0.901918976545842,0.937185929648241,0.704225352112676,0.946700507614213,0.941919191919192,0.830897444971336,0,90.1918976545842,93.7185929648241,70.4225352112676,94.6700507614213,94.1919191919192,0.742870419690176,0.788592844851302
30,1,0.57,0.901918976545842,0.937185929648241,0.704225352112676,0.946700507614213,0.941919191919192,0.830897444971336,0,90.1918976545842,93.7185929648241,70.4225352112676,94.6700507614213,94.1919191919192,0.742870419690176,0.788592844851302
30,1,0.58,0.901918976545842,0.937185929648241,0.704225352112676,0.946700507614213,0.941919191919192,0.830897444971336,0,90.1918976545842,93.7185929648241,70.4225352112676,94.6700507614213,94.1919191919192,0.742870419690176,0.788592844851302
30,1,0.59,0.901918976545842,0.937185929648241,0.704225352112676,0.946700507614213,0.941919191919192,0.830897444971336,0,90.1918976545842,93.7185929648241,70.4225352112676,94.6700507614213,94.1919191919192,0.742870419690176,0.788592844851302
30,1,0.6,0.901918976545842,0.937185929648241,0.704225352112676,0.946700507614213,0.941919191919192,0.830897444971336,0,90.1918976545842,93.7185929648241,70.4225352112676,94.6700507614213,94.1919191919192,0.742870419690176,0.788592844851302
30,1,0.61,0.901918976545842,0.937185929648241,0.704225352112676,0.946700507614213,0.941919191919192,0.830897444971336,0,90.1918976545842,93.7185929648241,70.4225352112676,94.6700507614213,94.1919191919192,0.742870419690176,0.788592844851302
30,1,0.62,0.901918976545842,0.937185929648241,0.704225352112676,0.946700507614213,0.941919191919192,0.830897444971336,0,90.1918976545842,93.7185929648241,70.4225352112676,94.6700507614213,94.1919191919192,0.742870419690176,0.788592844851302
30,1,0.63,0.901918976545842,0.937185929648241,0.704225352112676,0.946700507614213,0.941919191919192,0.830897444971336,0,90.1918976545842,93.7185929648241,70.4225352112676,94.6700507614213,94.1919191919192,0.742870419690176,0.788592844851302
30,1,0.64,0.901918976545842,0.937185929648241,0.704225352112676,0.946700507614213,0.941919191919192,0.830897444971336,0,90.1918976545842,93.7185929648241,70.4225352112676,94.6700507614213,94.1919191919192,0.742870419690176,0.788592844851302
30,1,0.65,0.901918976545842,0.937185929648241,0.704225352112676,0.946700507614213,0.941919191919192,0.830897444971336,0,90.1918976545842,93.7185929648241,70.4225352112676,94.6700507614213,94.1919191919192,0.742870419690176,0.788592844851302
30,1,0.66,0.901918976545842,0.937185929648241,0.704225352112676,0.946700507614213,0.941919191919192,0.830897444971336,0,90.1918976545842,93.7185929648241,70.4225352112676,94.6700507614213,94.1919191919192,0.742870419690176,0.788592844851302
30,1,0.67,0.901918976545842,0.937185929648241,0.704225352112676,0.946700507614213,0.941919191919192,0.830897444971336,0,90.1918976545842,93.7185929648241,70.4225352112676,94.6700507614213,94.1919191919192,0.742870419690176,0.788592844851302
30,1,0.68,0.901918976545842,0.937185929648241,0.704225352112676,0.946700507614213,0.941919191919192,0.830897444971336,0,90.1918976545842,93.7185929648241,70.4225352112676,94.6700507614213,94.1919191919192,0.742870419690176,0.788592844851302
30,1,0.69,0.901918976545842,0.937185929648241,0.704225352112676,0.946700507614213,0.941919191919192,0.830897444971336,0,90.1918976545842,93.7185929648241,70.4225352112676,94.6700507614213,94.1919191919192,0.742870419690176,0.788592844851302
30,1,0.7,0.901918976545842,0.937185929648241,0.704225352112676,0.946700507614213,0.941919191919192,0.830897444971336,0,90.1918976545842,93.7185929648241,70.4225352112676,94.6700507614213,94.1919191919192,0.742870419690176,0.788592844851302
30,1,0.71,0.901918976545842,0.937185929648241,0.704225352112676,0.946700507614213,0.941919191919192,0.830897444971336,0,90.1918976545842,93.7185929648241,70.4225352112676,94.6700507614213,94.1919191919192,0.742870419690176,0.788592844851302
30,1,0.72,0.901918976545842,0.937185929648241,0.704225352112676,0.946700507614213,0.941919191919192,0.830897444971336,0,90.1918976545842,93.7185929648241,70.4225352112676,94.6700507614213,94.1919191919192,0.742870419690176,0.788592844851302
30,1,0.73,0.901918976545842,0.937185929648241,0.704225352112676,0.946700507614213,0.941919191919192,0.830897444971336,0,90.1918976545842,93.7185929648241,70.4225352112676,94.6700507614213,94.1919191919192,0.742870419690176,0.788592844851302
30,1,0.74,0.901918976545842,0.937185929648241,0.704225352112676,0.946700507614213,0.941919191919192,0.830897444971336,0,90.1918976545842,93.7185929648241,70.4225352112676,94.6700507614213,94.1919191919192,0.742870419690176,0.788592844851302
30,1,0.75,0.901918976545842,0.937185929648241,0.704225352112676,0.946700507614213,0.941919191919192,0.830897444971336,0,90.1918976545842,93.7185929648241,70.4225352112676,94.6700507614213,94.1919191919192,0.742870419690176,0.788592844851302
30,1,0.76,0.901918976545842,0.937185929648241,0.704225352112676,0.946700507614213,0.941919191919192,0.830897444971336,0,90.1918976545842,93.7185929648241,70.4225352112676,94.6700507614213,94.1919191919192,0.742870419690176,0.788592844851302
30,1,0.77,0.901918976545842,0.937185929648241,0.704225352112676,0.946700507614213,0.941919191919192,0.830897444971336,0,90.1918976545842,93.7185929648241,70.4225352112676,94.6700507614213,94.1919191919192,0.742870419690176,0.788592844851302
40,1,0.81,0.901918976545842,0.937185929648241,0.704225352112676,0.946700507614213,0.941919191919192,0.822032698704792,0,90.1918976545842,93.7185929648241,70.4225352112676,94.6700507614213,94.1919191919192,0.742870419690176,0.788592844851302
40,1,0.82,0.901918976545842,0.937185929648241,0.704225352112676,0.946700507614213,0.941919191919192,0.822032698704792,0,90.1918976545842,93.7185929648241,70.4225352112676,94.6700507614213,94.1919191919192,0.742870419690176,0.788592844851302
40,1,0.83,0.901918976545842,0.937185929648241,0.704225352112676,0.946700507614213,0.941919191919192,0.822032698704792,0,90.1918976545842,93.7185929648241,70.4225352112676,94.6700507614213,94.1919191919192,0.742870419690176,0.788592844851302
40,1,0.84,0.901918976545842,0.937185929648241,0.704225352112676,0.946700507614213,0.941919191919192,0.822032698704792,0,90.1918976545842,93.7185929648241,70.4225352112676,94.6700507614213,94.1919191919192,0.742870419690176,0.788592844851302
40,1,0.85,0.901918976545842,0.937185929648241,0.704225352112676,0.946700507614213,0.941919191919192,0.822032698704792,0,90.1918976545842,93.7185929648241,70.4225352112676,94.6700507614213,94.1919191919192,0.742870419690176,0.788592844851302
40,1,0.86,0.901918976545842,0.937185929648241,0.704225352112676,0.946700507614213,0.941919191919192,0.822032698704792,0,90.1918976545842,93.7185929648241,70.4225352112676,94.6700507614213,94.1919191919192,0.742870419690176,0.788592844851302
40,1,0.87,0.901918976545842,0.937185929648241,0.704225352112676,0.946700507614213,0.941919191919192,0.822032698704792,0,90.1918976545842,93.7185929648241,70.4225352112676,94.6700507614213,94.1919191919192,0.742870419690176,0.788592844851302
40,1,0.88,0.901918976545842,0.937185929648241,0.704225352112676,0.946700507614213,0.941919191919192,0.822032698704792,0,90.1918976545842,93.7185929648241,70.4225352112676,94.6700507614213,94.1919191919192,0.742870419690176,0.788592844851302
40,1,0.89,0.901918976545842,0.937185929648241,0.704225352112676,0.946700507614213,0.941919191919192,0.822032698704792,0,90.1918976545842,93.7185929648241,70.4225352112676,94.6700507614213,94.1919191919192,0.742870419690176,0.788592844851302
40,1,0.9,0.901918976545842,0.937185929648241,0.704225352112676,0.946700507614213,0.941919191919192,0.822032698704792,0,90.1918976545842,93.7185929648241,70.4225352112676,94.6700507614213,94.1919191919192,0.742870419690176,0.788592844851302
40,1,0.91,0.901918976545842,0.937185929648241,0.704225352112676,0.946700507614213,0.941919191919192,0.822032698704792,0,90.1918976545842,93.7185929648241,70.4225352112676,94.6700507614213,94.1919191919192,0.742870419690176,0.788592844851302
40,1,0.92,0.901918976545842,0.937185929648241,0.704225352112676,0.946700507614213,0.941919191919192,0.822032698704792,0,90.1918976545842,93.7185929648241,70.4225352112676,94.6700507614213,94.1919191919192,0.742870419690176,0.788592844851302
40,1,0.93,0.901918976545842,0.937185929648241,0.704225352112676,0.946700507614213,0.941919191919192,0.822032698704792,0,90.1918976545842,93.7185929648241,70.4225352112676,94.6700507614213,94.1919191919192,0.742870419690176,0.788592844851302
40,1,0.94,0.901918976545842,0.937185929648241,0.704225352112676,0.946700507614213,0.941919191919192,0.822032698704792,0,90.1918976545842,93.7185929648241,70.4225352112676,94.6700507614213,94.1919191919192,0.742870419690176,0.788592844851302
40,1,0.95,0.901918976545842,0.937185929648241,0.704225352112676,0.946700507614213,0.941919191919192,0.822032698704792,0,90.1918976545842,93.7185929648241,70.4225352112676,94.6700507614213,94.1919191919192,0.742870419690176,0.788592844851302
40,3,0.71,0.901918976545842,0.937185929648241,0.704225352112676,0.946700507614213,0.941919191919192,0.826120036803737,0,90.1918976545842,93.7185929648241,70.4225352112676,94.6700507614213,94.1919191919192,0.742870419690176,0.788592844851302
40,3,0.72,0.901918976545842,0.937185929648241,0.704225352112676,0.946700507614213,0.941919191919192,0.826120036803737,0,90.1918976545842,93.7185929648241,70.4225352112676,94.6700507614213,94.1919191919192,0.742870419690176,0.788592844851302
40,3,0.73,0.901918976545842,0.937185929648241,0.704225352112676,0.946700507614213,0.941919191919192,0.826120036803737,0,90.1918976545842,93.7185929648241,70.4225352112676,94.6700507614213,94.1919191919192,0.742870419690176,0.788592844851302
40,3,0.74,0.901918976545842,0.937185929648241,0.704225352112676,0.946700507614213,0.941919191919192,0.826120036803737,0,90.1918976545842,93.7185929648241,70.4225352112676,94.6700507614213,94.1919191919192,0.742870419690176,0.788592844851302
40,3,0.75,0.901918976545842,0.937185929648241,0.704225352112676,0.946700507614213,0.941919191919192,0.826120036803737,0,90.1918976545842,93.7185929648241,70.4225352112676,94.6700507614213,94.1919191919192,0.742870419690176,0.788592844851302
40,3,0.76,0.901918976545842,0.937185929648241,0.704225352112676,0.946700507614213,0.941919191919192,0.826120036803737,0,90.1918976545842,93.7185929648241,70.4225352112676,94.6700507614213,94.1919191919192,0.742870419690176,0.788592844851302
40,3,0.77,0.901918976545842,0.937185929648241,0.704225352112676,0.946700507614213,0.941919191919192,0.826120036803737,0,90.1918976545842,93.7185929648241,70.4225352112676,94.6700507614213,94.1919191919192,0.742870419690176,0.788592844851302
50,10,0.21,0.901918976545842,0.937185929648241,0.704225352112676,0.946700507614213,0.941919191919192,0.904434142543705,0,90.1918976545842,93.7185929648241,70.4225352112676,94.6700507614213,94.1919191919192,0.742870419690176,0.788592844851302
50,10,0.22,0.901918976545842,0.937185929648241,0.704225352112676,0.946700507614213,0.941919191919192,0.904434142543705,0,90.1918976545842,93.7185929648241,70.4225352112676,94.6700507614213,94.1919191919192,0.742870419690176,0.788592844851302
50,1,0.38,0.916844349680171,0.957286432160804,0.690140845070423,0.945409429280397,0.951310861423221,0.806408804586312,0,91.6844349680171,95.7286432160804,69.0140845070423,94.5409429280397,95.1310861423221,0.74006050793721,0.786888559286417
50,1,0.39,0.916844349680171,0.957286432160804,0.690140845070423,0.945409429280397,0.951310861423221,0.806408804586312,0,91.6844349680171,95.7286432160804,69.0140845070423,94.5409429280397,95.1310861423221,0.74006050793721,0.786888559286417
50,1,0.4,0.916844349680171,0.957286432160804,0.690140845070423,0.945409429280397,0.951310861423221,0.806408804586312,0,91.6844349680171,95.7286432160804,69.0140845070423,94.5409429280397,95.1310861423221,0.74006050793721,0.786888559286417
50,1,0.41,0.916844349680171,0.957286432160804,0.690140845070423,0.945409429280397,0.951310861423221,0.806408804586312,0,91.6844349680171,95.7286432160804,69.0140845070423,94.5409429280397,95.1310861423221,0.74006050793721,0.786888559286417
50,1,0.42,0.916844349680171,0.957286432160804,0.690140845070423,0.945409429280397,0.951310861423221,0.806408804586312,0,91.6844349680171,95.7286432160804,69.0140845070423,94.5409429280397,95.1310861423221,0.74006050793721,0.786888559286417
50,1,0.43,0.916844349680171,0.957286432160804,0.690140845070423,0.945409429280397,0.951310861423221,0.806408804586312,0,91.6844349680171,95.7286432160804,69.0140845070423,94.5409429280397,95.1310861423221,0.74006050793721,0.786888559286417
50,1,0.44,0.916844349680171,0.957286432160804,0.690140845070423,0.945409429280397,0.951310861423221,0.806408804586312,0,91.6844349680171,95.7286432160804,69.0140845070423,94.5409429280397,95.1310861423221,0.74006050793721,0.786888559286417
50,1,0.45,0.916844349680171,0.957286432160804,0.690140845070423,0.945409429280397,0.951310861423221,0.806408804586312,0,91.6844349680171,95.7286432160804,69.0140845070423,94.5409429280397,95.1310861423221,0.74006050793721,0.786888559286417
50,1,0.46,0.916844349680171,0.957286432160804,0.690140845070423,0.945409429280397,0.951310861423221,0.806408804586312,0,91.6844349680171,95.7286432160804,69.0140845070423,94.5409429280397,95.1310861423221,0.74006050793721,0.786888559286417
50,1,0.47,0.916844349680171,0.957286432160804,0.690140845070423,0.945409429280397,0.951310861423221,0.806408804586312,0,91.6844349680171,95.7286432160804,69.0140845070423,94.5409429280397,95.1310861423221,0.74006050793721,0.786888559286417
50,1,0.48,0.916844349680171,0.957286432160804,0.690140845070423,0.945409429280397,0.951310861423221,0.806408804586312,0,91.6844349680171,95.7286432160804,69.0140845070423,94.5409429280397,95.1310861423221,0.74006050793721,0.786888559286417
50,1,0.49,0.916844349680171,0.957286432160804,0.690140845070423,0.945409429280397,0.951310861423221,0.806408804586312,0,91.6844349680171,95.7286432160804,69.0140845070423,94.5409429280397,95.1310861423221,0.74006050793721,0.786888559286417
50,1,0.5,0.916844349680171,0.957286432160804,0.690140845070423,0.945409429280397,0.951310861423221,0.806408804586312,0,91.6844349680171,95.7286432160804,69.0140845070423,94.5409429280397,95.1310861423221,0.74006050793721,0.786888559286417
50,1,0.51,0.916844349680171,0.957286432160804,0.690140845070423,0.945409429280397,0.951310861423221,0.806408804586312,0,91.6844349680171,95.7286432160804,69.0140845070423,94.5409429280397,95.1310861423221,0.74006050793721,0.786888559286417
50,1,0.52,0.916844349680171,0.957286432160804,0.690140845070423,0.945409429280397,0.951310861423221,0.806408804586312,0,91.6844349680171,95.7286432160804,69.0140845070423,94.5409429280397,95.1310861423221,0.74006050793721,0.786888559286417
50,1,0.53,0.916844349680171,0.957286432160804,0.690140845070423,0.945409429280397,0.951310861423221,0.806408804586312,0,91.6844349680171,95.7286432160804,69.0140845070423,94.5409429280397,95.1310861423221,0.74006050793721,0.786888559286417
50,1,0.54,0.916844349680171,0.957286432160804,0.690140845070423,0.945409429280397,0.951310861423221,0.806408804586312,0,91.6844349680171,95.7286432160804,69.0140845070423,94.5409429280397,95.1310861423221,0.74006050793721,0.786888559286417
50,1,0.55,0.916844349680171,0.957286432160804,0.690140845070423,0.945409429280397,0.951310861423221,0.806408804586312,0,91.6844349680171,95.7286432160804,69.0140845070423,94.5409429280397,95.1310861423221,0.74006050793721,0.786888559286417
50,1,0.56,0.916844349680171,0.957286432160804,0.690140845070423,0.945409429280397,0.951310861423221,0.806408804586312,0,91.6844349680171,95.7286432160804,69.0140845070423,94.5409429280397,95.1310861423221,0.74006050793721,0.786888559286417
50,1,0.57,0.916844349680171,0.957286432160804,0.690140845070423,0.945409429280397,0.951310861423221,0.806408804586312,0,91.6844349680171,95.7286432160804,69.0140845070423,94.5409429280397,95.1310861423221,0.74006050793721,0.786888559286417
50,1,0.58,0.916844349680171,0.957286432160804,0.690140845070423,0.945409429280397,0.951310861423221,0.806408804586312,0,91.6844349680171,95.7286432160804,69.0140845070423,94.5409429280397,95.1310861423221,0.74006050793721,0.786888559286417
50,1,0.59,0.916844349680171,0.957286432160804,0.690140845070423,0.945409429280397,0.951310861423221,0.806408804586312,0,91.6844349680171,95.7286432160804,69.0140845070423,94.5409429280397,95.1310861423221,0.74006050793721,0.786888559286417
50,1,0.6,0.916844349680171,0.957286432160804,0.690140845070423,0.945409429280397,0.951310861423221,0.806408804586312,0,91.6844349680171,95.7286432160804,69.0140845070423,94.5409429280397,95.1310861423221,0.74006050793721,0.786888559286417
50,1,0.61,0.916844349680171,0.957286432160804,0.690140845070423,0.945409429280397,0.951310861423221,0.806408804586312,0,91.6844349680171,95.7286432160804,69.0140845070423,94.5409429280397,95.1310861423221,0.74006050793721,0.786888559286417
50,1,0.62,0.916844349680171,0.957286432160804,0.690140845070423,0.945409429280397,0.951310861423221,0.806408804586312,0,91.6844349680171,95.7286432160804,69.0140845070423,94.5409429280397,95.1310861423221,0.74006050793721,0.786888559286417
50,1,0.63,0.916844349680171,0.957286432160804,0.690140845070423,0.945409429280397,0.951310861423221,0.806408804586312,0,91.6844349680171,95.7286432160804,69.0140845070423,94.5409429280397,95.1310861423221,0.74006050793721,0.786888559286417
50,1,0.64,0.916844349680171,0.957286432160804,0.690140845070423,0.945409429280397,0.951310861423221,0.806408804586312,0,91.6844349680171,95.7286432160804,69.0140845070423,94.5409429280397,95.1310861423221,0.74006050793721,0.786888559286417
50,1,0.65,0.916844349680171,0.957286432160804,0.690140845070423,0.945409429280397,0.951310861423221,0.806408804586312,0,91.6844349680171,95.7286432160804,69.0140845070423,94.5409429280397,95.1310861423221,0.74006050793721,0.786888559286417
50,1,0.66,0.916844349680171,0.957286432160804,0.690140845070423,0.945409429280397,0.951310861423221,0.806408804586312,0,91.6844349680171,95.7286432160804,69.0140845070423,94.5409429280397,95.1310861423221,0.74006050793721,0.786888559286417
50,1,0.67,0.916844349680171,0.957286432160804,0.690140845070423,0.945409429280397,0.951310861423221,0.806408804586312,0,91.6844349680171,95.7286432160804,69.0140845070423,94.5409429280397,95.1310861423221,0.74006050793721,0.786888559286417
50,1,0.68,0.916844349680171,0.957286432160804,0.690140845070423,0.945409429280397,0.951310861423221,0.806408804586312,0,91.6844349680171,95.7286432160804,69.0140845070423,94.5409429280397,95.1310861423221,0.74006050793721,0.786888559286417
50,1,0.69,0.916844349680171,0.957286432160804,0.690140845070423,0.945409429280397,0.951310861423221,0.806408804586312,0,91.6844349680171,95.7286432160804,69.0140845070423,94.5409429280397,95.1310861423221,0.74006050793721,0.786888559286417
50,1,0.7,0.916844349680171,0.957286432160804,0.690140845070423,0.945409429280397,0.951310861423221,0.806408804586312,0,91.6844349680171,95.7286432160804,69.0140845070423,94.5409429280397,95.1310861423221,0.74006050793721,0.786888559286417
50,1,0.71,0.916844349680171,0.957286432160804,0.690140845070423,0.945409429280397,0.951310861423221,0.806408804586312,0,91.6844349680171,95.7286432160804,69.0140845070423,94.5409429280397,95.1310861423221,0.74006050793721,0.786888559286417
50,1,0.72,0.916844349680171,0.957286432160804,0.690140845070423,0.945409429280397,0.951310861423221,0.806408804586312,0,91.6844349680171,95.7286432160804,69.0140845070423,94.5409429280397,95.1310861423221,0.74006050793721,0.786888559286417
50,1,0.73,0.916844349680171,0.957286432160804,0.690140845070423,0.945409429280397,0.951310861423221,0.806408804586312,0,91.6844349680171,95.7286432160804,69.0140845070423,94.5409429280397,95.1310861423221,0.74006050793721,0.786888559286417
50,1,0.74,0.916844349680171,0.957286432160804,0.690140845070423,0.945409429280397,0.951310861423221,0.806408804586312,0,91.6844349680171,95.7286432160804,69.0140845070423,94.5409429280397,95.1310861423221,0.74006050793721,0.786888559286417
50,1,0.75,0.916844349680171,0.957286432160804,0.690140845070423,0.945409429280397,0.951310861423221,0.806408804586312,0,91.6844349680171,95.7286432160804,69.0140845070423,94.5409429280397,95.1310861423221,0.74006050793721,0.786888559286417
50,1,0.76,0.916844349680171,0.957286432160804,0.690140845070423,0.945409429280397,0.951310861423221,0.806408804586312,0,91.6844349680171,95.7286432160804,69.0140845070423,94.5409429280397,95.1310861423221,0.74006050793721,0.786888559286417
50,1,0.77,0.916844349680171,0.957286432160804,0.690140845070423,0.945409429280397,0.951310861423221,0.806408804586312,0,91.6844349680171,95.7286432160804,69.0140845070423,94.5409429280397,95.1310861423221,0.74006050793721,0.786888559286417
50,1,0.78,0.916844349680171,0.957286432160804,0.690140845070423,0.945409429280397,0.951310861423221,0.806408804586312,0,91.6844349680171,95.7286432160804,69.0140845070423,94.5409429280397,95.1310861423221,0.74006050793721,0.786888559286417
50,1,0.79,0.916844349680171,0.957286432160804,0.690140845070423,0.945409429280397,0.951310861423221,0.806408804586312,0,91.6844349680171,95.7286432160804,69.0140845070423,94.5409429280397,95.1310861423221,0.74006050793721,0.786888559286417
50,1,0.8,0.916844349680171,0.957286432160804,0.690140845070423,0.945409429280397,0.951310861423221,0.806408804586312,0,91.6844349680171,95.7286432160804,69.0140845070423,94.5409429280397,95.1310861423221,0.74006050793721,0.786888559286417
50,1,0.81,0.916844349680171,0.957286432160804,0.690140845070423,0.945409429280397,0.951310861423221,0.806408804586312,0,91.6844349680171,95.7286432160804,69.0140845070423,94.5409429280397,95.1310861423221,0.74006050793721,0.786888559286417
50,1,0.82,0.916844349680171,0.957286432160804,0.690140845070423,0.945409429280397,0.951310861423221,0.806408804586312,0,91.6844349680171,95.7286432160804,69.0140845070423,94.5409429280397,95.1310861423221,0.74006050793721,0.786888559286417
50,1,0.83,0.916844349680171,0.957286432160804,0.690140845070423,0.945409429280397,0.951310861423221,0.806408804586312,0,91.6844349680171,95.7286432160804,69.0140845070423,94.5409429280397,95.1310861423221,0.74006050793721,0.786888559286417
50,1,0.84,0.916844349680171,0.957286432160804,0.690140845070423,0.945409429280397,0.951310861423221,0.806408804586312,0,91.6844349680171,95.7286432160804,69.0140845070423,94.5409429280397,95.1310861423221,0.74006050793721,0.786888559286417
50,1,0.85,0.916844349680171,0.957286432160804,0.690140845070423,0.945409429280397,0.951310861423221,0.806408804586312,0,91.6844349680171,95.7286432160804,69.0140845070423,94.5409429280397,95.1310861423221,0.74006050793721,0.786888559286417
50,1,0.86,0.916844349680171,0.957286432160804,0.690140845070423,0.945409429280397,0.951310861423221,0.806408804586312,0,91.6844349680171,95.7286432160804,69.0140845070423,94.5409429280397,95.1310861423221,0.74006050793721,0.786888559286417
50,1,0.87,0.916844349680171,0.957286432160804,0.690140845070423,0.945409429280397,0.951310861423221,0.806408804586312,0,91.6844349680171,95.7286432160804,69.0140845070423,94.5409429280397,95.1310861423221,0.74006050793721,0.786888559286417
50,1,0.88,0.916844349680171,0.957286432160804,0.690140845070423,0.945409429280397,0.951310861423221,0.806408804586312,0,91.6844349680171,95.7286432160804,69.0140845070423,94.5409429280397,95.1310861423221,0.74006050793721,0.786888559286417
50,1,0.89,0.916844349680171,0.957286432160804,0.690140845070423,0.945409429280397,0.951310861423221,0.806408804586312,0,91.6844349680171,95.7286432160804,69.0140845070423,94.5409429280397,95.1310861423221,0.74006050793721,0.786888559286417
50,1,0.9,0.916844349680171,0.957286432160804,0.690140845070423,0.945409429280397,0.951310861423221,0.806408804586312,0,91.6844349680171,95.7286432160804,69.0140845070423,94.5409429280397,95.1310861423221,0.74006050793721,0.786888559286417
50,1,0.91,0.916844349680171,0.957286432160804,0.690140845070423,0.945409429280397,0.951310861423221,0.806408804586312,0,91.6844349680171,95.7286432160804,69.0140845070423,94.5409429280397,95.1310861423221,0.74006050793721,0.786888559286417
50,1,0.92,0.916844349680171,0.957286432160804,0.690140845070423,0.945409429280397,0.951310861423221,0.806408804586312,0,91.6844349680171,95.7286432160804,69.0140845070423,94.5409429280397,95.1310861423221,0.74006050793721,0.786888559286417
50,1,0.93,0.916844349680171,0.957286432160804,0.690140845070423,0.945409429280397,0.951310861423221,0.806408804586312,0,91.6844349680171,95.7286432160804,69.0140845070423,94.5409429280397,95.1310861423221,0.74006050793721,0.786888559286417
50,1,0.94,0.916844349680171,0.957286432160804,0.690140845070423,0.945409429280397,0.951310861423221,0.806408804586312,0,91.6844349680171,95.7286432160804,69.0140845070423,94.5409429280397,95.1310861423221,0.74006050793721,0.786888559286417
50,1,0.95,0.916844349680171,0.957286432160804,0.690140845070423,0.945409429280397,0.951310861423221,0.806408804586312,0,91.6844349680171,95.7286432160804,69.0140845070423,94.5409429280397,95.1310861423221,0.74006050793721,0.786888559286417
10,8,0.12,0.897654584221748,0.9321608040201,0.704225352112676,0.946428571428571,0.939240506329114,0.902045438459905,0,89.7654584221748,93.21608040201,70.4225352112676,94.6428571428571,93.9240506329114,0.739358029998969,0.786772977926058
10,8,0.13,0.897654584221748,0.9321608040201,0.704225352112676,0.946428571428571,0.939240506329114,0.902045438459905,0,89.7654584221748,93.21608040201,70.4225352112676,94.6428571428571,93.9240506329114,0.739358029998969,0.786772977926058
10,8,0.14,0.897654584221748,0.9321608040201,0.704225352112676,0.946428571428571,0.939240506329114,0.902045438459905,0,89.7654584221748,93.21608040201,70.4225352112676,94.6428571428571,93.9240506329114,0.739358029998969,0.786772977926058
10,8,0.15,0.897654584221748,0.9321608040201,0.704225352112676,0.946428571428571,0.939240506329114,0.902045438459905,0,89.7654584221748,93.21608040201,70.4225352112676,94.6428571428571,93.9240506329114,0.739358029998969,0.786772977926058
10,8,0.16,0.897654584221748,0.9321608040201,0.704225352112676,0.946428571428571,0.939240506329114,0.902045438459905,0,89.7654584221748,93.21608040201,70.4225352112676,94.6428571428571,93.9240506329114,0.739358029998969,0.786772977926058
15,10,0.1,0.897654584221748,0.9321608040201,0.704225352112676,0.946428571428571,0.939240506329114,0.850042465850379,0,89.7654584221748,93.21608040201,70.4225352112676,94.6428571428571,93.9240506329114,0.739358029998969,0.786772977926058
15,10,0.11,0.897654584221748,0.9321608040201,0.704225352112676,0.946428571428571,0.939240506329114,0.850042465850379,0,89.7654584221748,93.21608040201,70.4225352112676,94.6428571428571,93.9240506329114,0.739358029998969,0.786772977926058
15,10,0.12,0.897654584221748,0.9321608040201,0.704225352112676,0.946428571428571,0.939240506329114,0.850042465850379,0,89.7654584221748,93.21608040201,70.4225352112676,94.6428571428571,93.9240506329114,0.739358029998969,0.786772977926058
15,10,0.13,0.897654584221748,0.9321608040201,0.704225352112676,0.946428571428571,0.939240506329114,0.850042465850379,0,89.7654584221748,93.21608040201,70.4225352112676,94.6428571428571,93.9240506329114,0.739358029998969,0.786772977926058
15,10,0.14,0.897654584221748,0.9321608040201,0.704225352112676,0.946428571428571,0.939240506329114,0.850042465850379,0,89.7654584221748,93.21608040201,70.4225352112676,94.6428571428571,93.9240506329114,0.739358029998969,0.786772977926058
15,10,0.15,0.897654584221748,0.9321608040201,0.704225352112676,0.946428571428571,0.939240506329114,0.850042465850379,0,89.7654584221748,93.21608040201,70.4225352112676,94.6428571428571,93.9240506329114,0.739358029998969,0.786772977926058
15,10,0.16,0.897654584221748,0.9321608040201,0.704225352112676,0.946428571428571,0.939240506329114,0.850042465850379,0,89.7654584221748,93.21608040201,70.4225352112676,94.6428571428571,93.9240506329114,0.739358029998969,0.786772977926058
15,10,0.17,0.897654584221748,0.9321608040201,0.704225352112676,0.946428571428571,0.939240506329114,0.850042465850379,0,89.7654584221748,93.21608040201,70.4225352112676,94.6428571428571,93.9240506329114,0.739358029998969,0.786772977926058
10,1,0.1,0.893390191897655,0.92713567839196,0.704225352112676,0.946153846153846,0.936548223350254,0.899002052516102,0,89.3390191897655,92.713567839196,70.4225352112676,94.6153846153846,93.6548223350254,0.735845640307763,0.784953111000813
10,1,0.11,0.893390191897655,0.92713567839196,0.704225352112676,0.946153846153846,0.936548223350254,0.899002052516102,0,89.3390191897655,92.713567839196,70.4225352112676,94.6153846153846,93.6548223350254,0.735845640307763,0.784953111000813
10,1,0.12,0.893390191897655,0.92713567839196,0.704225352112676,0.946153846153846,0.936548223350254,0.899002052516102,0,89.3390191897655,92.713567839196,70.4225352112676,94.6153846153846,93.6548223350254,0.735845640307763,0.784953111000813
10,1,0.13,0.893390191897655,0.92713567839196,0.704225352112676,0.946153846153846,0.936548223350254,0.899002052516102,0,89.3390191897655,92.713567839196,70.4225352112676,94.6153846153846,93.6548223350254,0.735845640307763,0.784953111000813
10,1,0.14,0.893390191897655,0.92713567839196,0.704225352112676,0.946153846153846,0.936548223350254,0.899002052516102,0,89.3390191897655,92.713567839196,70.4225352112676,94.6153846153846,93.6548223350254,0.735845640307763,0.784953111000813
30,2,0.07,0.908315565031983,0.947236180904523,0.690140845070423,0.944862155388471,0.946047678795483,0.842929435911954,0,90.8315565031983,94.7236180904523,69.0140845070423,94.4862155388471,94.6047678795483,0.733176224142446,0.783248825435928
30,2,0.08,0.908315565031983,0.947236180904523,0.690140845070423,0.944862155388471,0.946047678795483,0.842929435911954,0,90.8315565031983,94.7236180904523,69.0140845070423,94.4862155388471,94.6047678795483,0.733176224142446,0.783248825435928
30,2,0.09,0.908315565031983,0.947236180904523,0.690140845070423,0.944862155388471,0.946047678795483,0.842929435911954,0,90.8315565031983,94.7236180904523,69.0140845070423,94.4862155388471,94.6047678795483,0.733176224142446,0.783248825435928
30,2,0.1,0.908315565031983,0.947236180904523,0.690140845070423,0.944862155388471,0.946047678795483,0.842929435911954,0,90.8315565031983,94.7236180904523,69.0140845070423,94.4862155388471,94.6047678795483,0.733176224142446,0.783248825435928
30,3,0.05,0.908315565031983,0.947236180904523,0.690140845070423,0.944862155388471,0.946047678795483,0.834418571731899,0,90.8315565031983,94.7236180904523,69.0140845070423,94.4862155388471,94.6047678795483,0.733176224142446,0.783248825435928
30,3,0.06,0.908315565031983,0.947236180904523,0.690140845070423,0.944862155388471,0.946047678795483,0.834418571731899,0,90.8315565031983,94.7236180904523,69.0140845070423,94.4862155388471,94.6047678795483,0.733176224142446,0.783248825435928
30,3,0.07,0.908315565031983,0.947236180904523,0.690140845070423,0.944862155388471,0.946047678795483,0.834418571731899,0,90.8315565031983,94.7236180904523,69.0140845070423,94.4862155388471,94.6047678795483,0.733176224142446,0.783248825435928
30,3,0.08,0.908315565031983,0.947236180904523,0.690140845070423,0.944862155388471,0.946047678795483,0.834418571731899,0,90.8315565031983,94.7236180904523,69.0140845070423,94.4862155388471,94.6047678795483,0.733176224142446,0.783248825435928
30,3,0.09,0.908315565031983,0.947236180904523,0.690140845070423,0.944862155388471,0.946047678795483,0.834418571731899,0,90.8315565031983,94.7236180904523,69.0140845070423,94.4862155388471,94.6047678795483,0.733176224142446,0.783248825435928
30,3,0.1,0.908315565031983,0.947236180904523,0.690140845070423,0.944862155388471,0.946047678795483,0.834418571731899,0,90.8315565031983,94.7236180904523,69.0140845070423,94.4862155388471,94.6047678795483,0.733176224142446,0.783248825435928
10,5,0.08,0.906183368869936,0.944723618090452,0.690140845070423,0.944723618090452,0.944723618090452,0.886510014863048,0,90.6183368869936,94.4723618090452,69.0140845070423,94.4723618090452,94.4723618090452,0.731455153193755,0.782338891973305
10,5,0.09,0.906183368869936,0.944723618090452,0.690140845070423,0.944723618090452,0.944723618090452,0.886510014863048,0,90.6183368869936,94.4723618090452,69.0140845070423,94.4723618090452,94.4723618090452,0.731455153193755,0.782338891973305
10,5,0.1,0.906183368869936,0.944723618090452,0.690140845070423,0.944723618090452,0.944723618090452,0.886510014863048,0,90.6183368869936,94.4723618090452,69.0140845070423,94.4723618090452,94.4723618090452,0.731455153193755,0.782338891973305
10,5,0.11,0.906183368869936,0.944723618090452,0.690140845070423,0.944723618090452,0.944723618090452,0.886510014863048,0,90.6183368869936,94.4723618090452,69.0140845070423,94.4723618090452,94.4723618090452,0.731455153193755,0.782338891973305
10,5,0.12,0.906183368869936,0.944723618090452,0.690140845070423,0.944723618090452,0.944723618090452,0.886510014863048,0,90.6183368869936,94.4723618090452,69.0140845070423,94.4723618090452,94.4723618090452,0.731455153193755,0.782338891973305
40,2,0.6,0.906183368869936,0.944723618090452,0.690140845070423,0.944723618090452,0.944723618090452,0.817485313893411,0,90.6183368869936,94.4723618090452,69.0140845070423,94.4723618090452,94.4723618090452,0.731455153193755,0.782338891973305
40,2,0.61,0.906183368869936,0.944723618090452,0.690140845070423,0.944723618090452,0.944723618090452,0.817485313893411,0,90.6183368869936,94.4723618090452,69.0140845070423,94.4723618090452,94.4723618090452,0.731455153193755,0.782338891973305
40,2,0.62,0.906183368869936,0.944723618090452,0.690140845070423,0.944723618090452,0.944723618090452,0.817485313893411,0,90.6183368869936,94.4723618090452,69.0140845070423,94.4723618090452,94.4723618090452,0.731455153193755,0.782338891973305
40,2,0.63,0.906183368869936,0.944723618090452,0.690140845070423,0.944723618090452,0.944723618090452,0.817485313893411,0,90.6183368869936,94.4723618090452,69.0140845070423,94.4723618090452,94.4723618090452,0.731455153193755,0.782338891973305
40,2,0.64,0.906183368869936,0.944723618090452,0.690140845070423,0.944723618090452,0.944723618090452,0.817485313893411,0,90.6183368869936,94.4723618090452,69.0140845070423,94.4723618090452,94.4723618090452,0.731455153193755,0.782338891973305
40,2,0.65,0.906183368869936,0.944723618090452,0.690140845070423,0.944723618090452,0.944723618090452,0.817485313893411,0,90.6183368869936,94.4723618090452,69.0140845070423,94.4723618090452,94.4723618090452,0.731455153193755,0.782338891973305
40,2,0.66,0.906183368869936,0.944723618090452,0.690140845070423,0.944723618090452,0.944723618090452,0.817485313893411,0,90.6183368869936,94.4723618090452,69.0140845070423,94.4723618090452,94.4723618090452,0.731455153193755,0.782338891973305
40,2,0.67,0.906183368869936,0.944723618090452,0.690140845070423,0.944723618090452,0.944723618090452,0.817485313893411,0,90.6183368869936,94.4723618090452,69.0140845070423,94.4723618090452,94.4723618090452,0.731455153193755,0.782338891973305
40,2,0.68,0.906183368869936,0.944723618090452,0.690140845070423,0.944723618090452,0.944723618090452,0.817485313893411,0,90.6183368869936,94.4723618090452,69.0140845070423,94.4723618090452,94.4723618090452,0.731455153193755,0.782338891973305
40,2,0.69,0.906183368869936,0.944723618090452,0.690140845070423,0.944723618090452,0.944723618090452,0.817485313893411,0,90.6183368869936,94.4723618090452,69.0140845070423,94.4723618090452,94.4723618090452,0.731455153193755,0.782338891973305
40,2,0.7,0.906183368869936,0.944723618090452,0.690140845070423,0.944723618090452,0.944723618090452,0.817485313893411,0,90.6183368869936,94.4723618090452,69.0140845070423,94.4723618090452,94.4723618090452,0.731455153193755,0.782338891973305
40,2,0.71,0.906183368869936,0.944723618090452,0.690140845070423,0.944723618090452,0.944723618090452,0.817485313893411,0,90.6183368869936,94.4723618090452,69.0140845070423,94.4723618090452,94.4723618090452,0.731455153193755,0.782338891973305
40,2,0.72,0.906183368869936,0.944723618090452,0.690140845070423,0.944723618090452,0.944723618090452,0.817485313893411,0,90.6183368869936,94.4723618090452,69.0140845070423,94.4723618090452,94.4723618090452,0.731455153193755,0.782338891973305
40,2,0.73,0.906183368869936,0.944723618090452,0.690140845070423,0.944723618090452,0.944723618090452,0.817485313893411,0,90.6183368869936,94.4723618090452,69.0140845070423,94.4723618090452,94.4723618090452,0.731455153193755,0.782338891973305
40,2,0.74,0.906183368869936,0.944723618090452,0.690140845070423,0.944723618090452,0.944723618090452,0.817485313893411,0,90.6183368869936,94.4723618090452,69.0140845070423,94.4723618090452,94.4723618090452,0.731455153193755,0.782338891973305
40,2,0.75,0.906183368869936,0.944723618090452,0.690140845070423,0.944723618090452,0.944723618090452,0.817485313893411,0,90.6183368869936,94.4723618090452,69.0140845070423,94.4723618090452,94.4723618090452,0.731455153193755,0.782338891973305
40,2,0.76,0.906183368869936,0.944723618090452,0.690140845070423,0.944723618090452,0.944723618090452,0.817485313893411,0,90.6183368869936,94.4723618090452,69.0140845070423,94.4723618090452,94.4723618090452,0.731455153193755,0.782338891973305
40,2,0.77,0.906183368869936,0.944723618090452,0.690140845070423,0.944723618090452,0.944723618090452,0.817485313893411,0,90.6183368869936,94.4723618090452,69.0140845070423,94.4723618090452,94.4723618090452,0.731455153193755,0.782338891973305
40,2,0.78,0.906183368869936,0.944723618090452,0.690140845070423,0.944723618090452,0.944723618090452,0.817485313893411,0,90.6183368869936,94.4723618090452,69.0140845070423,94.4723618090452,94.4723618090452,0.731455153193755,0.782338891973305
40,2,0.79,0.906183368869936,0.944723618090452,0.690140845070423,0.944723618090452,0.944723618090452,0.817485313893411,0,90.6183368869936,94.4723618090452,69.0140845070423,94.4723618090452,94.4723618090452,0.731455153193755,0.782338891973305
40,2,0.8,0.906183368869936,0.944723618090452,0.690140845070423,0.944723618090452,0.944723618090452,0.817485313893411,0,90.6183368869936,94.4723618090452,69.0140845070423,94.4723618090452,94.4723618090452,0.731455153193755,0.782338891973305
40,2,0.81,0.906183368869936,0.944723618090452,0.690140845070423,0.944723618090452,0.944723618090452,0.817485313893411,0,90.6183368869936,94.4723618090452,69.0140845070423,94.4723618090452,94.4723618090452,0.731455153193755,0.782338891973305
40,2,0.82,0.906183368869936,0.944723618090452,0.690140845070423,0.944723618090452,0.944723618090452,0.817485313893411,0,90.6183368869936,94.4723618090452,69.0140845070423,94.4723618090452,94.4723618090452,0.731455153193755,0.782338891973305
40,2,0.83,0.906183368869936,0.944723618090452,0.690140845070423,0.944723618090452,0.944723618090452,0.817485313893411,0,90.6183368869936,94.4723618090452,69.0140845070423,94.4723618090452,94.4723618090452,0.731455153193755,0.782338891973305
40,2,0.84,0.906183368869936,0.944723618090452,0.690140845070423,0.944723618090452,0.944723618090452,0.817485313893411,0,90.6183368869936,94.4723618090452,69.0140845070423,94.4723618090452,94.4723618090452,0.731455153193755,0.782338891973305
40,2,0.85,0.906183368869936,0.944723618090452,0.690140845070423,0.944723618090452,0.944723618090452,0.817485313893411,0,90.6183368869936,94.4723618090452,69.0140845070423,94.4723618090452,94.4723618090452,0.731455153193755,0.782338891973305
40,2,0.86,0.906183368869936,0.944723618090452,0.690140845070423,0.944723618090452,0.944723618090452,0.817485313893411,0,90.6183368869936,94.4723618090452,69.0140845070423,94.4723618090452,94.4723618090452,0.731455153193755,0.782338891973305
40,2,0.87,0.906183368869936,0.944723618090452,0.690140845070423,0.944723618090452,0.944723618090452,0.817485313893411,0,90.6183368869936,94.4723618090452,69.0140845070423,94.4723618090452,94.4723618090452,0.731455153193755,0.782338891973305
40,2,0.88,0.906183368869936,0.944723618090452,0.690140845070423,0.944723618090452,0.944723618090452,0.817485313893411,0,90.6183368869936,94.4723618090452,69.0140845070423,94.4723618090452,94.4723618090452,0.731455153193755,0.782338891973305
40,2,0.89,0.906183368869936,0.944723618090452,0.690140845070423,0.944723618090452,0.944723618090452,0.817485313893411,0,90.6183368869936,94.4723618090452,69.0140845070423,94.4723618090452,94.4723618090452,0.731455153193755,0.782338891973305
40,2,0.9,0.906183368869936,0.944723618090452,0.690140845070423,0.944723618090452,0.944723618090452,0.817485313893411,0,90.6183368869936,94.4723618090452,69.0140845070423,94.4723618090452,94.4723618090452,0.731455153193755,0.782338891973305
40,2,0.91,0.906183368869936,0.944723618090452,0.690140845070423,0.944723618090452,0.944723618090452,0.817485313893411,0,90.6183368869936,94.4723618090452,69.0140845070423,94.4723618090452,94.4723618090452,0.731455153193755,0.782338891973305
40,2,0.92,0.906183368869936,0.944723618090452,0.690140845070423,0.944723618090452,0.944723618090452,0.817485313893411,0,90.6183368869936,94.4723618090452,69.0140845070423,94.4723618090452,94.4723618090452,0.731455153193755,0.782338891973305
40,2,0.93,0.906183368869936,0.944723618090452,0.690140845070423,0.944723618090452,0.944723618090452,0.817485313893411,0,90.6183368869936,94.4723618090452,69.0140845070423,94.4723618090452,94.4723618090452,0.731455153193755,0.782338891973305
40,2,0.94,0.906183368869936,0.944723618090452,0.690140845070423,0.944723618090452,0.944723618090452,0.817485313893411,0,90.6183368869936,94.4723618090452,69.0140845070423,94.4723618090452,94.4723618090452,0.731455153193755,0.782338891973305
40,2,0.95,0.906183368869936,0.944723618090452,0.690140845070423,0.944723618090452,0.944723618090452,0.817485313893411,0,90.6183368869936,94.4723618090452,69.0140845070423,94.4723618090452,94.4723618090452,0.731455153193755,0.782338891973305
40,5,0.23,0.886993603411514,0.919597989949749,0.704225352112676,0.945736434108527,0.932484076433121,0.835285582843796,0,88.6993603411514,91.9597989949749,70.4225352112676,94.5736434108527,93.2484076433121,0.730577055770953,0.782223310612946
40,5,0.24,0.886993603411514,0.919597989949749,0.704225352112676,0.945736434108527,0.932484076433121,0.835285582843796,0,88.6993603411514,91.9597989949749,70.4225352112676,94.5736434108527,93.2484076433121,0.730577055770953,0.782223310612946
40,5,0.25,0.886993603411514,0.919597989949749,0.704225352112676,0.945736434108527,0.932484076433121,0.835285582843796,0,88.6993603411514,91.9597989949749,70.4225352112676,94.5736434108527,93.2484076433121,0.730577055770953,0.782223310612946
40,5,0.26,0.886993603411514,0.919597989949749,0.704225352112676,0.945736434108527,0.932484076433121,0.835285582843796,0,88.6993603411514,91.9597989949749,70.4225352112676,94.5736434108527,93.2484076433121,0.730577055770953,0.782223310612946
40,5,0.27,0.886993603411514,0.919597989949749,0.704225352112676,0.945736434108527,0.932484076433121,0.835285582843796,0,88.6993603411514,91.9597989949749,70.4225352112676,94.5736434108527,93.2484076433121,0.730577055770953,0.782223310612946
40,5,0.28,0.886993603411514,0.919597989949749,0.704225352112676,0.945736434108527,0.932484076433121,0.835285582843796,0,88.6993603411514,91.9597989949749,70.4225352112676,94.5736434108527,93.2484076433121,0.730577055770953,0.782223310612946
40,5,0.29,0.886993603411514,0.919597989949749,0.704225352112676,0.945736434108527,0.932484076433121,0.835285582843796,0,88.6993603411514,91.9597989949749,70.4225352112676,94.5736434108527,93.2484076433121,0.730577055770953,0.782223310612946
40,5,0.3,0.886993603411514,0.919597989949749,0.704225352112676,0.945736434108527,0.932484076433121,0.835285582843796,0,88.6993603411514,91.9597989949749,70.4225352112676,94.5736434108527,93.2484076433121,0.730577055770953,0.782223310612946
40,5,0.31,0.886993603411514,0.919597989949749,0.704225352112676,0.945736434108527,0.932484076433121,0.835285582843796,0,88.6993603411514,91.9597989949749,70.4225352112676,94.5736434108527,93.2484076433121,0.730577055770953,0.782223310612946
40,5,0.32,0.886993603411514,0.919597989949749,0.704225352112676,0.945736434108527,0.932484076433121,0.835285582843796,0,88.6993603411514,91.9597989949749,70.4225352112676,94.5736434108527,93.2484076433121,0.730577055770953,0.782223310612946
40,5,0.33,0.886993603411514,0.919597989949749,0.704225352112676,0.945736434108527,0.932484076433121,0.835285582843796,0,88.6993603411514,91.9597989949749,70.4225352112676,94.5736434108527,93.2484076433121,0.730577055770953,0.782223310612946
40,5,0.34,0.886993603411514,0.919597989949749,0.704225352112676,0.945736434108527,0.932484076433121,0.835285582843796,0,88.6993603411514,91.9597989949749,70.4225352112676,94.5736434108527,93.2484076433121,0.730577055770953,0.782223310612946
40,5,0.35,0.886993603411514,0.919597989949749,0.704225352112676,0.945736434108527,0.932484076433121,0.835285582843796,0,88.6993603411514,91.9597989949749,70.4225352112676,94.5736434108527,93.2484076433121,0.730577055770953,0.782223310612946
40,5,0.36,0.886993603411514,0.919597989949749,0.704225352112676,0.945736434108527,0.932484076433121,0.835285582843796,0,88.6993603411514,91.9597989949749,70.4225352112676,94.5736434108527,93.2484076433121,0.730577055770953,0.782223310612946
40,5,0.37,0.886993603411514,0.919597989949749,0.704225352112676,0.945736434108527,0.932484076433121,0.835285582843796,0,88.6993603411514,91.9597989949749,70.4225352112676,94.5736434108527,93.2484076433121,0.730577055770953,0.782223310612946
40,5,0.38,0.886993603411514,0.919597989949749,0.704225352112676,0.945736434108527,0.932484076433121,0.835285582843796,0,88.6993603411514,91.9597989949749,70.4225352112676,94.5736434108527,93.2484076433121,0.730577055770953,0.782223310612946
40,5,0.39,0.886993603411514,0.919597989949749,0.704225352112676,0.945736434108527,0.932484076433121,0.835285582843796,0,88.6993603411514,91.9597989949749,70.4225352112676,94.5736434108527,93.2484076433121,0.730577055770953,0.782223310612946
40,5,0.4,0.886993603411514,0.919597989949749,0.704225352112676,0.945736434108527,0.932484076433121,0.835285582843796,0,88.6993603411514,91.9597989949749,70.4225352112676,94.5736434108527,93.2484076433121,0.730577055770953,0.782223310612946
40,5,0.41,0.886993603411514,0.919597989949749,0.704225352112676,0.945736434108527,0.932484076433121,0.835285582843796,0,88.6993603411514,91.9597989949749,70.4225352112676,94.5736434108527,93.2484076433121,0.730577055770953,0.782223310612946
40,5,0.42,0.886993603411514,0.919597989949749,0.704225352112676,0.945736434108527,0.932484076433121,0.835285582843796,0,88.6993603411514,91.9597989949749,70.4225352112676,94.5736434108527,93.2484076433121,0.730577055770953,0.782223310612946
40,5,0.43,0.886993603411514,0.919597989949749,0.704225352112676,0.945736434108527,0.932484076433121,0.835285582843796,0,88.6993603411514,91.9597989949749,70.4225352112676,94.5736434108527,93.2484076433121,0.730577055770953,0.782223310612946
40,5,0.44,0.886993603411514,0.919597989949749,0.704225352112676,0.945736434108527,0.932484076433121,0.835285582843796,0,88.6993603411514,91.9597989949749,70.4225352112676,94.5736434108527,93.2484076433121,0.730577055770953,0.782223310612946
40,5,0.45,0.886993603411514,0.919597989949749,0.704225352112676,0.945736434108527,0.932484076433121,0.835285582843796,0,88.6993603411514,91.9597989949749,70.4225352112676,94.5736434108527,93.2484076433121,0.730577055770953,0.782223310612946
40,5,0.46,0.886993603411514,0.919597989949749,0.704225352112676,0.945736434108527,0.932484076433121,0.835285582843796,0,88.6993603411514,91.9597989949749,70.4225352112676,94.5736434108527,93.2484076433121,0.730577055770953,0.782223310612946
40,5,0.47,0.886993603411514,0.919597989949749,0.704225352112676,0.945736434108527,0.932484076433121,0.835285582843796,0,88.6993603411514,91.9597989949749,70.4225352112676,94.5736434108527,93.2484076433121,0.730577055770953,0.782223310612946
40,5,0.48,0.886993603411514,0.919597989949749,0.704225352112676,0.945736434108527,0.932484076433121,0.835285582843796,0,88.6993603411514,91.9597989949749,70.4225352112676,94.5736434108527,93.2484076433121,0.730577055770953,0.782223310612946
40,5,0.49,0.886993603411514,0.919597989949749,0.704225352112676,0.945736434108527,0.932484076433121,0.835285582843796,0,88.6993603411514,91.9597989949749,70.4225352112676,94.5736434108527,93.2484076433121,0.730577055770953,0.782223310612946
40,5,0.5,0.886993603411514,0.919597989949749,0.704225352112676,0.945736434108527,0.932484076433121,0.835285582843796,0,88.6993603411514,91.9597989949749,70.4225352112676,94.5736434108527,93.2484076433121,0.730577055770953,0.782223310612946
40,5,0.51,0.886993603411514,0.919597989949749,0.704225352112676,0.945736434108527,0.932484076433121,0.835285582843796,0,88.6993603411514,91.9597989949749,70.4225352112676,94.5736434108527,93.2484076433121,0.730577055770953,0.782223310612946
40,5,0.52,0.886993603411514,0.919597989949749,0.704225352112676,0.945736434108527,0.932484076433121,0.835285582843796,0,88.6993603411514,91.9597989949749,70.4225352112676,94.5736434108527,93.2484076433121,0.730577055770953,0.782223310612946
40,5,0.53,0.886993603411514,0.919597989949749,0.704225352112676,0.945736434108527,0.932484076433121,0.835285582843796,0,88.6993603411514,91.9597989949749,70.4225352112676,94.5736434108527,93.2484076433121,0.730577055770953,0.782223310612946
40,5,0.54,0.886993603411514,0.919597989949749,0.704225352112676,0.945736434108527,0.932484076433121,0.835285582843796,0,88.6993603411514,91.9597989949749,70.4225352112676,94.5736434108527,93.2484076433121,0.730577055770953,0.782223310612946
20,8,0.08,0.904051172707889,0.942211055276382,0.690140845070423,0.944584382871537,0.943396226415094,0.880670960435983,0,90.4051172707889,94.2211055276382,69.0140845070423,94.4584382871537,94.3396226415094,0.729734082245063,0.781428958510683
20,8,0.09,0.904051172707889,0.942211055276382,0.690140845070423,0.944584382871537,0.943396226415094,0.880670960435983,0,90.4051172707889,94.2211055276382,69.0140845070423,94.4584382871537,94.3396226415094,0.729734082245063,0.781428958510683
50,2,0.09,0.904051172707889,0.942211055276382,0.690140845070423,0.944584382871537,0.943396226415094,0.82286432160804,0,90.4051172707889,94.2211055276382,69.0140845070423,94.4584382871537,94.3396226415094,0.729734082245063,0.781428958510683
50,2,0.1,0.904051172707889,0.942211055276382,0.690140845070423,0.944584382871537,0.943396226415094,0.82286432160804,0,90.4051172707889,94.2211055276382,69.0140845070423,94.4584382871537,94.3396226415094,0.729734082245063,0.781428958510683
50,2,0.11,0.904051172707889,0.942211055276382,0.690140845070423,0.944584382871537,0.943396226415094,0.82286432160804,0,90.4051172707889,94.2211055276382,69.0140845070423,94.4584382871537,94.3396226415094,0.729734082245063,0.781428958510683
50,2,0.12,0.904051172707889,0.942211055276382,0.690140845070423,0.944584382871537,0.943396226415094,0.82286432160804,0,90.4051172707889,94.2211055276382,69.0140845070423,94.4584382871537,94.3396226415094,0.729734082245063,0.781428958510683
50,2,0.13,0.904051172707889,0.942211055276382,0.690140845070423,0.944584382871537,0.943396226415094,0.82286432160804,0,90.4051172707889,94.2211055276382,69.0140845070423,94.4584382871537,94.3396226415094,0.729734082245063,0.781428958510683
50,2,0.14,0.904051172707889,0.942211055276382,0.690140845070423,0.944584382871537,0.943396226415094,0.82286432160804,0,90.4051172707889,94.2211055276382,69.0140845070423,94.4584382871537,94.3396226415094,0.729734082245063,0.781428958510683
50,2,0.15,0.904051172707889,0.942211055276382,0.690140845070423,0.944584382871537,0.943396226415094,0.82286432160804,0,90.4051172707889,94.2211055276382,69.0140845070423,94.4584382871537,94.3396226415094,0.729734082245063,0.781428958510683
50,2,0.16,0.904051172707889,0.942211055276382,0.690140845070423,0.944584382871537,0.943396226415094,0.82286432160804,0,90.4051172707889,94.2211055276382,69.0140845070423,94.4584382871537,94.3396226415094,0.729734082245063,0.781428958510683
50,2,0.17,0.904051172707889,0.942211055276382,0.690140845070423,0.944584382871537,0.943396226415094,0.82286432160804,0,90.4051172707889,94.2211055276382,69.0140845070423,94.4584382871537,94.3396226415094,0.729734082245063,0.781428958510683
50,2,0.18,0.904051172707889,0.942211055276382,0.690140845070423,0.944584382871537,0.943396226415094,0.82286432160804,0,90.4051172707889,94.2211055276382,69.0140845070423,94.4584382871537,94.3396226415094,0.729734082245063,0.781428958510683
50,2,0.19,0.904051172707889,0.942211055276382,0.690140845070423,0.944584382871537,0.943396226415094,0.82286432160804,0,90.4051172707889,94.2211055276382,69.0140845070423,94.4584382871537,94.3396226415094,0.729734082245063,0.781428958510683
50,2,0.2,0.904051172707889,0.942211055276382,0.690140845070423,0.944584382871537,0.943396226415094,0.82286432160804,0,90.4051172707889,94.2211055276382,69.0140845070423,94.4584382871537,94.3396226415094,0.729734082245063,0.781428958510683
50,2,0.21,0.904051172707889,0.942211055276382,0.690140845070423,0.944584382871537,0.943396226415094,0.82286432160804,0,90.4051172707889,94.2211055276382,69.0140845070423,94.4584382871537,94.3396226415094,0.729734082245063,0.781428958510683
50,2,0.22,0.904051172707889,0.942211055276382,0.690140845070423,0.944584382871537,0.943396226415094,0.82286432160804,0,90.4051172707889,94.2211055276382,69.0140845070423,94.4584382871537,94.3396226415094,0.729734082245063,0.781428958510683
50,2,0.23,0.904051172707889,0.942211055276382,0.690140845070423,0.944584382871537,0.943396226415094,0.82286432160804,0,90.4051172707889,94.2211055276382,69.0140845070423,94.4584382871537,94.3396226415094,0.729734082245063,0.781428958510683
50,2,0.24,0.904051172707889,0.942211055276382,0.690140845070423,0.944584382871537,0.943396226415094,0.82286432160804,0,90.4051172707889,94.2211055276382,69.0140845070423,94.4584382871537,94.3396226415094,0.729734082245063,0.781428958510683
50,2,0.25,0.904051172707889,0.942211055276382,0.690140845070423,0.944584382871537,0.943396226415094,0.82286432160804,0,90.4051172707889,94.2211055276382,69.0140845070423,94.4584382871537,94.3396226415094,0.729734082245063,0.781428958510683
50,2,0.26,0.904051172707889,0.942211055276382,0.690140845070423,0.944584382871537,0.943396226415094,0.82286432160804,0,90.4051172707889,94.2211055276382,69.0140845070423,94.4584382871537,94.3396226415094,0.729734082245063,0.781428958510683
50,2,0.27,0.904051172707889,0.942211055276382,0.690140845070423,0.944584382871537,0.943396226415094,0.82286432160804,0,90.4051172707889,94.2211055276382,69.0140845070423,94.4584382871537,94.3396226415094,0.729734082245063,0.781428958510683
50,2,0.28,0.904051172707889,0.942211055276382,0.690140845070423,0.944584382871537,0.943396226415094,0.82286432160804,0,90.4051172707889,94.2211055276382,69.0140845070423,94.4584382871537,94.3396226415094,0.729734082245063,0.781428958510683
50,2,0.29,0.904051172707889,0.942211055276382,0.690140845070423,0.944584382871537,0.943396226415094,0.82286432160804,0,90.4051172707889,94.2211055276382,69.0140845070423,94.4584382871537,94.3396226415094,0.729734082245063,0.781428958510683
50,2,0.3,0.904051172707889,0.942211055276382,0.690140845070423,0.944584382871537,0.943396226415094,0.82286432160804,0,90.4051172707889,94.2211055276382,69.0140845070423,94.4584382871537,94.3396226415094,0.729734082245063,0.781428958510683
50,2,0.31,0.904051172707889,0.942211055276382,0.690140845070423,0.944584382871537,0.943396226415094,0.82286432160804,0,90.4051172707889,94.2211055276382,69.0140845070423,94.4584382871537,94.3396226415094,0.729734082245063,0.781428958510683
50,2,0.32,0.904051172707889,0.942211055276382,0.690140845070423,0.944584382871537,0.943396226415094,0.82286432160804,0,90.4051172707889,94.2211055276382,69.0140845070423,94.4584382871537,94.3396226415094,0.729734082245063,0.781428958510683
50,2,0.33,0.904051172707889,0.942211055276382,0.690140845070423,0.944584382871537,0.943396226415094,0.82286432160804,0,90.4051172707889,94.2211055276382,69.0140845070423,94.4584382871537,94.3396226415094,0.729734082245063,0.781428958510683
50,2,0.34,0.904051172707889,0.942211055276382,0.690140845070423,0.944584382871537,0.943396226415094,0.82286432160804,0,90.4051172707889,94.2211055276382,69.0140845070423,94.4584382871537,94.3396226415094,0.729734082245063,0.781428958510683
50,2,0.35,0.904051172707889,0.942211055276382,0.690140845070423,0.944584382871537,0.943396226415094,0.82286432160804,0,90.4051172707889,94.2211055276382,69.0140845070423,94.4584382871537,94.3396226415094,0.729734082245063,0.781428958510683
50,2,0.36,0.904051172707889,0.942211055276382,0.690140845070423,0.944584382871537,0.943396226415094,0.82286432160804,0,90.4051172707889,94.2211055276382,69.0140845070423,94.4584382871537,94.3396226415094,0.729734082245063,0.781428958510683
50,2,0.37,0.904051172707889,0.942211055276382,0.690140845070423,0.944584382871537,0.943396226415094,0.82286432160804,0,90.4051172707889,94.2211055276382,69.0140845070423,94.4584382871537,94.3396226415094,0.729734082245063,0.781428958510683
50,2,0.38,0.901918976545842,0.939698492462312,0.690140845070423,0.944444444444444,0.942065491183879,0.82286432160804,0,90.1918976545842,93.9698492462311,69.0140845070423,94.4444444444444,94.2065491183879,0.728013011296372,0.780519025048061
50,2,0.39,0.901918976545842,0.939698492462312,0.690140845070423,0.944444444444444,0.942065491183879,0.82286432160804,0,90.1918976545842,93.9698492462311,69.0140845070423,94.4444444444444,94.2065491183879,0.728013011296372,0.780519025048061
50,2,0.4,0.901918976545842,0.939698492462312,0.690140845070423,0.944444444444444,0.942065491183879,0.82286432160804,0,90.1918976545842,93.9698492462311,69.0140845070423,94.4444444444444,94.2065491183879,0.728013011296372,0.780519025048061
50,2,0.41,0.901918976545842,0.939698492462312,0.690140845070423,0.944444444444444,0.942065491183879,0.82286432160804,0,90.1918976545842,93.9698492462311,69.0140845070423,94.4444444444444,94.2065491183879,0.728013011296372,0.780519025048061
50,2,0.42,0.901918976545842,0.939698492462312,0.690140845070423,0.944444444444444,0.942065491183879,0.82286432160804,0,90.1918976545842,93.9698492462311,69.0140845070423,94.4444444444444,94.2065491183879,0.728013011296372,0.780519025048061
50,2,0.43,0.901918976545842,0.939698492462312,0.690140845070423,0.944444444444444,0.942065491183879,0.82286432160804,0,90.1918976545842,93.9698492462311,69.0140845070423,94.4444444444444,94.2065491183879,0.728013011296372,0.780519025048061
50,2,0.44,0.901918976545842,0.939698492462312,0.690140845070423,0.944444444444444,0.942065491183879,0.82286432160804,0,90.1918976545842,93.9698492462311,69.0140845070423,94.4444444444444,94.2065491183879,0.728013011296372,0.780519025048061
50,2,0.45,0.901918976545842,0.939698492462312,0.690140845070423,0.944444444444444,0.942065491183879,0.82286432160804,0,90.1918976545842,93.9698492462311,69.0140845070423,94.4444444444444,94.2065491183879,0.728013011296372,0.780519025048061
50,2,0.46,0.901918976545842,0.939698492462312,0.690140845070423,0.944444444444444,0.942065491183879,0.82286432160804,0,90.1918976545842,93.9698492462311,69.0140845070423,94.4444444444444,94.2065491183879,0.728013011296372,0.780519025048061
50,2,0.47,0.901918976545842,0.939698492462312,0.690140845070423,0.944444444444444,0.942065491183879,0.82286432160804,0,90.1918976545842,93.9698492462311,69.0140845070423,94.4444444444444,94.2065491183879,0.728013011296372,0.780519025048061
50,2,0.48,0.901918976545842,0.939698492462312,0.690140845070423,0.944444444444444,0.942065491183879,0.82286432160804,0,90.1918976545842,93.9698492462311,69.0140845070423,94.4444444444444,94.2065491183879,0.728013011296372,0.780519025048061
50,2,0.49,0.901918976545842,0.939698492462312,0.690140845070423,0.944444444444444,0.942065491183879,0.82286432160804,0,90.1918976545842,93.9698492462311,69.0140845070423,94.4444444444444,94.2065491183879,0.728013011296372,0.780519025048061
50,2,0.5,0.901918976545842,0.939698492462312,0.690140845070423,0.944444444444444,0.942065491183879,0.82286432160804,0,90.1918976545842,93.9698492462311,69.0140845070423,94.4444444444444,94.2065491183879,0.728013011296372,0.780519025048061
50,2,0.51,0.901918976545842,0.939698492462312,0.690140845070423,0.944444444444444,0.942065491183879,0.82286432160804,0,90.1918976545842,93.9698492462311,69.0140845070423,94.4444444444444,94.2065491183879,0.728013011296372,0.780519025048061
50,2,0.52,0.901918976545842,0.939698492462312,0.690140845070423,0.944444444444444,0.942065491183879,0.82286432160804,0,90.1918976545842,93.9698492462311,69.0140845070423,94.4444444444444,94.2065491183879,0.728013011296372,0.780519025048061
50,2,0.53,0.901918976545842,0.939698492462312,0.690140845070423,0.944444444444444,0.942065491183879,0.82286432160804,0,90.1918976545842,93.9698492462311,69.0140845070423,94.4444444444444,94.2065491183879,0.728013011296372,0.780519025048061
50,2,0.54,0.901918976545842,0.939698492462312,0.690140845070423,0.944444444444444,0.942065491183879,0.82286432160804,0,90.1918976545842,93.9698492462311,69.0140845070423,94.4444444444444,94.2065491183879,0.728013011296372,0.780519025048061
10,5,0.13,0.899786780383795,0.937185929648241,0.690140845070423,0.944303797468354,0.940731399747793,0.886510014863048,0,89.9786780383795,93.7185929648241,69.0140845070423,94.4303797468354,94.0731399747793,0.726291940347681,0.779609091585438
10,5,0.14,0.899786780383795,0.937185929648241,0.690140845070423,0.944303797468354,0.940731399747793,0.886510014863048,0,89.9786780383795,93.7185929648241,69.0140845070423,94.4303797468354,94.0731399747793,0.726291940347681,0.779609091585438
10,5,0.15,0.899786780383795,0.937185929648241,0.690140845070423,0.944303797468354,0.940731399747793,0.886510014863048,0,89.9786780383795,93.7185929648241,69.0140845070423,94.4303797468354,94.0731399747793,0.726291940347681,0.779609091585438
10,8,0.07,0.899786780383795,0.937185929648241,0.690140845070423,0.944303797468354,0.940731399747793,0.902045438459905,0,89.9786780383795,93.7185929648241,69.0140845070423,94.4303797468354,94.0731399747793,0.726291940347681,0.779609091585438
10,8,0.08,0.899786780383795,0.937185929648241,0.690140845070423,0.944303797468354,0.940731399747793,0.902045438459905,0,89.9786780383795,93.7185929648241,69.0140845070423,94.4303797468354,94.0731399747793,0.726291940347681,0.779609091585438
10,8,0.09,0.899786780383795,0.937185929648241,0.690140845070423,0.944303797468354,0.940731399747793,0.902045438459905,0,89.9786780383795,93.7185929648241,69.0140845070423,94.4303797468354,94.0731399747793,0.726291940347681,0.779609091585438
10,8,0.1,0.899786780383795,0.937185929648241,0.690140845070423,0.944303797468354,0.940731399747793,0.902045438459905,0,89.9786780383795,93.7185929648241,69.0140845070423,94.4303797468354,94.0731399747793,0.726291940347681,0.779609091585438
10,8,0.11,0.899786780383795,0.937185929648241,0.690140845070423,0.944303797468354,0.940731399747793,0.902045438459905,0,89.9786780383795,93.7185929648241,69.0140845070423,94.4303797468354,94.0731399747793,0.726291940347681,0.779609091585438
30,8,0.05,0.899786780383795,0.937185929648241,0.690140845070423,0.944303797468354,0.940731399747793,0.867541935027249,0,89.9786780383795,93.7185929648241,69.0140845070423,94.4303797468354,94.0731399747793,0.726291940347681,0.779609091585438
40,1,0.33,0.899786780383795,0.937185929648241,0.690140845070423,0.944303797468354,0.940731399747793,0.822032698704792,0,89.9786780383795,93.7185929648241,69.0140845070423,94.4303797468354,94.0731399747793,0.726291940347681,0.779609091585438
40,1,0.34,0.899786780383795,0.937185929648241,0.690140845070423,0.944303797468354,0.940731399747793,0.822032698704792,0,89.9786780383795,93.7185929648241,69.0140845070423,94.4303797468354,94.0731399747793,0.726291940347681,0.779609091585438
40,1,0.35,0.899786780383795,0.937185929648241,0.690140845070423,0.944303797468354,0.940731399747793,0.822032698704792,0,89.9786780383795,93.7185929648241,69.0140845070423,94.4303797468354,94.0731399747793,0.726291940347681,0.779609091585438
40,1,0.36,0.899786780383795,0.937185929648241,0.690140845070423,0.944303797468354,0.940731399747793,0.822032698704792,0,89.9786780383795,93.7185929648241,69.0140845070423,94.4303797468354,94.0731399747793,0.726291940347681,0.779609091585438
40,1,0.37,0.899786780383795,0.937185929648241,0.690140845070423,0.944303797468354,0.940731399747793,0.822032698704792,0,89.9786780383795,93.7185929648241,69.0140845070423,94.4303797468354,94.0731399747793,0.726291940347681,0.779609091585438
40,1,0.38,0.899786780383795,0.937185929648241,0.690140845070423,0.944303797468354,0.940731399747793,0.822032698704792,0,89.9786780383795,93.7185929648241,69.0140845070423,94.4303797468354,94.0731399747793,0.726291940347681,0.779609091585438
40,1,0.39,0.899786780383795,0.937185929648241,0.690140845070423,0.944303797468354,0.940731399747793,0.822032698704792,0,89.9786780383795,93.7185929648241,69.0140845070423,94.4303797468354,94.0731399747793,0.726291940347681,0.779609091585438
40,1,0.4,0.899786780383795,0.937185929648241,0.690140845070423,0.944303797468354,0.940731399747793,0.822032698704792,0,89.9786780383795,93.7185929648241,69.0140845070423,94.4303797468354,94.0731399747793,0.726291940347681,0.779609091585438
40,1,0.41,0.899786780383795,0.937185929648241,0.690140845070423,0.944303797468354,0.940731399747793,0.822032698704792,0,89.9786780383795,93.7185929648241,69.0140845070423,94.4303797468354,94.0731399747793,0.726291940347681,0.779609091585438
40,1,0.42,0.899786780383795,0.937185929648241,0.690140845070423,0.944303797468354,0.940731399747793,0.822032698704792,0,89.9786780383795,93.7185929648241,69.0140845070423,94.4303797468354,94.0731399747793,0.726291940347681,0.779609091585438
40,1,0.43,0.899786780383795,0.937185929648241,0.690140845070423,0.944303797468354,0.940731399747793,0.822032698704792,0,89.9786780383795,93.7185929648241,69.0140845070423,94.4303797468354,94.0731399747793,0.726291940347681,0.779609091585438
40,1,0.44,0.899786780383795,0.937185929648241,0.690140845070423,0.944303797468354,0.940731399747793,0.822032698704792,0,89.9786780383795,93.7185929648241,69.0140845070423,94.4303797468354,94.0731399747793,0.726291940347681,0.779609091585438
40,1,0.45,0.899786780383795,0.937185929648241,0.690140845070423,0.944303797468354,0.940731399747793,0.822032698704792,0,89.9786780383795,93.7185929648241,69.0140845070423,94.4303797468354,94.0731399747793,0.726291940347681,0.779609091585438
40,1,0.46,0.899786780383795,0.937185929648241,0.690140845070423,0.944303797468354,0.940731399747793,0.822032698704792,0,89.9786780383795,93.7185929648241,69.0140845070423,94.4303797468354,94.0731399747793,0.726291940347681,0.779609091585438
40,1,0.47,0.899786780383795,0.937185929648241,0.690140845070423,0.944303797468354,0.940731399747793,0.822032698704792,0,89.9786780383795,93.7185929648241,69.0140845070423,94.4303797468354,94.0731399747793,0.726291940347681,0.779609091585438
40,1,0.48,0.899786780383795,0.937185929648241,0.690140845070423,0.944303797468354,0.940731399747793,0.822032698704792,0,89.9786780383795,93.7185929648241,69.0140845070423,94.4303797468354,94.0731399747793,0.726291940347681,0.779609091585438
40,1,0.49,0.899786780383795,0.937185929648241,0.690140845070423,0.944303797468354,0.940731399747793,0.822032698704792,0,89.9786780383795,93.7185929648241,69.0140845070423,94.4303797468354,94.0731399747793,0.726291940347681,0.779609091585438
40,1,0.5,0.899786780383795,0.937185929648241,0.690140845070423,0.944303797468354,0.940731399747793,0.822032698704792,0,89.9786780383795,93.7185929648241,69.0140845070423,94.4303797468354,94.0731399747793,0.726291940347681,0.779609091585438
40,1,0.51,0.899786780383795,0.937185929648241,0.690140845070423,0.944303797468354,0.940731399747793,0.822032698704792,0,89.9786780383795,93.7185929648241,69.0140845070423,94.4303797468354,94.0731399747793,0.726291940347681,0.779609091585438
40,1,0.52,0.899786780383795,0.937185929648241,0.690140845070423,0.944303797468354,0.940731399747793,0.822032698704792,0,89.9786780383795,93.7185929648241,69.0140845070423,94.4303797468354,94.0731399747793,0.726291940347681,0.779609091585438
40,1,0.53,0.899786780383795,0.937185929648241,0.690140845070423,0.944303797468354,0.940731399747793,0.822032698704792,0,89.9786780383795,93.7185929648241,69.0140845070423,94.4303797468354,94.0731399747793,0.726291940347681,0.779609091585438
40,1,0.54,0.899786780383795,0.937185929648241,0.690140845070423,0.944303797468354,0.940731399747793,0.822032698704792,0,89.9786780383795,93.7185929648241,69.0140845070423,94.4303797468354,94.0731399747793,0.726291940347681,0.779609091585438
40,1,0.55,0.899786780383795,0.937185929648241,0.690140845070423,0.944303797468354,0.940731399747793,0.822032698704792,0,89.9786780383795,93.7185929648241,69.0140845070423,94.4303797468354,94.0731399747793,0.726291940347681,0.779609091585438
40,1,0.56,0.899786780383795,0.937185929648241,0.690140845070423,0.944303797468354,0.940731399747793,0.822032698704792,0,89.9786780383795,93.7185929648241,69.0140845070423,94.4303797468354,94.0731399747793,0.726291940347681,0.779609091585438
40,1,0.57,0.899786780383795,0.937185929648241,0.690140845070423,0.944303797468354,0.940731399747793,0.822032698704792,0,89.9786780383795,93.7185929648241,69.0140845070423,94.4303797468354,94.0731399747793,0.726291940347681,0.779609091585438
40,1,0.58,0.899786780383795,0.937185929648241,0.690140845070423,0.944303797468354,0.940731399747793,0.822032698704792,0,89.9786780383795,93.7185929648241,69.0140845070423,94.4303797468354,94.0731399747793,0.726291940347681,0.779609091585438
40,1,0.59,0.899786780383795,0.937185929648241,0.690140845070423,0.944303797468354,0.940731399747793,0.822032698704792,0,89.9786780383795,93.7185929648241,69.0140845070423,94.4303797468354,94.0731399747793,0.726291940347681,0.779609091585438
40,1,0.6,0.899786780383795,0.937185929648241,0.690140845070423,0.944303797468354,0.940731399747793,0.822032698704792,0,89.9786780383795,93.7185929648241,69.0140845070423,94.4303797468354,94.0731399747793,0.726291940347681,0.779609091585438
40,1,0.61,0.899786780383795,0.937185929648241,0.690140845070423,0.944303797468354,0.940731399747793,0.822032698704792,0,89.9786780383795,93.7185929648241,69.0140845070423,94.4303797468354,94.0731399747793,0.726291940347681,0.779609091585438
40,1,0.62,0.899786780383795,0.937185929648241,0.690140845070423,0.944303797468354,0.940731399747793,0.822032698704792,0,89.9786780383795,93.7185929648241,69.0140845070423,94.4303797468354,94.0731399747793,0.726291940347681,0.779609091585438
40,1,0.63,0.899786780383795,0.937185929648241,0.690140845070423,0.944303797468354,0.940731399747793,0.822032698704792,0,89.9786780383795,93.7185929648241,69.0140845070423,94.4303797468354,94.0731399747793,0.726291940347681,0.779609091585438
40,1,0.64,0.899786780383795,0.937185929648241,0.690140845070423,0.944303797468354,0.940731399747793,0.822032698704792,0,89.9786780383795,93.7185929648241,69.0140845070423,94.4303797468354,94.0731399747793,0.726291940347681,0.779609091585438
40,1,0.65,0.899786780383795,0.937185929648241,0.690140845070423,0.944303797468354,0.940731399747793,0.822032698704792,0,89.9786780383795,93.7185929648241,69.0140845070423,94.4303797468354,94.0731399747793,0.726291940347681,0.779609091585438
40,1,0.66,0.899786780383795,0.937185929648241,0.690140845070423,0.944303797468354,0.940731399747793,0.822032698704792,0,89.9786780383795,93.7185929648241,69.0140845070423,94.4303797468354,94.0731399747793,0.726291940347681,0.779609091585438
40,1,0.67,0.899786780383795,0.937185929648241,0.690140845070423,0.944303797468354,0.940731399747793,0.822032698704792,0,89.9786780383795,93.7185929648241,69.0140845070423,94.4303797468354,94.0731399747793,0.726291940347681,0.779609091585438
40,1,0.68,0.899786780383795,0.937185929648241,0.690140845070423,0.944303797468354,0.940731399747793,0.822032698704792,0,89.9786780383795,93.7185929648241,69.0140845070423,94.4303797468354,94.0731399747793,0.726291940347681,0.779609091585438
40,1,0.69,0.899786780383795,0.937185929648241,0.690140845070423,0.944303797468354,0.940731399747793,0.822032698704792,0,89.9786780383795,93.7185929648241,69.0140845070423,94.4303797468354,94.0731399747793,0.726291940347681,0.779609091585438
40,1,0.7,0.899786780383795,0.937185929648241,0.690140845070423,0.944303797468354,0.940731399747793,0.822032698704792,0,89.9786780383795,93.7185929648241,69.0140845070423,94.4303797468354,94.0731399747793,0.726291940347681,0.779609091585438
40,1,0.71,0.899786780383795,0.937185929648241,0.690140845070423,0.944303797468354,0.940731399747793,0.822032698704792,0,89.9786780383795,93.7185929648241,69.0140845070423,94.4303797468354,94.0731399747793,0.726291940347681,0.779609091585438
40,1,0.72,0.899786780383795,0.937185929648241,0.690140845070423,0.944303797468354,0.940731399747793,0.822032698704792,0,89.9786780383795,93.7185929648241,69.0140845070423,94.4303797468354,94.0731399747793,0.726291940347681,0.779609091585438
40,1,0.73,0.899786780383795,0.937185929648241,0.690140845070423,0.944303797468354,0.940731399747793,0.822032698704792,0,89.9786780383795,93.7185929648241,69.0140845070423,94.4303797468354,94.0731399747793,0.726291940347681,0.779609091585438
40,1,0.74,0.899786780383795,0.937185929648241,0.690140845070423,0.944303797468354,0.940731399747793,0.822032698704792,0,89.9786780383795,93.7185929648241,69.0140845070423,94.4303797468354,94.0731399747793,0.726291940347681,0.779609091585438
40,1,0.75,0.899786780383795,0.937185929648241,0.690140845070423,0.944303797468354,0.940731399747793,0.822032698704792,0,89.9786780383795,93.7185929648241,69.0140845070423,94.4303797468354,94.0731399747793,0.726291940347681,0.779609091585438
40,1,0.76,0.899786780383795,0.937185929648241,0.690140845070423,0.944303797468354,0.940731399747793,0.822032698704792,0,89.9786780383795,93.7185929648241,69.0140845070423,94.4303797468354,94.0731399747793,0.726291940347681,0.779609091585438
40,1,0.77,0.899786780383795,0.937185929648241,0.690140845070423,0.944303797468354,0.940731399747793,0.822032698704792,0,89.9786780383795,93.7185929648241,69.0140845070423,94.4303797468354,94.0731399747793,0.726291940347681,0.779609091585438
40,1,0.78,0.899786780383795,0.937185929648241,0.690140845070423,0.944303797468354,0.940731399747793,0.822032698704792,0,89.9786780383795,93.7185929648241,69.0140845070423,94.4303797468354,94.0731399747793,0.726291940347681,0.779609091585438
40,1,0.79,0.899786780383795,0.937185929648241,0.690140845070423,0.944303797468354,0.940731399747793,0.822032698704792,0,89.9786780383795,93.7185929648241,69.0140845070423,94.4303797468354,94.0731399747793,0.726291940347681,0.779609091585438
40,1,0.8,0.899786780383795,0.937185929648241,0.690140845070423,0.944303797468354,0.940731399747793,0.822032698704792,0,89.9786780383795,93.7185929648241,69.0140845070423,94.4303797468354,94.0731399747793,0.726291940347681,0.779609091585438
20,2,0.55,0.897654584221748,0.934673366834171,0.690140845070423,0.944162436548223,0.939393939393939,0.803630830207375,0,89.7654584221748,93.4673366834171,69.0140845070423,94.4162436548223,93.9393939393939,0.72457086939899,0.778699158122816
20,2,0.56,0.897654584221748,0.934673366834171,0.690140845070423,0.944162436548223,0.939393939393939,0.803630830207375,0,89.7654584221748,93.4673366834171,69.0140845070423,94.4162436548223,93.9393939393939,0.72457086939899,0.778699158122816
20,2,0.57,0.897654584221748,0.934673366834171,0.690140845070423,0.944162436548223,0.939393939393939,0.803630830207375,0,89.7654584221748,93.4673366834171,69.0140845070423,94.4162436548223,93.9393939393939,0.72457086939899,0.778699158122816
20,2,0.58,0.897654584221748,0.934673366834171,0.690140845070423,0.944162436548223,0.939393939393939,0.803630830207375,0,89.7654584221748,93.4673366834171,69.0140845070423,94.4162436548223,93.9393939393939,0.72457086939899,0.778699158122816
20,2,0.59,0.897654584221748,0.934673366834171,0.690140845070423,0.944162436548223,0.939393939393939,0.803630830207375,0,89.7654584221748,93.4673366834171,69.0140845070423,94.4162436548223,93.9393939393939,0.72457086939899,0.778699158122816
20,2,0.6,0.897654584221748,0.934673366834171,0.690140845070423,0.944162436548223,0.939393939393939,0.803630830207375,0,89.7654584221748,93.4673366834171,69.0140845070423,94.4162436548223,93.9393939393939,0.72457086939899,0.778699158122816
20,2,0.61,0.897654584221748,0.934673366834171,0.690140845070423,0.944162436548223,0.939393939393939,0.803630830207375,0,89.7654584221748,93.4673366834171,69.0140845070423,94.4162436548223,93.9393939393939,0.72457086939899,0.778699158122816
20,2,0.62,0.897654584221748,0.934673366834171,0.690140845070423,0.944162436548223,0.939393939393939,0.803630830207375,0,89.7654584221748,93.4673366834171,69.0140845070423,94.4162436548223,93.9393939393939,0.72457086939899,0.778699158122816
20,2,0.63,0.897654584221748,0.934673366834171,0.690140845070423,0.944162436548223,0.939393939393939,0.803630830207375,0,89.7654584221748,93.4673366834171,69.0140845070423,94.4162436548223,93.9393939393939,0.72457086939899,0.778699158122816
20,2,0.64,0.897654584221748,0.934673366834171,0.690140845070423,0.944162436548223,0.939393939393939,0.803630830207375,0,89.7654584221748,93.4673366834171,69.0140845070423,94.4162436548223,93.9393939393939,0.72457086939899,0.778699158122816
20,2,0.65,0.897654584221748,0.934673366834171,0.690140845070423,0.944162436548223,0.939393939393939,0.803630830207375,0,89.7654584221748,93.4673366834171,69.0140845070423,94.4162436548223,93.9393939393939,0.72457086939899,0.778699158122816
20,2,0.66,0.897654584221748,0.934673366834171,0.690140845070423,0.944162436548223,0.939393939393939,0.803630830207375,0,89.7654584221748,93.4673366834171,69.0140845070423,94.4162436548223,93.9393939393939,0.72457086939899,0.778699158122816
20,2,0.67,0.897654584221748,0.934673366834171,0.690140845070423,0.944162436548223,0.939393939393939,0.803630830207375,0,89.7654584221748,93.4673366834171,69.0140845070423,94.4162436548223,93.9393939393939,0.72457086939899,0.778699158122816
20,2,0.68,0.897654584221748,0.934673366834171,0.690140845070423,0.944162436548223,0.939393939393939,0.803630830207375,0,89.7654584221748,93.4673366834171,69.0140845070423,94.4162436548223,93.9393939393939,0.72457086939899,0.778699158122816
20,2,0.69,0.897654584221748,0.934673366834171,0.690140845070423,0.944162436548223,0.939393939393939,0.803630830207375,0,89.7654584221748,93.4673366834171,69.0140845070423,94.4162436548223,93.9393939393939,0.72457086939899,0.778699158122816
20,2,0.7,0.897654584221748,0.934673366834171,0.690140845070423,0.944162436548223,0.939393939393939,0.803630830207375,0,89.7654584221748,93.4673366834171,69.0140845070423,94.4162436548223,93.9393939393939,0.72457086939899,0.778699158122816
20,2,0.71,0.897654584221748,0.934673366834171,0.690140845070423,0.944162436548223,0.939393939393939,0.803630830207375,0,89.7654584221748,93.4673366834171,69.0140845070423,94.4162436548223,93.9393939393939,0.72457086939899,0.778699158122816
20,2,0.72,0.897654584221748,0.934673366834171,0.690140845070423,0.944162436548223,0.939393939393939,0.803630830207375,0,89.7654584221748,93.4673366834171,69.0140845070423,94.4162436548223,93.9393939393939,0.72457086939899,0.778699158122816
20,2,0.73,0.897654584221748,0.934673366834171,0.690140845070423,0.944162436548223,0.939393939393939,0.803630830207375,0,89.7654584221748,93.4673366834171,69.0140845070423,94.4162436548223,93.9393939393939,0.72457086939899,0.778699158122816
20,2,0.74,0.897654584221748,0.934673366834171,0.690140845070423,0.944162436548223,0.939393939393939,0.803630830207375,0,89.7654584221748,93.4673366834171,69.0140845070423,94.4162436548223,93.9393939393939,0.72457086939899,0.778699158122816
20,2,0.75,0.897654584221748,0.934673366834171,0.690140845070423,0.944162436548223,0.939393939393939,0.803630830207375,0,89.7654584221748,93.4673366834171,69.0140845070423,94.4162436548223,93.9393939393939,0.72457086939899,0.778699158122816
20,2,0.76,0.897654584221748,0.934673366834171,0.690140845070423,0.944162436548223,0.939393939393939,0.803630830207375,0,89.7654584221748,93.4673366834171,69.0140845070423,94.4162436548223,93.9393939393939,0.72457086939899,0.778699158122816
20,2,0.77,0.897654584221748,0.934673366834171,0.690140845070423,0.944162436548223,0.939393939393939,0.803630830207375,0,89.7654584221748,93.4673366834171,69.0140845070423,94.4162436548223,93.9393939393939,0.72457086939899,0.778699158122816
20,2,0.78,0.897654584221748,0.934673366834171,0.690140845070423,0.944162436548223,0.939393939393939,0.803630830207375,0,89.7654584221748,93.4673366834171,69.0140845070423,94.4162436548223,93.9393939393939,0.72457086939899,0.778699158122816
20,2,0.79,0.897654584221748,0.934673366834171,0.690140845070423,0.944162436548223,0.939393939393939,0.803630830207375,0,89.7654584221748,93.4673366834171,69.0140845070423,94.4162436548223,93.9393939393939,0.72457086939899,0.778699158122816
20,2,0.8,0.897654584221748,0.934673366834171,0.690140845070423,0.944162436548223,0.939393939393939,0.803630830207375,0,89.7654584221748,93.4673366834171,69.0140845070423,94.4162436548223,93.9393939393939,0.72457086939899,0.778699158122816
20,2,0.81,0.897654584221748,0.934673366834171,0.690140845070423,0.944162436548223,0.939393939393939,0.803630830207375,0,89.7654584221748,93.4673366834171,69.0140845070423,94.4162436548223,93.9393939393939,0.72457086939899,0.778699158122816
20,2,0.82,0.897654584221748,0.934673366834171,0.690140845070423,0.944162436548223,0.939393939393939,0.803630830207375,0,89.7654584221748,93.4673366834171,69.0140845070423,94.4162436548223,93.9393939393939,0.72457086939899,0.778699158122816
20,2,0.83,0.897654584221748,0.934673366834171,0.690140845070423,0.944162436548223,0.939393939393939,0.803630830207375,0,89.7654584221748,93.4673366834171,69.0140845070423,94.4162436548223,93.9393939393939,0.72457086939899,0.778699158122816
20,2,0.84,0.897654584221748,0.934673366834171,0.690140845070423,0.944162436548223,0.939393939393939,0.803630830207375,0,89.7654584221748,93.4673366834171,69.0140845070423,94.4162436548223,93.9393939393939,0.72457086939899,0.778699158122816
20,2,0.85,0.897654584221748,0.934673366834171,0.690140845070423,0.944162436548223,0.939393939393939,0.803630830207375,0,89.7654584221748,93.4673366834171,69.0140845070423,94.4162436548223,93.9393939393939,0.72457086939899,0.778699158122816
20,2,0.86,0.897654584221748,0.934673366834171,0.690140845070423,0.944162436548223,0.939393939393939,0.803630830207375,0,89.7654584221748,93.4673366834171,69.0140845070423,94.4162436548223,93.9393939393939,0.72457086939899,0.778699158122816
20,2,0.87,0.897654584221748,0.934673366834171,0.690140845070423,0.944162436548223,0.939393939393939,0.803630830207375,0,89.7654584221748,93.4673366834171,69.0140845070423,94.4162436548223,93.9393939393939,0.72457086939899,0.778699158122816
20,2,0.88,0.897654584221748,0.934673366834171,0.690140845070423,0.944162436548223,0.939393939393939,0.803630830207375,0,89.7654584221748,93.4673366834171,69.0140845070423,94.4162436548223,93.9393939393939,0.72457086939899,0.778699158122816
20,2,0.89,0.897654584221748,0.934673366834171,0.690140845070423,0.944162436548223,0.939393939393939,0.803630830207375,0,89.7654584221748,93.4673366834171,69.0140845070423,94.4162436548223,93.9393939393939,0.72457086939899,0.778699158122816
20,2,0.9,0.897654584221748,0.934673366834171,0.690140845070423,0.944162436548223,0.939393939393939,0.803630830207375,0,89.7654584221748,93.4673366834171,69.0140845070423,94.4162436548223,93.9393939393939,0.72457086939899,0.778699158122816
20,2,0.91,0.897654584221748,0.934673366834171,0.690140845070423,0.944162436548223,0.939393939393939,0.803630830207375,0,89.7654584221748,93.4673366834171,69.0140845070423,94.4162436548223,93.9393939393939,0.72457086939899,0.778699158122816
20,2,0.92,0.897654584221748,0.934673366834171,0.690140845070423,0.944162436548223,0.939393939393939,0.803630830207375,0,89.7654584221748,93.4673366834171,69.0140845070423,94.4162436548223,93.9393939393939,0.72457086939899,0.778699158122816
20,2,0.93,0.897654584221748,0.934673366834171,0.690140845070423,0.944162436548223,0.939393939393939,0.803630830207375,0,89.7654584221748,93.4673366834171,69.0140845070423,94.4162436548223,93.9393939393939,0.72457086939899,0.778699158122816
20,2,0.94,0.897654584221748,0.934673366834171,0.690140845070423,0.944162436548223,0.939393939393939,0.803630830207375,0,89.7654584221748,93.4673366834171,69.0140845070423,94.4162436548223,93.9393939393939,0.72457086939899,0.778699158122816
20,2,0.95,0.897654584221748,0.934673366834171,0.690140845070423,0.944162436548223,0.939393939393939,0.803630830207375,0,89.7654584221748,93.4673366834171,69.0140845070423,94.4162436548223,93.9393939393939,0.72457086939899,0.778699158122816
50,1,0.05,0.914712153518124,0.957286432160804,0.676056338028169,0.943069306930693,0.950124688279302,0.806408804586312,0,91.4712153518124,95.7286432160804,67.6056338028169,94.3069306930693,95.0124688279302,0.723271285213243,0.777904806020553
50,1,0.06,0.914712153518124,0.957286432160804,0.676056338028169,0.943069306930693,0.950124688279302,0.806408804586312,0,91.4712153518124,95.7286432160804,67.6056338028169,94.3069306930693,95.0124688279302,0.723271285213243,0.777904806020553
50,1,0.07,0.914712153518124,0.957286432160804,0.676056338028169,0.943069306930693,0.950124688279302,0.806408804586312,0,91.4712153518124,95.7286432160804,67.6056338028169,94.3069306930693,95.0124688279302,0.723271285213243,0.777904806020553
50,1,0.08,0.914712153518124,0.957286432160804,0.676056338028169,0.943069306930693,0.950124688279302,0.806408804586312,0,91.4712153518124,95.7286432160804,67.6056338028169,94.3069306930693,95.0124688279302,0.723271285213243,0.777904806020553
50,1,0.09,0.914712153518124,0.957286432160804,0.676056338028169,0.943069306930693,0.950124688279302,0.806408804586312,0,91.4712153518124,95.7286432160804,67.6056338028169,94.3069306930693,95.0124688279302,0.723271285213243,0.777904806020553
50,1,0.1,0.914712153518124,0.957286432160804,0.676056338028169,0.943069306930693,0.950124688279302,0.806408804586312,0,91.4712153518124,95.7286432160804,67.6056338028169,94.3069306930693,95.0124688279302,0.723271285213243,0.777904806020553
50,1,0.11,0.914712153518124,0.957286432160804,0.676056338028169,0.943069306930693,0.950124688279302,0.806408804586312,0,91.4712153518124,95.7286432160804,67.6056338028169,94.3069306930693,95.0124688279302,0.723271285213243,0.777904806020553
50,1,0.12,0.914712153518124,0.957286432160804,0.676056338028169,0.943069306930693,0.950124688279302,0.806408804586312,0,91.4712153518124,95.7286432160804,67.6056338028169,94.3069306930693,95.0124688279302,0.723271285213243,0.777904806020553
50,1,0.13,0.914712153518124,0.957286432160804,0.676056338028169,0.943069306930693,0.950124688279302,0.806408804586312,0,91.4712153518124,95.7286432160804,67.6056338028169,94.3069306930693,95.0124688279302,0.723271285213243,0.777904806020553
50,1,0.14,0.914712153518124,0.957286432160804,0.676056338028169,0.943069306930693,0.950124688279302,0.806408804586312,0,91.4712153518124,95.7286432160804,67.6056338028169,94.3069306930693,95.0124688279302,0.723271285213243,0.777904806020553
50,1,0.15,0.914712153518124,0.957286432160804,0.676056338028169,0.943069306930693,0.950124688279302,0.806408804586312,0,91.4712153518124,95.7286432160804,67.6056338028169,94.3069306930693,95.0124688279302,0.723271285213243,0.777904806020553
50,1,0.16,0.914712153518124,0.957286432160804,0.676056338028169,0.943069306930693,0.950124688279302,0.806408804586312,0,91.4712153518124,95.7286432160804,67.6056338028169,94.3069306930693,95.0124688279302,0.723271285213243,0.777904806020553
50,1,0.17,0.914712153518124,0.957286432160804,0.676056338028169,0.943069306930693,0.950124688279302,0.806408804586312,0,91.4712153518124,95.7286432160804,67.6056338028169,94.3069306930693,95.0124688279302,0.723271285213243,0.777904806020553
50,1,0.18,0.914712153518124,0.957286432160804,0.676056338028169,0.943069306930693,0.950124688279302,0.806408804586312,0,91.4712153518124,95.7286432160804,67.6056338028169,94.3069306930693,95.0124688279302,0.723271285213243,0.777904806020553
50,1,0.19,0.914712153518124,0.957286432160804,0.676056338028169,0.943069306930693,0.950124688279302,0.806408804586312,0,91.4712153518124,95.7286432160804,67.6056338028169,94.3069306930693,95.0124688279302,0.723271285213243,0.777904806020553
50,1,0.2,0.914712153518124,0.957286432160804,0.676056338028169,0.943069306930693,0.950124688279302,0.806408804586312,0,91.4712153518124,95.7286432160804,67.6056338028169,94.3069306930693,95.0124688279302,0.723271285213243,0.777904806020553
50,1,0.21,0.914712153518124,0.957286432160804,0.676056338028169,0.943069306930693,0.950124688279302,0.806408804586312,0,91.4712153518124,95.7286432160804,67.6056338028169,94.3069306930693,95.0124688279302,0.723271285213243,0.777904806020553
50,1,0.22,0.914712153518124,0.957286432160804,0.676056338028169,0.943069306930693,0.950124688279302,0.806408804586312,0,91.4712153518124,95.7286432160804,67.6056338028169,94.3069306930693,95.0124688279302,0.723271285213243,0.777904806020553
50,1,0.23,0.914712153518124,0.957286432160804,0.676056338028169,0.943069306930693,0.950124688279302,0.806408804586312,0,91.4712153518124,95.7286432160804,67.6056338028169,94.3069306930693,95.0124688279302,0.723271285213243,0.777904806020553
50,1,0.24,0.914712153518124,0.957286432160804,0.676056338028169,0.943069306930693,0.950124688279302,0.806408804586312,0,91.4712153518124,95.7286432160804,67.6056338028169,94.3069306930693,95.0124688279302,0.723271285213243,0.777904806020553
50,1,0.25,0.914712153518124,0.957286432160804,0.676056338028169,0.943069306930693,0.950124688279302,0.806408804586312,0,91.4712153518124,95.7286432160804,67.6056338028169,94.3069306930693,95.0124688279302,0.723271285213243,0.777904806020553
50,1,0.26,0.914712153518124,0.957286432160804,0.676056338028169,0.943069306930693,0.950124688279302,0.806408804586312,0,91.4712153518124,95.7286432160804,67.6056338028169,94.3069306930693,95.0124688279302,0.723271285213243,0.777904806020553
50,1,0.27,0.914712153518124,0.957286432160804,0.676056338028169,0.943069306930693,0.950124688279302,0.806408804586312,0,91.4712153518124,95.7286432160804,67.6056338028169,94.3069306930693,95.0124688279302,0.723271285213243,0.777904806020553
50,1,0.28,0.914712153518124,0.957286432160804,0.676056338028169,0.943069306930693,0.950124688279302,0.806408804586312,0,91.4712153518124,95.7286432160804,67.6056338028169,94.3069306930693,95.0124688279302,0.723271285213243,0.777904806020553
50,1,0.29,0.914712153518124,0.957286432160804,0.676056338028169,0.943069306930693,0.950124688279302,0.806408804586312,0,91.4712153518124,95.7286432160804,67.6056338028169,94.3069306930693,95.0124688279302,0.723271285213243,0.777904806020553
50,1,0.3,0.914712153518124,0.957286432160804,0.676056338028169,0.943069306930693,0.950124688279302,0.806408804586312,0,91.4712153518124,95.7286432160804,67.6056338028169,94.3069306930693,95.0124688279302,0.723271285213243,0.777904806020553
50,1,0.31,0.914712153518124,0.957286432160804,0.676056338028169,0.943069306930693,0.950124688279302,0.806408804586312,0,91.4712153518124,95.7286432160804,67.6056338028169,94.3069306930693,95.0124688279302,0.723271285213243,0.777904806020553
50,1,0.32,0.914712153518124,0.957286432160804,0.676056338028169,0.943069306930693,0.950124688279302,0.806408804586312,0,91.4712153518124,95.7286432160804,67.6056338028169,94.3069306930693,95.0124688279302,0.723271285213243,0.777904806020553
50,1,0.33,0.914712153518124,0.957286432160804,0.676056338028169,0.943069306930693,0.950124688279302,0.806408804586312,0,91.4712153518124,95.7286432160804,67.6056338028169,94.3069306930693,95.0124688279302,0.723271285213243,0.777904806020553
50,1,0.34,0.914712153518124,0.957286432160804,0.676056338028169,0.943069306930693,0.950124688279302,0.806408804586312,0,91.4712153518124,95.7286432160804,67.6056338028169,94.3069306930693,95.0124688279302,0.723271285213243,0.777904806020553
50,1,0.35,0.914712153518124,0.957286432160804,0.676056338028169,0.943069306930693,0.950124688279302,0.806408804586312,0,91.4712153518124,95.7286432160804,67.6056338028169,94.3069306930693,95.0124688279302,0.723271285213243,0.777904806020553
50,1,0.36,0.914712153518124,0.957286432160804,0.676056338028169,0.943069306930693,0.950124688279302,0.806408804586312,0,91.4712153518124,95.7286432160804,67.6056338028169,94.3069306930693,95.0124688279302,0.723271285213243,0.777904806020553
50,1,0.37,0.914712153518124,0.957286432160804,0.676056338028169,0.943069306930693,0.950124688279302,0.806408804586312,0,91.4712153518124,95.7286432160804,67.6056338028169,94.3069306930693,95.0124688279302,0.723271285213243,0.777904806020553
30,10,0.06,0.912579957356077,0.954773869346734,0.676056338028169,0.942928039702233,0.948813982521848,0.860234269941256,0,91.2579957356077,95.4773869346734,67.6056338028169,94.2928039702233,94.8813982521848,0.721585338161464,0.776994872557931
30,10,0.07,0.912579957356077,0.954773869346734,0.676056338028169,0.942928039702233,0.948813982521848,0.860234269941256,0,91.2579957356077,95.4773869346734,67.6056338028169,94.2928039702233,94.8813982521848,0.721585338161464,0.776994872557931
15,8,0.15,0.891257995735608,0.92713567839196,0.690140845070423,0.943734015345269,0.935361216730038,0.881520277443556,0,89.1257995735608,92.713567839196,69.0140845070423,94.3734015345269,93.5361216730038,0.719407656552916,0.775969357734949
15,8,0.16,0.891257995735608,0.92713567839196,0.690140845070423,0.943734015345269,0.935361216730038,0.881520277443556,0,89.1257995735608,92.713567839196,69.0140845070423,94.3734015345269,93.5361216730038,0.719407656552916,0.775969357734949
15,8,0.17,0.891257995735608,0.92713567839196,0.690140845070423,0.943734015345269,0.935361216730038,0.881520277443556,0,89.1257995735608,92.713567839196,69.0140845070423,94.3734015345269,93.5361216730038,0.719407656552916,0.775969357734949
40,5,0.12,0.891257995735608,0.92713567839196,0.690140845070423,0.943734015345269,0.935361216730038,0.835285582843796,0,89.1257995735608,92.713567839196,69.0140845070423,94.3734015345269,93.5361216730038,0.719407656552916,0.775969357734949
40,5,0.13,0.891257995735608,0.92713567839196,0.690140845070423,0.943734015345269,0.935361216730038,0.835285582843796,0,89.1257995735608,92.713567839196,69.0140845070423,94.3734015345269,93.5361216730038,0.719407656552916,0.775969357734949
40,5,0.14,0.891257995735608,0.92713567839196,0.690140845070423,0.943734015345269,0.935361216730038,0.835285582843796,0,89.1257995735608,92.713567839196,69.0140845070423,94.3734015345269,93.5361216730038,0.719407656552916,0.775969357734949
40,5,0.15,0.891257995735608,0.92713567839196,0.690140845070423,0.943734015345269,0.935361216730038,0.835285582843796,0,89.1257995735608,92.713567839196,69.0140845070423,94.3734015345269,93.5361216730038,0.719407656552916,0.775969357734949
40,5,0.16,0.891257995735608,0.92713567839196,0.690140845070423,0.943734015345269,0.935361216730038,0.835285582843796,0,89.1257995735608,92.713567839196,69.0140845070423,94.3734015345269,93.5361216730038,0.719407656552916,0.775969357734949
40,5,0.17,0.891257995735608,0.92713567839196,0.690140845070423,0.943734015345269,0.935361216730038,0.835285582843796,0,89.1257995735608,92.713567839196,69.0140845070423,94.3734015345269,93.5361216730038,0.719407656552916,0.775969357734949
15,5,0.07,0.908315565031983,0.949748743718593,0.676056338028169,0.942643391521197,0.946182728410513,0.854890650435275,0,90.8315565031983,94.9748743718593,67.6056338028169,94.2643391521197,94.6182728410513,0.718213444057906,0.775175005632686
15,5,0.08,0.908315565031983,0.949748743718593,0.676056338028169,0.942643391521197,0.946182728410513,0.854890650435275,0,90.8315565031983,94.9748743718593,67.6056338028169,94.2643391521197,94.6182728410513,0.718213444057906,0.775175005632686
20,3,0.05,0.908315565031983,0.949748743718593,0.676056338028169,0.942643391521197,0.946182728410513,0.857880954066105,0,90.8315565031983,94.9748743718593,67.6056338028169,94.2643391521197,94.6182728410513,0.718213444057906,0.775175005632686
40,10,0.05,0.908315565031983,0.949748743718593,0.676056338028169,0.942643391521197,0.946182728410513,0.909069997876707,0,90.8315565031983,94.9748743718593,67.6056338028169,94.2643391521197,94.6182728410513,0.718213444057906,0.775175005632686
40,10,0.06,0.908315565031983,0.949748743718593,0.676056338028169,0.942643391521197,0.946182728410513,0.909069997876707,0,90.8315565031983,94.9748743718593,67.6056338028169,94.2643391521197,94.6182728410513,0.718213444057906,0.775175005632686
40,5,0.18,0.889125799573561,0.924623115577889,0.690140845070423,0.943589743589744,0.934010152284264,0.835285582843796,0,88.9125799573561,92.462311557789,69.0140845070423,94.3589743589744,93.4010152284264,0.717686585604225,0.775059424272327
40,5,0.19,0.889125799573561,0.924623115577889,0.690140845070423,0.943589743589744,0.934010152284264,0.835285582843796,0,88.9125799573561,92.462311557789,69.0140845070423,94.3589743589744,93.4010152284264,0.717686585604225,0.775059424272327
10,3,0.09,0.906183368869936,0.947236180904523,0.676056338028169,0.9425,0.944862155388471,0.900930709887465,0,90.6183368869936,94.7236180904523,67.6056338028169,94.25,94.4862155388471,0.716527497006127,0.774265072170064
10,3,0.1,0.906183368869936,0.947236180904523,0.676056338028169,0.9425,0.944862155388471,0.900930709887465,0,90.6183368869936,94.7236180904523,67.6056338028169,94.25,94.4862155388471,0.716527497006127,0.774265072170064
30,2,0.06,0.906183368869936,0.947236180904523,0.676056338028169,0.9425,0.944862155388471,0.842929435911954,0,90.6183368869936,94.7236180904523,67.6056338028169,94.25,94.4862155388471,0.716527497006127,0.774265072170064
50,2,0.06,0.906183368869936,0.947236180904523,0.676056338028169,0.9425,0.944862155388471,0.82286432160804,0,90.6183368869936,94.7236180904523,67.6056338028169,94.25,94.4862155388471,0.716527497006127,0.774265072170064
50,2,0.07,0.906183368869936,0.947236180904523,0.676056338028169,0.9425,0.944862155388471,0.82286432160804,0,90.6183368869936,94.7236180904523,67.6056338028169,94.25,94.4862155388471,0.716527497006127,0.774265072170064
50,2,0.08,0.906183368869936,0.947236180904523,0.676056338028169,0.9425,0.944862155388471,0.82286432160804,0,90.6183368869936,94.7236180904523,67.6056338028169,94.25,94.4862155388471,0.716527497006127,0.774265072170064
50,3,0.06,0.906183368869936,0.947236180904523,0.676056338028169,0.9425,0.944862155388471,0.8588187415953,0,90.6183368869936,94.7236180904523,67.6056338028169,94.25,94.4862155388471,0.716527497006127,0.774265072170064
50,3,0.07,0.906183368869936,0.947236180904523,0.676056338028169,0.9425,0.944862155388471,0.8588187415953,0,90.6183368869936,94.7236180904523,67.6056338028169,94.25,94.4862155388471,0.716527497006127,0.774265072170064
40,5,0.2,0.886993603411514,0.922110552763819,0.690140845070423,0.943444730077121,0.932655654383736,0.835285582843796,0,88.6993603411514,92.2110552763819,69.0140845070423,94.3444730077121,93.2655654383736,0.715965514655534,0.774149490809705
40,5,0.21,0.886993603411514,0.922110552763819,0.690140845070423,0.943444730077121,0.932655654383736,0.835285582843796,0,88.6993603411514,92.2110552763819,69.0140845070423,94.3444730077121,93.2655654383736,0.715965514655534,0.774149490809705
40,5,0.22,0.886993603411514,0.922110552763819,0.690140845070423,0.943444730077121,0.932655654383736,0.835285582843796,0,88.6993603411514,92.2110552763819,69.0140845070423,94.3444730077121,93.2655654383736,0.715965514655534,0.774149490809705
20,3,0.06,0.904051172707889,0.944723618090452,0.676056338028169,0.942355889724311,0.943538268506901,0.857880954066105,0,90.4051172707889,94.4723618090452,67.6056338028169,94.2355889724311,94.3538268506901,0.714841549954348,0.773355138707441
20,3,0.07,0.904051172707889,0.944723618090452,0.676056338028169,0.942355889724311,0.943538268506901,0.857880954066105,0,90.4051172707889,94.4723618090452,67.6056338028169,94.2355889724311,94.3538268506901,0.714841549954348,0.773355138707441
20,3,0.08,0.904051172707889,0.944723618090452,0.676056338028169,0.942355889724311,0.943538268506901,0.857880954066105,0,90.4051172707889,94.4723618090452,67.6056338028169,94.2355889724311,94.3538268506901,0.714841549954348,0.773355138707441
20,3,0.09,0.904051172707889,0.944723618090452,0.676056338028169,0.942355889724311,0.943538268506901,0.857880954066105,0,90.4051172707889,94.4723618090452,67.6056338028169,94.2355889724311,94.3538268506901,0.714841549954348,0.773355138707441
20,3,0.1,0.904051172707889,0.944723618090452,0.676056338028169,0.942355889724311,0.943538268506901,0.857880954066105,0,90.4051172707889,94.4723618090452,67.6056338028169,94.2355889724311,94.3538268506901,0.714841549954348,0.773355138707441
20,3,0.11,0.904051172707889,0.944723618090452,0.676056338028169,0.942355889724311,0.943538268506901,0.857880954066105,0,90.4051172707889,94.4723618090452,67.6056338028169,94.2355889724311,94.3538268506901,0.714841549954348,0.773355138707441
20,8,0.06,0.904051172707889,0.944723618090452,0.676056338028169,0.942355889724311,0.943538268506901,0.880670960435983,0,90.4051172707889,94.4723618090452,67.6056338028169,94.2355889724311,94.3538268506901,0.714841549954348,0.773355138707441
20,8,0.07,0.904051172707889,0.944723618090452,0.676056338028169,0.942355889724311,0.943538268506901,0.880670960435983,0,90.4051172707889,94.4723618090452,67.6056338028169,94.2355889724311,94.3538268506901,0.714841549954348,0.773355138707441
40,2,0.49,0.904051172707889,0.944723618090452,0.676056338028169,0.942355889724311,0.943538268506901,0.817485313893411,0,90.4051172707889,94.4723618090452,67.6056338028169,94.2355889724311,94.3538268506901,0.714841549954348,0.773355138707441
40,2,0.5,0.904051172707889,0.944723618090452,0.676056338028169,0.942355889724311,0.943538268506901,0.817485313893411,0,90.4051172707889,94.4723618090452,67.6056338028169,94.2355889724311,94.3538268506901,0.714841549954348,0.773355138707441
40,2,0.51,0.904051172707889,0.944723618090452,0.676056338028169,0.942355889724311,0.943538268506901,0.817485313893411,0,90.4051172707889,94.4723618090452,67.6056338028169,94.2355889724311,94.3538268506901,0.714841549954348,0.773355138707441
40,2,0.52,0.904051172707889,0.944723618090452,0.676056338028169,0.942355889724311,0.943538268506901,0.817485313893411,0,90.4051172707889,94.4723618090452,67.6056338028169,94.2355889724311,94.3538268506901,0.714841549954348,0.773355138707441
40,2,0.53,0.904051172707889,0.944723618090452,0.676056338028169,0.942355889724311,0.943538268506901,0.817485313893411,0,90.4051172707889,94.4723618090452,67.6056338028169,94.2355889724311,94.3538268506901,0.714841549954348,0.773355138707441
40,2,0.54,0.904051172707889,0.944723618090452,0.676056338028169,0.942355889724311,0.943538268506901,0.817485313893411,0,90.4051172707889,94.4723618090452,67.6056338028169,94.2355889724311,94.3538268506901,0.714841549954348,0.773355138707441
40,2,0.55,0.904051172707889,0.944723618090452,0.676056338028169,0.942355889724311,0.943538268506901,0.817485313893411,0,90.4051172707889,94.4723618090452,67.6056338028169,94.2355889724311,94.3538268506901,0.714841549954348,0.773355138707441
40,2,0.56,0.904051172707889,0.944723618090452,0.676056338028169,0.942355889724311,0.943538268506901,0.817485313893411,0,90.4051172707889,94.4723618090452,67.6056338028169,94.2355889724311,94.3538268506901,0.714841549954348,0.773355138707441
40,2,0.57,0.904051172707889,0.944723618090452,0.676056338028169,0.942355889724311,0.943538268506901,0.817485313893411,0,90.4051172707889,94.4723618090452,67.6056338028169,94.2355889724311,94.3538268506901,0.714841549954348,0.773355138707441
40,2,0.58,0.904051172707889,0.944723618090452,0.676056338028169,0.942355889724311,0.943538268506901,0.817485313893411,0,90.4051172707889,94.4723618090452,67.6056338028169,94.2355889724311,94.3538268506901,0.714841549954348,0.773355138707441
40,2,0.59,0.904051172707889,0.944723618090452,0.676056338028169,0.942355889724311,0.943538268506901,0.817485313893411,0,90.4051172707889,94.4723618090452,67.6056338028169,94.2355889724311,94.3538268506901,0.714841549954348,0.773355138707441
40,3,0.49,0.904051172707889,0.944723618090452,0.676056338028169,0.942355889724311,0.943538268506901,0.826120036803737,0,90.4051172707889,94.4723618090452,67.6056338028169,94.2355889724311,94.3538268506901,0.714841549954348,0.773355138707441
40,3,0.5,0.904051172707889,0.944723618090452,0.676056338028169,0.942355889724311,0.943538268506901,0.826120036803737,0,90.4051172707889,94.4723618090452,67.6056338028169,94.2355889724311,94.3538268506901,0.714841549954348,0.773355138707441
40,3,0.51,0.904051172707889,0.944723618090452,0.676056338028169,0.942355889724311,0.943538268506901,0.826120036803737,0,90.4051172707889,94.4723618090452,67.6056338028169,94.2355889724311,94.3538268506901,0.714841549954348,0.773355138707441
40,3,0.52,0.904051172707889,0.944723618090452,0.676056338028169,0.942355889724311,0.943538268506901,0.826120036803737,0,90.4051172707889,94.4723618090452,67.6056338028169,94.2355889724311,94.3538268506901,0.714841549954348,0.773355138707441
40,3,0.53,0.904051172707889,0.944723618090452,0.676056338028169,0.942355889724311,0.943538268506901,0.826120036803737,0,90.4051172707889,94.4723618090452,67.6056338028169,94.2355889724311,94.3538268506901,0.714841549954348,0.773355138707441
40,3,0.54,0.904051172707889,0.944723618090452,0.676056338028169,0.942355889724311,0.943538268506901,0.826120036803737,0,90.4051172707889,94.4723618090452,67.6056338028169,94.2355889724311,94.3538268506901,0.714841549954348,0.773355138707441
40,3,0.55,0.904051172707889,0.944723618090452,0.676056338028169,0.942355889724311,0.943538268506901,0.826120036803737,0,90.4051172707889,94.4723618090452,67.6056338028169,94.2355889724311,94.3538268506901,0.714841549954348,0.773355138707441
40,3,0.56,0.904051172707889,0.944723618090452,0.676056338028169,0.942355889724311,0.943538268506901,0.826120036803737,0,90.4051172707889,94.4723618090452,67.6056338028169,94.2355889724311,94.3538268506901,0.714841549954348,0.773355138707441
40,3,0.57,0.904051172707889,0.944723618090452,0.676056338028169,0.942355889724311,0.943538268506901,0.826120036803737,0,90.4051172707889,94.4723618090452,67.6056338028169,94.2355889724311,94.3538268506901,0.714841549954348,0.773355138707441
40,3,0.58,0.904051172707889,0.944723618090452,0.676056338028169,0.942355889724311,0.943538268506901,0.826120036803737,0,90.4051172707889,94.4723618090452,67.6056338028169,94.2355889724311,94.3538268506901,0.714841549954348,0.773355138707441
40,3,0.59,0.904051172707889,0.944723618090452,0.676056338028169,0.942355889724311,0.943538268506901,0.826120036803737,0,90.4051172707889,94.4723618090452,67.6056338028169,94.2355889724311,94.3538268506901,0.714841549954348,0.773355138707441
40,3,0.6,0.904051172707889,0.944723618090452,0.676056338028169,0.942355889724311,0.943538268506901,0.826120036803737,0,90.4051172707889,94.4723618090452,67.6056338028169,94.2355889724311,94.3538268506901,0.714841549954348,0.773355138707441
40,3,0.61,0.904051172707889,0.944723618090452,0.676056338028169,0.942355889724311,0.943538268506901,0.826120036803737,0,90.4051172707889,94.4723618090452,67.6056338028169,94.2355889724311,94.3538268506901,0.714841549954348,0.773355138707441
40,3,0.62,0.904051172707889,0.944723618090452,0.676056338028169,0.942355889724311,0.943538268506901,0.826120036803737,0,90.4051172707889,94.4723618090452,67.6056338028169,94.2355889724311,94.3538268506901,0.714841549954348,0.773355138707441
40,3,0.63,0.904051172707889,0.944723618090452,0.676056338028169,0.942355889724311,0.943538268506901,0.826120036803737,0,90.4051172707889,94.4723618090452,67.6056338028169,94.2355889724311,94.3538268506901,0.714841549954348,0.773355138707441
40,3,0.64,0.904051172707889,0.944723618090452,0.676056338028169,0.942355889724311,0.943538268506901,0.826120036803737,0,90.4051172707889,94.4723618090452,67.6056338028169,94.2355889724311,94.3538268506901,0.714841549954348,0.773355138707441
40,3,0.65,0.904051172707889,0.944723618090452,0.676056338028169,0.942355889724311,0.943538268506901,0.826120036803737,0,90.4051172707889,94.4723618090452,67.6056338028169,94.2355889724311,94.3538268506901,0.714841549954348,0.773355138707441
40,3,0.66,0.904051172707889,0.944723618090452,0.676056338028169,0.942355889724311,0.943538268506901,0.826120036803737,0,90.4051172707889,94.4723618090452,67.6056338028169,94.2355889724311,94.3538268506901,0.714841549954348,0.773355138707441
40,3,0.67,0.904051172707889,0.944723618090452,0.676056338028169,0.942355889724311,0.943538268506901,0.826120036803737,0,90.4051172707889,94.4723618090452,67.6056338028169,94.2355889724311,94.3538268506901,0.714841549954348,0.773355138707441
40,3,0.68,0.904051172707889,0.944723618090452,0.676056338028169,0.942355889724311,0.943538268506901,0.826120036803737,0,90.4051172707889,94.4723618090452,67.6056338028169,94.2355889724311,94.3538268506901,0.714841549954348,0.773355138707441
40,3,0.69,0.904051172707889,0.944723618090452,0.676056338028169,0.942355889724311,0.943538268506901,0.826120036803737,0,90.4051172707889,94.4723618090452,67.6056338028169,94.2355889724311,94.3538268506901,0.714841549954348,0.773355138707441
40,3,0.7,0.904051172707889,0.944723618090452,0.676056338028169,0.942355889724311,0.943538268506901,0.826120036803737,0,90.4051172707889,94.4723618090452,67.6056338028169,94.2355889724311,94.3538268506901,0.714841549954348,0.773355138707441
50,5,0.1,0.884861407249467,0.919597989949749,0.690140845070423,0.943298969072165,0.931297709923664,0.861738268808833,0,88.4861407249467,91.9597989949749,69.0140845070423,94.3298969072165,93.1297709923664,0.714244443706843,0.773239557347082
40,1,0.29,0.901918976545842,0.942211055276382,0.676056338028169,0.942211055276382,0.942211055276382,0.822032698704792,0,90.1918976545842,94.2211055276382,67.6056338028169,94.2211055276382,94.2211055276382,0.713155602902569,0.772445205244819
40,1,0.3,0.901918976545842,0.942211055276382,0.676056338028169,0.942211055276382,0.942211055276382,0.822032698704792,0,90.1918976545842,94.2211055276382,67.6056338028169,94.2211055276382,94.2211055276382,0.713155602902569,0.772445205244819
40,1,0.31,0.901918976545842,0.942211055276382,0.676056338028169,0.942211055276382,0.942211055276382,0.822032698704792,0,90.1918976545842,94.2211055276382,67.6056338028169,94.2211055276382,94.2211055276382,0.713155602902569,0.772445205244819
40,1,0.32,0.901918976545842,0.942211055276382,0.676056338028169,0.942211055276382,0.942211055276382,0.822032698704792,0,90.1918976545842,94.2211055276382,67.6056338028169,94.2211055276382,94.2211055276382,0.713155602902569,0.772445205244819
50,10,0.1,0.901918976545842,0.942211055276382,0.676056338028169,0.942211055276382,0.942211055276382,0.904434142543705,0,90.1918976545842,94.2211055276382,67.6056338028169,94.2211055276382,94.2211055276382,0.713155602902569,0.772445205244819
50,10,0.11,0.901918976545842,0.942211055276382,0.676056338028169,0.942211055276382,0.942211055276382,0.904434142543705,0,90.1918976545842,94.2211055276382,67.6056338028169,94.2211055276382,94.2211055276382,0.713155602902569,0.772445205244819
50,10,0.12,0.901918976545842,0.942211055276382,0.676056338028169,0.942211055276382,0.942211055276382,0.904434142543705,0,90.1918976545842,94.2211055276382,67.6056338028169,94.2211055276382,94.2211055276382,0.713155602902569,0.772445205244819
50,10,0.13,0.901918976545842,0.942211055276382,0.676056338028169,0.942211055276382,0.942211055276382,0.904434142543705,0,90.1918976545842,94.2211055276382,67.6056338028169,94.2211055276382,94.2211055276382,0.713155602902569,0.772445205244819
50,10,0.14,0.901918976545842,0.942211055276382,0.676056338028169,0.942211055276382,0.942211055276382,0.904434142543705,0,90.1918976545842,94.2211055276382,67.6056338028169,94.2211055276382,94.2211055276382,0.713155602902569,0.772445205244819
50,10,0.15,0.901918976545842,0.942211055276382,0.676056338028169,0.942211055276382,0.942211055276382,0.904434142543705,0,90.1918976545842,94.2211055276382,67.6056338028169,94.2211055276382,94.2211055276382,0.713155602902569,0.772445205244819
50,10,0.16,0.899786780383795,0.939698492462312,0.676056338028169,0.942065491183879,0.940880503144654,0.904434142543705,0,89.9786780383795,93.9698492462311,67.6056338028169,94.2065491183879,94.0880503144654,0.711469655850789,0.771535271782197
50,10,0.17,0.899786780383795,0.939698492462312,0.676056338028169,0.942065491183879,0.940880503144654,0.904434142543705,0,89.9786780383795,93.9698492462311,67.6056338028169,94.2065491183879,94.0880503144654,0.711469655850789,0.771535271782197
50,10,0.18,0.899786780383795,0.939698492462312,0.676056338028169,0.942065491183879,0.940880503144654,0.904434142543705,0,89.9786780383795,93.9698492462311,67.6056338028169,94.2065491183879,94.0880503144654,0.711469655850789,0.771535271782197
50,10,0.19,0.899786780383795,0.939698492462312,0.676056338028169,0.942065491183879,0.940880503144654,0.904434142543705,0,89.9786780383795,93.9698492462311,67.6056338028169,94.2065491183879,94.0880503144654,0.711469655850789,0.771535271782197
50,10,0.2,0.899786780383795,0.939698492462312,0.676056338028169,0.942065491183879,0.940880503144654,0.904434142543705,0,89.9786780383795,93.9698492462311,67.6056338028169,94.2065491183879,94.0880503144654,0.711469655850789,0.771535271782197
30,1,0.49,0.897654584221748,0.937185929648241,0.676056338028169,0.941919191919192,0.939546599496222,0.830897444971336,0,89.7654584221748,93.7185929648241,67.6056338028169,94.1919191919192,93.9546599496222,0.70978370879901,0.770625338319575
30,1,0.5,0.897654584221748,0.937185929648241,0.676056338028169,0.941919191919192,0.939546599496222,0.830897444971336,0,89.7654584221748,93.7185929648241,67.6056338028169,94.1919191919192,93.9546599496222,0.70978370879901,0.770625338319575
30,1,0.51,0.897654584221748,0.937185929648241,0.676056338028169,0.941919191919192,0.939546599496222,0.830897444971336,0,89.7654584221748,93.7185929648241,67.6056338028169,94.1919191919192,93.9546599496222,0.70978370879901,0.770625338319575
30,1,0.52,0.897654584221748,0.937185929648241,0.676056338028169,0.941919191919192,0.939546599496222,0.830897444971336,0,89.7654584221748,93.7185929648241,67.6056338028169,94.1919191919192,93.9546599496222,0.70978370879901,0.770625338319575
30,1,0.53,0.897654584221748,0.937185929648241,0.676056338028169,0.941919191919192,0.939546599496222,0.830897444971336,0,89.7654584221748,93.7185929648241,67.6056338028169,94.1919191919192,93.9546599496222,0.70978370879901,0.770625338319575
30,1,0.54,0.897654584221748,0.937185929648241,0.676056338028169,0.941919191919192,0.939546599496222,0.830897444971336,0,89.7654584221748,93.7185929648241,67.6056338028169,94.1919191919192,93.9546599496222,0.70978370879901,0.770625338319575
40,5,0.09,0.897654584221748,0.937185929648241,0.676056338028169,0.941919191919192,0.939546599496222,0.835285582843796,0,89.7654584221748,93.7185929648241,67.6056338028169,94.1919191919192,93.9546599496222,0.70978370879901,0.770625338319575
50,5,0.05,0.893390191897655,0.9321608040201,0.676056338028169,0.941624365482233,0.936868686868687,0.861738268808833,0,89.3390191897655,93.21608040201,67.6056338028169,94.1624365482234,93.6868686868687,0.706411814695452,0.76880547139433
50,5,0.06,0.893390191897655,0.9321608040201,0.676056338028169,0.941624365482233,0.936868686868687,0.861738268808833,0,89.3390191897655,93.21608040201,67.6056338028169,94.1624365482234,93.6868686868687,0.706411814695452,0.76880547139433
50,5,0.07,0.893390191897655,0.9321608040201,0.676056338028169,0.941624365482233,0.936868686868687,0.861738268808833,0,89.3390191897655,93.21608040201,67.6056338028169,94.1624365482234,93.6868686868687,0.706411814695452,0.76880547139433
50,5,0.08,0.893390191897655,0.9321608040201,0.676056338028169,0.941624365482233,0.936868686868687,0.861738268808833,0,89.3390191897655,93.21608040201,67.6056338028169,94.1624365482234,93.6868686868687,0.706411814695452,0.76880547139433
50,5,0.09,0.893390191897655,0.9321608040201,0.676056338028169,0.941624365482233,0.936868686868687,0.861738268808833,0,89.3390191897655,93.21608040201,67.6056338028169,94.1624365482234,93.6868686868687,0.706411814695452,0.76880547139433
40,5,0.1,0.891257995735608,0.92964824120603,0.676056338028169,0.94147582697201,0.935524652338812,0.835285582843796,0,89.1257995735608,92.964824120603,67.6056338028169,94.147582697201,93.5524652338812,0.704725867643673,0.767895537931708
40,5,0.11,0.891257995735608,0.92964824120603,0.676056338028169,0.94147582697201,0.935524652338812,0.835285582843796,0,89.1257995735608,92.964824120603,67.6056338028169,94.147582697201,93.5524652338812,0.704725867643673,0.767895537931708
40,3,0.09,0.906183368869936,0.949748743718593,0.661971830985915,0.940298507462687,0.945,0.826120036803737,0,90.6183368869936,94.9748743718593,66.1971830985916,94.0298507462687,94.5,0.701599840818499,0.766191252366822
40,3,0.1,0.906183368869936,0.949748743718593,0.661971830985915,0.940298507462687,0.945,0.826120036803737,0,90.6183368869936,94.9748743718593,66.1971830985916,94.0298507462687,94.5,0.701599840818499,0.766191252366822
40,3,0.11,0.906183368869936,0.949748743718593,0.661971830985915,0.940298507462687,0.945,0.826120036803737,0,90.6183368869936,94.9748743718593,66.1971830985916,94.0298507462687,94.5,0.701599840818499,0.766191252366822
40,3,0.12,0.906183368869936,0.949748743718593,0.661971830985915,0.940298507462687,0.945,0.826120036803737,0,90.6183368869936,94.9748743718593,66.1971830985916,94.0298507462687,94.5,0.701599840818499,0.766191252366822
40,3,0.13,0.906183368869936,0.949748743718593,0.661971830985915,0.940298507462687,0.945,0.826120036803737,0,90.6183368869936,94.9748743718593,66.1971830985916,94.0298507462687,94.5,0.701599840818499,0.766191252366822
40,3,0.14,0.906183368869936,0.949748743718593,0.661971830985915,0.940298507462687,0.945,0.826120036803737,0,90.6183368869936,94.9748743718593,66.1971830985916,94.0298507462687,94.5,0.701599840818499,0.766191252366822
40,3,0.15,0.906183368869936,0.949748743718593,0.661971830985915,0.940298507462687,0.945,0.826120036803737,0,90.6183368869936,94.9748743718593,66.1971830985916,94.0298507462687,94.5,0.701599840818499,0.766191252366822
40,3,0.16,0.906183368869936,0.949748743718593,0.661971830985915,0.940298507462687,0.945,0.826120036803737,0,90.6183368869936,94.9748743718593,66.1971830985916,94.0298507462687,94.5,0.701599840818499,0.766191252366822
30,2,0.05,0.904051172707889,0.947236180904523,0.661971830985915,0.940149625935162,0.943679599499374,0.842929435911954,0,90.4051172707889,94.7236180904523,66.1971830985916,94.0149625935162,94.3679599499374,0.699949017663632,0.7652813189042
40,3,0.17,0.904051172707889,0.947236180904523,0.661971830985915,0.940149625935162,0.943679599499374,0.826120036803737,0,90.4051172707889,94.7236180904523,66.1971830985916,94.0149625935162,94.3679599499374,0.699949017663632,0.7652813189042
40,3,0.18,0.904051172707889,0.947236180904523,0.661971830985915,0.940149625935162,0.943679599499374,0.826120036803737,0,90.4051172707889,94.7236180904523,66.1971830985916,94.0149625935162,94.3679599499374,0.699949017663632,0.7652813189042
40,3,0.19,0.904051172707889,0.947236180904523,0.661971830985915,0.940149625935162,0.943679599499374,0.826120036803737,0,90.4051172707889,94.7236180904523,66.1971830985916,94.0149625935162,94.3679599499374,0.699949017663632,0.7652813189042
40,3,0.2,0.904051172707889,0.947236180904523,0.661971830985915,0.940149625935162,0.943679599499374,0.826120036803737,0,90.4051172707889,94.7236180904523,66.1971830985916,94.0149625935162,94.3679599499374,0.699949017663632,0.7652813189042
40,3,0.21,0.904051172707889,0.947236180904523,0.661971830985915,0.940149625935162,0.943679599499374,0.826120036803737,0,90.4051172707889,94.7236180904523,66.1971830985916,94.0149625935162,94.3679599499374,0.699949017663632,0.7652813189042
40,3,0.22,0.904051172707889,0.947236180904523,0.661971830985915,0.940149625935162,0.943679599499374,0.826120036803737,0,90.4051172707889,94.7236180904523,66.1971830985916,94.0149625935162,94.3679599499374,0.699949017663632,0.7652813189042
40,3,0.23,0.904051172707889,0.947236180904523,0.661971830985915,0.940149625935162,0.943679599499374,0.826120036803737,0,90.4051172707889,94.7236180904523,66.1971830985916,94.0149625935162,94.3679599499374,0.699949017663632,0.7652813189042
40,3,0.24,0.904051172707889,0.947236180904523,0.661971830985915,0.940149625935162,0.943679599499374,0.826120036803737,0,90.4051172707889,94.7236180904523,66.1971830985916,94.0149625935162,94.3679599499374,0.699949017663632,0.7652813189042
40,3,0.25,0.904051172707889,0.947236180904523,0.661971830985915,0.940149625935162,0.943679599499374,0.826120036803737,0,90.4051172707889,94.7236180904523,66.1971830985916,94.0149625935162,94.3679599499374,0.699949017663632,0.7652813189042
40,3,0.26,0.904051172707889,0.947236180904523,0.661971830985915,0.940149625935162,0.943679599499374,0.826120036803737,0,90.4051172707889,94.7236180904523,66.1971830985916,94.0149625935162,94.3679599499374,0.699949017663632,0.7652813189042
40,3,0.27,0.904051172707889,0.947236180904523,0.661971830985915,0.940149625935162,0.943679599499374,0.826120036803737,0,90.4051172707889,94.7236180904523,66.1971830985916,94.0149625935162,94.3679599499374,0.699949017663632,0.7652813189042
40,3,0.28,0.904051172707889,0.947236180904523,0.661971830985915,0.940149625935162,0.943679599499374,0.826120036803737,0,90.4051172707889,94.7236180904523,66.1971830985916,94.0149625935162,94.3679599499374,0.699949017663632,0.7652813189042
40,3,0.29,0.904051172707889,0.947236180904523,0.661971830985915,0.940149625935162,0.943679599499374,0.826120036803737,0,90.4051172707889,94.7236180904523,66.1971830985916,94.0149625935162,94.3679599499374,0.699949017663632,0.7652813189042
40,3,0.3,0.904051172707889,0.947236180904523,0.661971830985915,0.940149625935162,0.943679599499374,0.826120036803737,0,90.4051172707889,94.7236180904523,66.1971830985916,94.0149625935162,94.3679599499374,0.699949017663632,0.7652813189042
40,3,0.31,0.904051172707889,0.947236180904523,0.661971830985915,0.940149625935162,0.943679599499374,0.826120036803737,0,90.4051172707889,94.7236180904523,66.1971830985916,94.0149625935162,94.3679599499374,0.699949017663632,0.7652813189042
40,3,0.32,0.904051172707889,0.947236180904523,0.661971830985915,0.940149625935162,0.943679599499374,0.826120036803737,0,90.4051172707889,94.7236180904523,66.1971830985916,94.0149625935162,94.3679599499374,0.699949017663632,0.7652813189042
40,3,0.33,0.904051172707889,0.947236180904523,0.661971830985915,0.940149625935162,0.943679599499374,0.826120036803737,0,90.4051172707889,94.7236180904523,66.1971830985916,94.0149625935162,94.3679599499374,0.699949017663632,0.7652813189042
40,3,0.34,0.904051172707889,0.947236180904523,0.661971830985915,0.940149625935162,0.943679599499374,0.826120036803737,0,90.4051172707889,94.7236180904523,66.1971830985916,94.0149625935162,94.3679599499374,0.699949017663632,0.7652813189042
40,3,0.35,0.904051172707889,0.947236180904523,0.661971830985915,0.940149625935162,0.943679599499374,0.826120036803737,0,90.4051172707889,94.7236180904523,66.1971830985916,94.0149625935162,94.3679599499374,0.699949017663632,0.7652813189042
40,3,0.36,0.904051172707889,0.947236180904523,0.661971830985915,0.940149625935162,0.943679599499374,0.826120036803737,0,90.4051172707889,94.7236180904523,66.1971830985916,94.0149625935162,94.3679599499374,0.699949017663632,0.7652813189042
40,3,0.37,0.904051172707889,0.947236180904523,0.661971830985915,0.940149625935162,0.943679599499374,0.826120036803737,0,90.4051172707889,94.7236180904523,66.1971830985916,94.0149625935162,94.3679599499374,0.699949017663632,0.7652813189042
50,2,0.05,0.904051172707889,0.947236180904523,0.661971830985915,0.940149625935162,0.943679599499374,0.82286432160804,0,90.4051172707889,94.7236180904523,66.1971830985916,94.0149625935162,94.3679599499374,0.699949017663632,0.7652813189042
50,3,0.05,0.904051172707889,0.947236180904523,0.661971830985915,0.940149625935162,0.943679599499374,0.8588187415953,0,90.4051172707889,94.7236180904523,66.1971830985916,94.0149625935162,94.3679599499374,0.699949017663632,0.7652813189042
40,1,0.05,0.901918976545842,0.944723618090452,0.661971830985915,0.94,0.942355889724311,0.822032698704792,0,90.1918976545842,94.4723618090452,66.1971830985916,94,94.2355889724311,0.698298194508765,0.764371385441578
40,1,0.06,0.901918976545842,0.944723618090452,0.661971830985915,0.94,0.942355889724311,0.822032698704792,0,90.1918976545842,94.4723618090452,66.1971830985916,94,94.2355889724311,0.698298194508765,0.764371385441578
40,1,0.07,0.901918976545842,0.944723618090452,0.661971830985915,0.94,0.942355889724311,0.822032698704792,0,90.1918976545842,94.4723618090452,66.1971830985916,94,94.2355889724311,0.698298194508765,0.764371385441578
40,1,0.08,0.901918976545842,0.944723618090452,0.661971830985915,0.94,0.942355889724311,0.822032698704792,0,90.1918976545842,94.4723618090452,66.1971830985916,94,94.2355889724311,0.698298194508765,0.764371385441578
40,1,0.09,0.901918976545842,0.944723618090452,0.661971830985915,0.94,0.942355889724311,0.822032698704792,0,90.1918976545842,94.4723618090452,66.1971830985916,94,94.2355889724311,0.698298194508765,0.764371385441578
40,1,0.1,0.901918976545842,0.944723618090452,0.661971830985915,0.94,0.942355889724311,0.822032698704792,0,90.1918976545842,94.4723618090452,66.1971830985916,94,94.2355889724311,0.698298194508765,0.764371385441578
40,1,0.11,0.901918976545842,0.944723618090452,0.661971830985915,0.94,0.942355889724311,0.822032698704792,0,90.1918976545842,94.4723618090452,66.1971830985916,94,94.2355889724311,0.698298194508765,0.764371385441578
40,1,0.12,0.901918976545842,0.944723618090452,0.661971830985915,0.94,0.942355889724311,0.822032698704792,0,90.1918976545842,94.4723618090452,66.1971830985916,94,94.2355889724311,0.698298194508765,0.764371385441578
40,2,0.17,0.901918976545842,0.944723618090452,0.661971830985915,0.94,0.942355889724311,0.817485313893411,0,90.1918976545842,94.4723618090452,66.1971830985916,94,94.2355889724311,0.698298194508765,0.764371385441578
40,2,0.18,0.901918976545842,0.944723618090452,0.661971830985915,0.94,0.942355889724311,0.817485313893411,0,90.1918976545842,94.4723618090452,66.1971830985916,94,94.2355889724311,0.698298194508765,0.764371385441578
40,2,0.19,0.901918976545842,0.944723618090452,0.661971830985915,0.94,0.942355889724311,0.817485313893411,0,90.1918976545842,94.4723618090452,66.1971830985916,94,94.2355889724311,0.698298194508765,0.764371385441578
40,2,0.2,0.901918976545842,0.944723618090452,0.661971830985915,0.94,0.942355889724311,0.817485313893411,0,90.1918976545842,94.4723618090452,66.1971830985916,94,94.2355889724311,0.698298194508765,0.764371385441578
40,2,0.21,0.901918976545842,0.944723618090452,0.661971830985915,0.94,0.942355889724311,0.817485313893411,0,90.1918976545842,94.4723618090452,66.1971830985916,94,94.2355889724311,0.698298194508765,0.764371385441578
40,2,0.22,0.901918976545842,0.944723618090452,0.661971830985915,0.94,0.942355889724311,0.817485313893411,0,90.1918976545842,94.4723618090452,66.1971830985916,94,94.2355889724311,0.698298194508765,0.764371385441578
40,2,0.23,0.901918976545842,0.944723618090452,0.661971830985915,0.94,0.942355889724311,0.817485313893411,0,90.1918976545842,94.4723618090452,66.1971830985916,94,94.2355889724311,0.698298194508765,0.764371385441578
40,2,0.24,0.901918976545842,0.944723618090452,0.661971830985915,0.94,0.942355889724311,0.817485313893411,0,90.1918976545842,94.4723618090452,66.1971830985916,94,94.2355889724311,0.698298194508765,0.764371385441578
40,2,0.25,0.901918976545842,0.944723618090452,0.661971830985915,0.94,0.942355889724311,0.817485313893411,0,90.1918976545842,94.4723618090452,66.1971830985916,94,94.2355889724311,0.698298194508765,0.764371385441578
40,2,0.26,0.901918976545842,0.944723618090452,0.661971830985915,0.94,0.942355889724311,0.817485313893411,0,90.1918976545842,94.4723618090452,66.1971830985916,94,94.2355889724311,0.698298194508765,0.764371385441578
40,2,0.27,0.901918976545842,0.944723618090452,0.661971830985915,0.94,0.942355889724311,0.817485313893411,0,90.1918976545842,94.4723618090452,66.1971830985916,94,94.2355889724311,0.698298194508765,0.764371385441578
40,2,0.28,0.901918976545842,0.944723618090452,0.661971830985915,0.94,0.942355889724311,0.817485313893411,0,90.1918976545842,94.4723618090452,66.1971830985916,94,94.2355889724311,0.698298194508765,0.764371385441578
40,2,0.29,0.901918976545842,0.944723618090452,0.661971830985915,0.94,0.942355889724311,0.817485313893411,0,90.1918976545842,94.4723618090452,66.1971830985916,94,94.2355889724311,0.698298194508765,0.764371385441578
40,2,0.3,0.901918976545842,0.944723618090452,0.661971830985915,0.94,0.942355889724311,0.817485313893411,0,90.1918976545842,94.4723618090452,66.1971830985916,94,94.2355889724311,0.698298194508765,0.764371385441578
40,2,0.31,0.901918976545842,0.944723618090452,0.661971830985915,0.94,0.942355889724311,0.817485313893411,0,90.1918976545842,94.4723618090452,66.1971830985916,94,94.2355889724311,0.698298194508765,0.764371385441578
40,2,0.32,0.901918976545842,0.944723618090452,0.661971830985915,0.94,0.942355889724311,0.817485313893411,0,90.1918976545842,94.4723618090452,66.1971830985916,94,94.2355889724311,0.698298194508765,0.764371385441578
40,2,0.33,0.901918976545842,0.944723618090452,0.661971830985915,0.94,0.942355889724311,0.817485313893411,0,90.1918976545842,94.4723618090452,66.1971830985916,94,94.2355889724311,0.698298194508765,0.764371385441578
40,2,0.34,0.901918976545842,0.944723618090452,0.661971830985915,0.94,0.942355889724311,0.817485313893411,0,90.1918976545842,94.4723618090452,66.1971830985916,94,94.2355889724311,0.698298194508765,0.764371385441578
40,2,0.35,0.901918976545842,0.944723618090452,0.661971830985915,0.94,0.942355889724311,0.817485313893411,0,90.1918976545842,94.4723618090452,66.1971830985916,94,94.2355889724311,0.698298194508765,0.764371385441578
40,2,0.36,0.901918976545842,0.944723618090452,0.661971830985915,0.94,0.942355889724311,0.817485313893411,0,90.1918976545842,94.4723618090452,66.1971830985916,94,94.2355889724311,0.698298194508765,0.764371385441578
40,2,0.37,0.901918976545842,0.944723618090452,0.661971830985915,0.94,0.942355889724311,0.817485313893411,0,90.1918976545842,94.4723618090452,66.1971830985916,94,94.2355889724311,0.698298194508765,0.764371385441578
40,2,0.38,0.901918976545842,0.944723618090452,0.661971830985915,0.94,0.942355889724311,0.817485313893411,0,90.1918976545842,94.4723618090452,66.1971830985916,94,94.2355889724311,0.698298194508765,0.764371385441578
40,2,0.39,0.901918976545842,0.944723618090452,0.661971830985915,0.94,0.942355889724311,0.817485313893411,0,90.1918976545842,94.4723618090452,66.1971830985916,94,94.2355889724311,0.698298194508765,0.764371385441578
40,2,0.4,0.901918976545842,0.944723618090452,0.661971830985915,0.94,0.942355889724311,0.817485313893411,0,90.1918976545842,94.4723618090452,66.1971830985916,94,94.2355889724311,0.698298194508765,0.764371385441578
40,2,0.41,0.901918976545842,0.944723618090452,0.661971830985915,0.94,0.942355889724311,0.817485313893411,0,90.1918976545842,94.4723618090452,66.1971830985916,94,94.2355889724311,0.698298194508765,0.764371385441578
40,2,0.42,0.901918976545842,0.944723618090452,0.661971830985915,0.94,0.942355889724311,0.817485313893411,0,90.1918976545842,94.4723618090452,66.1971830985916,94,94.2355889724311,0.698298194508765,0.764371385441578
40,2,0.43,0.901918976545842,0.944723618090452,0.661971830985915,0.94,0.942355889724311,0.817485313893411,0,90.1918976545842,94.4723618090452,66.1971830985916,94,94.2355889724311,0.698298194508765,0.764371385441578
40,2,0.44,0.901918976545842,0.944723618090452,0.661971830985915,0.94,0.942355889724311,0.817485313893411,0,90.1918976545842,94.4723618090452,66.1971830985916,94,94.2355889724311,0.698298194508765,0.764371385441578
40,2,0.45,0.901918976545842,0.944723618090452,0.661971830985915,0.94,0.942355889724311,0.817485313893411,0,90.1918976545842,94.4723618090452,66.1971830985916,94,94.2355889724311,0.698298194508765,0.764371385441578
40,2,0.46,0.901918976545842,0.944723618090452,0.661971830985915,0.94,0.942355889724311,0.817485313893411,0,90.1918976545842,94.4723618090452,66.1971830985916,94,94.2355889724311,0.698298194508765,0.764371385441578
40,2,0.47,0.901918976545842,0.944723618090452,0.661971830985915,0.94,0.942355889724311,0.817485313893411,0,90.1918976545842,94.4723618090452,66.1971830985916,94,94.2355889724311,0.698298194508765,0.764371385441578
40,2,0.48,0.901918976545842,0.944723618090452,0.661971830985915,0.94,0.942355889724311,0.817485313893411,0,90.1918976545842,94.4723618090452,66.1971830985916,94,94.2355889724311,0.698298194508765,0.764371385441578
40,3,0.38,0.901918976545842,0.944723618090452,0.661971830985915,0.94,0.942355889724311,0.826120036803737,0,90.1918976545842,94.4723618090452,66.1971830985916,94,94.2355889724311,0.698298194508765,0.764371385441578
40,3,0.39,0.901918976545842,0.944723618090452,0.661971830985915,0.94,0.942355889724311,0.826120036803737,0,90.1918976545842,94.4723618090452,66.1971830985916,94,94.2355889724311,0.698298194508765,0.764371385441578
40,3,0.4,0.901918976545842,0.944723618090452,0.661971830985915,0.94,0.942355889724311,0.826120036803737,0,90.1918976545842,94.4723618090452,66.1971830985916,94,94.2355889724311,0.698298194508765,0.764371385441578
40,3,0.41,0.901918976545842,0.944723618090452,0.661971830985915,0.94,0.942355889724311,0.826120036803737,0,90.1918976545842,94.4723618090452,66.1971830985916,94,94.2355889724311,0.698298194508765,0.764371385441578
40,3,0.42,0.901918976545842,0.944723618090452,0.661971830985915,0.94,0.942355889724311,0.826120036803737,0,90.1918976545842,94.4723618090452,66.1971830985916,94,94.2355889724311,0.698298194508765,0.764371385441578
40,3,0.43,0.901918976545842,0.944723618090452,0.661971830985915,0.94,0.942355889724311,0.826120036803737,0,90.1918976545842,94.4723618090452,66.1971830985916,94,94.2355889724311,0.698298194508765,0.764371385441578
40,3,0.44,0.901918976545842,0.944723618090452,0.661971830985915,0.94,0.942355889724311,0.826120036803737,0,90.1918976545842,94.4723618090452,66.1971830985916,94,94.2355889724311,0.698298194508765,0.764371385441578
40,3,0.45,0.901918976545842,0.944723618090452,0.661971830985915,0.94,0.942355889724311,0.826120036803737,0,90.1918976545842,94.4723618090452,66.1971830985916,94,94.2355889724311,0.698298194508765,0.764371385441578
40,3,0.46,0.901918976545842,0.944723618090452,0.661971830985915,0.94,0.942355889724311,0.826120036803737,0,90.1918976545842,94.4723618090452,66.1971830985916,94,94.2355889724311,0.698298194508765,0.764371385441578
40,3,0.47,0.901918976545842,0.944723618090452,0.661971830985915,0.94,0.942355889724311,0.826120036803737,0,90.1918976545842,94.4723618090452,66.1971830985916,94,94.2355889724311,0.698298194508765,0.764371385441578
40,3,0.48,0.901918976545842,0.944723618090452,0.661971830985915,0.94,0.942355889724311,0.826120036803737,0,90.1918976545842,94.4723618090452,66.1971830985916,94,94.2355889724311,0.698298194508765,0.764371385441578
40,1,0.13,0.899786780383795,0.942211055276382,0.661971830985915,0.93984962406015,0.941028858218319,0.822032698704792,0,89.9786780383795,94.2211055276382,66.1971830985916,93.984962406015,94.1028858218319,0.696647371353898,0.763461451978955
40,1,0.14,0.899786780383795,0.942211055276382,0.661971830985915,0.93984962406015,0.941028858218319,0.822032698704792,0,89.9786780383795,94.2211055276382,66.1971830985916,93.984962406015,94.1028858218319,0.696647371353898,0.763461451978955
40,1,0.15,0.899786780383795,0.942211055276382,0.661971830985915,0.93984962406015,0.941028858218319,0.822032698704792,0,89.9786780383795,94.2211055276382,66.1971830985916,93.984962406015,94.1028858218319,0.696647371353898,0.763461451978955
40,1,0.16,0.899786780383795,0.942211055276382,0.661971830985915,0.93984962406015,0.941028858218319,0.822032698704792,0,89.9786780383795,94.2211055276382,66.1971830985916,93.984962406015,94.1028858218319,0.696647371353898,0.763461451978955
40,1,0.17,0.899786780383795,0.942211055276382,0.661971830985915,0.93984962406015,0.941028858218319,0.822032698704792,0,89.9786780383795,94.2211055276382,66.1971830985916,93.984962406015,94.1028858218319,0.696647371353898,0.763461451978955
40,1,0.18,0.899786780383795,0.942211055276382,0.661971830985915,0.93984962406015,0.941028858218319,0.822032698704792,0,89.9786780383795,94.2211055276382,66.1971830985916,93.984962406015,94.1028858218319,0.696647371353898,0.763461451978955
40,1,0.19,0.899786780383795,0.942211055276382,0.661971830985915,0.93984962406015,0.941028858218319,0.822032698704792,0,89.9786780383795,94.2211055276382,66.1971830985916,93.984962406015,94.1028858218319,0.696647371353898,0.763461451978955
40,1,0.2,0.899786780383795,0.942211055276382,0.661971830985915,0.93984962406015,0.941028858218319,0.822032698704792,0,89.9786780383795,94.2211055276382,66.1971830985916,93.984962406015,94.1028858218319,0.696647371353898,0.763461451978955
40,1,0.21,0.899786780383795,0.942211055276382,0.661971830985915,0.93984962406015,0.941028858218319,0.822032698704792,0,89.9786780383795,94.2211055276382,66.1971830985916,93.984962406015,94.1028858218319,0.696647371353898,0.763461451978955
40,1,0.22,0.899786780383795,0.942211055276382,0.661971830985915,0.93984962406015,0.941028858218319,0.822032698704792,0,89.9786780383795,94.2211055276382,66.1971830985916,93.984962406015,94.1028858218319,0.696647371353898,0.763461451978955
40,1,0.23,0.899786780383795,0.942211055276382,0.661971830985915,0.93984962406015,0.941028858218319,0.822032698704792,0,89.9786780383795,94.2211055276382,66.1971830985916,93.984962406015,94.1028858218319,0.696647371353898,0.763461451978955
40,1,0.24,0.899786780383795,0.942211055276382,0.661971830985915,0.93984962406015,0.941028858218319,0.822032698704792,0,89.9786780383795,94.2211055276382,66.1971830985916,93.984962406015,94.1028858218319,0.696647371353898,0.763461451978955
40,1,0.25,0.899786780383795,0.942211055276382,0.661971830985915,0.93984962406015,0.941028858218319,0.822032698704792,0,89.9786780383795,94.2211055276382,66.1971830985916,93.984962406015,94.1028858218319,0.696647371353898,0.763461451978955
40,1,0.26,0.899786780383795,0.942211055276382,0.661971830985915,0.93984962406015,0.941028858218319,0.822032698704792,0,89.9786780383795,94.2211055276382,66.1971830985916,93.984962406015,94.1028858218319,0.696647371353898,0.763461451978955
40,1,0.27,0.899786780383795,0.942211055276382,0.661971830985915,0.93984962406015,0.941028858218319,0.822032698704792,0,89.9786780383795,94.2211055276382,66.1971830985916,93.984962406015,94.1028858218319,0.696647371353898,0.763461451978955
40,1,0.28,0.899786780383795,0.942211055276382,0.661971830985915,0.93984962406015,0.941028858218319,0.822032698704792,0,89.9786780383795,94.2211055276382,66.1971830985916,93.984962406015,94.1028858218319,0.696647371353898,0.763461451978955
50,10,0.08,0.899786780383795,0.942211055276382,0.661971830985915,0.93984962406015,0.941028858218319,0.904434142543705,0,89.9786780383795,94.2211055276382,66.1971830985916,93.984962406015,94.1028858218319,0.696647371353898,0.763461451978955
50,10,0.09,0.899786780383795,0.942211055276382,0.661971830985915,0.93984962406015,0.941028858218319,0.904434142543705,0,89.9786780383795,94.2211055276382,66.1971830985916,93.984962406015,94.1028858218319,0.696647371353898,0.763461451978955
5,2,0.1,0.880597014925373,0.917085427135678,0.676056338028169,0.940721649484536,0.928753180661578,0.887890155000354,0,88.0597014925373,91.7085427135678,67.6056338028169,94.0721649484536,92.8753180661578,0.696296132384777,0.763345870618596
15,8,0.09,0.895522388059702,0.937185929648241,0.661971830985915,0.939546599496222,0.938364779874214,0.881520277443556,0,89.5522388059701,93.7185929648241,66.1971830985916,93.9546599496222,93.8364779874214,0.693345725044164,0.761641585053711
15,8,0.1,0.895522388059702,0.937185929648241,0.661971830985915,0.939546599496222,0.938364779874214,0.881520277443556,0,89.5522388059701,93.7185929648241,66.1971830985916,93.9546599496222,93.8364779874214,0.693345725044164,0.761641585053711
15,8,0.11,0.895522388059702,0.937185929648241,0.661971830985915,0.939546599496222,0.938364779874214,0.881520277443556,0,89.5522388059701,93.7185929648241,66.1971830985916,93.9546599496222,93.8364779874214,0.693345725044164,0.761641585053711
15,8,0.12,0.895522388059702,0.937185929648241,0.661971830985915,0.939546599496222,0.938364779874214,0.881520277443556,0,89.5522388059701,93.7185929648241,66.1971830985916,93.9546599496222,93.8364779874214,0.693345725044164,0.761641585053711
15,8,0.13,0.895522388059702,0.937185929648241,0.661971830985915,0.939546599496222,0.938364779874214,0.881520277443556,0,89.5522388059701,93.7185929648241,66.1971830985916,93.9546599496222,93.8364779874214,0.693345725044164,0.761641585053711
15,8,0.14,0.895522388059702,0.937185929648241,0.661971830985915,0.939546599496222,0.938364779874214,0.881520277443556,0,89.5522388059701,93.7185929648241,66.1971830985916,93.9546599496222,93.8364779874214,0.693345725044164,0.761641585053711
15,10,0.07,0.893390191897655,0.934673366834171,0.661971830985915,0.939393939393939,0.937027707808564,0.850042465850379,0,89.3390191897655,93.4673366834171,66.1971830985916,93.9393939393939,93.7027707808564,0.691694901889297,0.760731651591089
15,10,0.08,0.893390191897655,0.934673366834171,0.661971830985915,0.939393939393939,0.937027707808564,0.850042465850379,0,89.3390191897655,93.4673366834171,66.1971830985916,93.9393939393939,93.7027707808564,0.691694901889297,0.760731651591089
15,10,0.09,0.893390191897655,0.934673366834171,0.661971830985915,0.939393939393939,0.937027707808564,0.850042465850379,0,89.3390191897655,93.4673366834171,66.1971830985916,93.9393939393939,93.7027707808564,0.691694901889297,0.760731651591089
10,3,0.08,0.908315565031983,0.954773869346734,0.647887323943662,0.938271604938272,0.946450809464508,0.900930709887465,0,90.8315565031983,95.4773869346734,64.7887323943662,93.8271604938272,94.6450809464508,0.688287883888827,0.759027366026203
40,2,0.07,0.908315565031983,0.954773869346734,0.647887323943662,0.938271604938272,0.946450809464508,0.817485313893411,0,90.8315565031983,95.4773869346734,64.7887323943662,93.8271604938272,94.6450809464508,0.688287883888827,0.759027366026203
40,2,0.08,0.908315565031983,0.954773869346734,0.647887323943662,0.938271604938272,0.946450809464508,0.817485313893411,0,90.8315565031983,95.4773869346734,64.7887323943662,93.8271604938272,94.6450809464508,0.688287883888827,0.759027366026203
40,2,0.09,0.906183368869936,0.952261306532663,0.647887323943662,0.938118811881188,0.945137157107232,0.817485313893411,0,90.6183368869936,95.2261306532663,64.7887323943662,93.8118811881188,94.5137157107232,0.686672184630872,0.758117432563581
40,2,0.1,0.906183368869936,0.952261306532663,0.647887323943662,0.938118811881188,0.945137157107232,0.817485313893411,0,90.6183368869936,95.2261306532663,64.7887323943662,93.8118811881188,94.5137157107232,0.686672184630872,0.758117432563581
40,2,0.11,0.906183368869936,0.952261306532663,0.647887323943662,0.938118811881188,0.945137157107232,0.817485313893411,0,90.6183368869936,95.2261306532663,64.7887323943662,93.8118811881188,94.5137157107232,0.686672184630872,0.758117432563581
40,2,0.12,0.906183368869936,0.952261306532663,0.647887323943662,0.938118811881188,0.945137157107232,0.817485313893411,0,90.6183368869936,95.2261306532663,64.7887323943662,93.8118811881188,94.5137157107232,0.686672184630872,0.758117432563581
40,2,0.13,0.904051172707889,0.949748743718593,0.647887323943662,0.937965260545906,0.943820224719101,0.817485313893411,0,90.4051172707889,94.9748743718593,64.7887323943662,93.7965260545906,94.3820224719101,0.685056485372917,0.757207499100958
40,2,0.14,0.904051172707889,0.949748743718593,0.647887323943662,0.937965260545906,0.943820224719101,0.817485313893411,0,90.4051172707889,94.9748743718593,64.7887323943662,93.7965260545906,94.3820224719101,0.685056485372917,0.757207499100958
40,2,0.15,0.904051172707889,0.949748743718593,0.647887323943662,0.937965260545906,0.943820224719101,0.817485313893411,0,90.4051172707889,94.9748743718593,64.7887323943662,93.7965260545906,94.3820224719101,0.685056485372917,0.757207499100958
40,2,0.16,0.904051172707889,0.949748743718593,0.647887323943662,0.937965260545906,0.943820224719101,0.817485313893411,0,90.4051172707889,94.9748743718593,64.7887323943662,93.7965260545906,94.3820224719101,0.685056485372917,0.757207499100958
40,5,0.06,0.904051172707889,0.949748743718593,0.647887323943662,0.937965260545906,0.943820224719101,0.835285582843796,0,90.4051172707889,94.9748743718593,64.7887323943662,93.7965260545906,94.3820224719101,0.685056485372917,0.757207499100958
40,5,0.07,0.904051172707889,0.949748743718593,0.647887323943662,0.937965260545906,0.943820224719101,0.835285582843796,0,90.4051172707889,94.9748743718593,64.7887323943662,93.7965260545906,94.3820224719101,0.685056485372917,0.757207499100958
40,5,0.08,0.904051172707889,0.949748743718593,0.647887323943662,0.937965260545906,0.943820224719101,0.835285582843796,0,90.4051172707889,94.9748743718593,64.7887323943662,93.7965260545906,94.3820224719101,0.685056485372917,0.757207499100958
15,8,0.05,0.901918976545842,0.947236180904523,0.647887323943662,0.937810945273632,0.9425,0.881520277443556,0,90.1918976545842,94.7236180904523,64.7887323943662,93.7810945273632,94.25,0.683440786114962,0.756297565638336
15,8,0.06,0.901918976545842,0.947236180904523,0.647887323943662,0.937810945273632,0.9425,0.881520277443556,0,90.1918976545842,94.7236180904523,64.7887323943662,93.7810945273632,94.25,0.683440786114962,0.756297565638336
50,10,0.05,0.901918976545842,0.947236180904523,0.647887323943662,0.937810945273632,0.9425,0.904434142543705,0,90.1918976545842,94.7236180904523,64.7887323943662,93.7810945273632,94.25,0.683440786114962,0.756297565638336
50,10,0.06,0.901918976545842,0.947236180904523,0.647887323943662,0.937810945273632,0.9425,0.904434142543705,0,90.1918976545842,94.7236180904523,64.7887323943662,93.7810945273632,94.25,0.683440786114962,0.756297565638336
50,10,0.07,0.901918976545842,0.947236180904523,0.647887323943662,0.937810945273632,0.9425,0.904434142543705,0,90.1918976545842,94.7236180904523,64.7887323943662,93.7810945273632,94.25,0.683440786114962,0.756297565638336
15,8,0.07,0.899786780383795,0.944723618090452,0.647887323943662,0.937655860349127,0.941176470588235,0.881520277443556,0,89.9786780383795,94.4723618090452,64.7887323943662,93.7655860349127,94.1176470588235,0.681825086857007,0.755387632175714
15,8,0.08,0.899786780383795,0.944723618090452,0.647887323943662,0.937655860349127,0.941176470588235,0.881520277443556,0,89.9786780383795,94.4723618090452,64.7887323943662,93.7655860349127,94.1176470588235,0.681825086857007,0.755387632175714
20,8,0.05,0.899786780383795,0.944723618090452,0.647887323943662,0.937655860349127,0.941176470588235,0.880670960435983,0,89.9786780383795,94.4723618090452,64.7887323943662,93.7655860349127,94.1176470588235,0.681825086857007,0.755387632175714
5,10,0.11,0.874200426439232,0.912060301507538,0.661971830985915,0.937984496124031,0.92484076433121,0.865170925047774,0,87.4200426439232,91.2060301507538,66.1971830985916,93.7984496124031,92.484076433121,0.676837493495493,0.752542250427488
40,2,0.05,0.906183368869936,0.954773869346734,0.633802816901408,0.935960591133005,0.945273631840796,0.817485313893411,0,90.6183368869936,95.4773869346734,63.3802816901408,93.5960591133005,94.5273631840796,0.671744528443244,0.750043612760339
40,2,0.06,0.906183368869936,0.954773869346734,0.633802816901408,0.935960591133005,0.945273631840796,0.817485313893411,0,90.6183368869936,95.4773869346734,63.3802816901408,93.5960591133005,94.5273631840796,0.671744528443244,0.750043612760339
20,2,0.08,0.891257995735608,0.937185929648241,0.633802816901408,0.93483709273183,0.936010037641154,0.803630830207375,0,89.1257995735608,93.7185929648241,63.3802816901408,93.483709273183,93.6010037641154,0.660680500915944,0.743674078521983
20,2,0.09,0.891257995735608,0.937185929648241,0.633802816901408,0.93483709273183,0.936010037641154,0.803630830207375,0,89.1257995735608,93.7185929648241,63.3802816901408,93.483709273183,93.6010037641154,0.660680500915944,0.743674078521983
20,2,0.1,0.891257995735608,0.937185929648241,0.633802816901408,0.93483709273183,0.936010037641154,0.803630830207375,0,89.1257995735608,93.7185929648241,63.3802816901408,93.483709273183,93.6010037641154,0.660680500915944,0.743674078521983
20,2,0.11,0.891257995735608,0.937185929648241,0.633802816901408,0.93483709273183,0.936010037641154,0.803630830207375,0,89.1257995735608,93.7185929648241,63.3802816901408,93.483709273183,93.6010037641154,0.660680500915944,0.743674078521983
20,2,0.12,0.889125799573561,0.934673366834171,0.633802816901408,0.934673366834171,0.934673366834171,0.803630830207375,0,88.9125799573561,93.4673366834171,63.3802816901408,93.4673366834171,93.4673366834171,0.6590999255549,0.742764145059361
20,2,0.13,0.889125799573561,0.934673366834171,0.633802816901408,0.934673366834171,0.934673366834171,0.803630830207375,0,88.9125799573561,93.4673366834171,63.3802816901408,93.4673366834171,93.4673366834171,0.6590999255549,0.742764145059361
20,2,0.14,0.889125799573561,0.934673366834171,0.633802816901408,0.934673366834171,0.934673366834171,0.803630830207375,0,88.9125799573561,93.4673366834171,63.3802816901408,93.4673366834171,93.4673366834171,0.6590999255549,0.742764145059361
20,2,0.15,0.889125799573561,0.934673366834171,0.633802816901408,0.934673366834171,0.934673366834171,0.803630830207375,0,88.9125799573561,93.4673366834171,63.3802816901408,93.4673366834171,93.4673366834171,0.6590999255549,0.742764145059361
20,2,0.16,0.889125799573561,0.934673366834171,0.633802816901408,0.934673366834171,0.934673366834171,0.803630830207375,0,88.9125799573561,93.4673366834171,63.3802816901408,93.4673366834171,93.4673366834171,0.6590999255549,0.742764145059361
20,2,0.17,0.889125799573561,0.934673366834171,0.633802816901408,0.934673366834171,0.934673366834171,0.803630830207375,0,88.9125799573561,93.4673366834171,63.3802816901408,93.4673366834171,93.4673366834171,0.6590999255549,0.742764145059361
20,2,0.18,0.889125799573561,0.934673366834171,0.633802816901408,0.934673366834171,0.934673366834171,0.803630830207375,0,88.9125799573561,93.4673366834171,63.3802816901408,93.4673366834171,93.4673366834171,0.6590999255549,0.742764145059361
20,2,0.19,0.889125799573561,0.934673366834171,0.633802816901408,0.934673366834171,0.934673366834171,0.803630830207375,0,88.9125799573561,93.4673366834171,63.3802816901408,93.4673366834171,93.4673366834171,0.6590999255549,0.742764145059361
20,2,0.2,0.889125799573561,0.934673366834171,0.633802816901408,0.934673366834171,0.934673366834171,0.803630830207375,0,88.9125799573561,93.4673366834171,63.3802816901408,93.4673366834171,93.4673366834171,0.6590999255549,0.742764145059361
20,2,0.21,0.889125799573561,0.934673366834171,0.633802816901408,0.934673366834171,0.934673366834171,0.803630830207375,0,88.9125799573561,93.4673366834171,63.3802816901408,93.4673366834171,93.4673366834171,0.6590999255549,0.742764145059361
20,2,0.22,0.889125799573561,0.934673366834171,0.633802816901408,0.934673366834171,0.934673366834171,0.803630830207375,0,88.9125799573561,93.4673366834171,63.3802816901408,93.4673366834171,93.4673366834171,0.6590999255549,0.742764145059361
20,2,0.23,0.889125799573561,0.934673366834171,0.633802816901408,0.934673366834171,0.934673366834171,0.803630830207375,0,88.9125799573561,93.4673366834171,63.3802816901408,93.4673366834171,93.4673366834171,0.6590999255549,0.742764145059361
20,2,0.24,0.889125799573561,0.934673366834171,0.633802816901408,0.934673366834171,0.934673366834171,0.803630830207375,0,88.9125799573561,93.4673366834171,63.3802816901408,93.4673366834171,93.4673366834171,0.6590999255549,0.742764145059361
20,2,0.25,0.889125799573561,0.934673366834171,0.633802816901408,0.934673366834171,0.934673366834171,0.803630830207375,0,88.9125799573561,93.4673366834171,63.3802816901408,93.4673366834171,93.4673366834171,0.6590999255549,0.742764145059361
20,2,0.26,0.889125799573561,0.934673366834171,0.633802816901408,0.934673366834171,0.934673366834171,0.803630830207375,0,88.9125799573561,93.4673366834171,63.3802816901408,93.4673366834171,93.4673366834171,0.6590999255549,0.742764145059361
20,2,0.27,0.889125799573561,0.934673366834171,0.633802816901408,0.934673366834171,0.934673366834171,0.803630830207375,0,88.9125799573561,93.4673366834171,63.3802816901408,93.4673366834171,93.4673366834171,0.6590999255549,0.742764145059361
20,2,0.28,0.889125799573561,0.934673366834171,0.633802816901408,0.934673366834171,0.934673366834171,0.803630830207375,0,88.9125799573561,93.4673366834171,63.3802816901408,93.4673366834171,93.4673366834171,0.6590999255549,0.742764145059361
20,2,0.29,0.889125799573561,0.934673366834171,0.633802816901408,0.934673366834171,0.934673366834171,0.803630830207375,0,88.9125799573561,93.4673366834171,63.3802816901408,93.4673366834171,93.4673366834171,0.6590999255549,0.742764145059361
20,2,0.3,0.889125799573561,0.934673366834171,0.633802816901408,0.934673366834171,0.934673366834171,0.803630830207375,0,88.9125799573561,93.4673366834171,63.3802816901408,93.4673366834171,93.4673366834171,0.6590999255549,0.742764145059361
20,2,0.31,0.889125799573561,0.934673366834171,0.633802816901408,0.934673366834171,0.934673366834171,0.803630830207375,0,88.9125799573561,93.4673366834171,63.3802816901408,93.4673366834171,93.4673366834171,0.6590999255549,0.742764145059361
20,2,0.32,0.889125799573561,0.934673366834171,0.633802816901408,0.934673366834171,0.934673366834171,0.803630830207375,0,88.9125799573561,93.4673366834171,63.3802816901408,93.4673366834171,93.4673366834171,0.6590999255549,0.742764145059361
20,2,0.33,0.889125799573561,0.934673366834171,0.633802816901408,0.934673366834171,0.934673366834171,0.803630830207375,0,88.9125799573561,93.4673366834171,63.3802816901408,93.4673366834171,93.4673366834171,0.6590999255549,0.742764145059361
20,2,0.34,0.889125799573561,0.934673366834171,0.633802816901408,0.934673366834171,0.934673366834171,0.803630830207375,0,88.9125799573561,93.4673366834171,63.3802816901408,93.4673366834171,93.4673366834171,0.6590999255549,0.742764145059361
20,2,0.35,0.889125799573561,0.934673366834171,0.633802816901408,0.934673366834171,0.934673366834171,0.803630830207375,0,88.9125799573561,93.4673366834171,63.3802816901408,93.4673366834171,93.4673366834171,0.6590999255549,0.742764145059361
20,2,0.36,0.889125799573561,0.934673366834171,0.633802816901408,0.934673366834171,0.934673366834171,0.803630830207375,0,88.9125799573561,93.4673366834171,63.3802816901408,93.4673366834171,93.4673366834171,0.6590999255549,0.742764145059361
20,2,0.37,0.889125799573561,0.934673366834171,0.633802816901408,0.934673366834171,0.934673366834171,0.803630830207375,0,88.9125799573561,93.4673366834171,63.3802816901408,93.4673366834171,93.4673366834171,0.6590999255549,0.742764145059361
20,2,0.38,0.889125799573561,0.934673366834171,0.633802816901408,0.934673366834171,0.934673366834171,0.803630830207375,0,88.9125799573561,93.4673366834171,63.3802816901408,93.4673366834171,93.4673366834171,0.6590999255549,0.742764145059361
20,2,0.39,0.889125799573561,0.934673366834171,0.633802816901408,0.934673366834171,0.934673366834171,0.803630830207375,0,88.9125799573561,93.4673366834171,63.3802816901408,93.4673366834171,93.4673366834171,0.6590999255549,0.742764145059361
20,2,0.4,0.889125799573561,0.934673366834171,0.633802816901408,0.934673366834171,0.934673366834171,0.803630830207375,0,88.9125799573561,93.4673366834171,63.3802816901408,93.4673366834171,93.4673366834171,0.6590999255549,0.742764145059361
20,2,0.41,0.889125799573561,0.934673366834171,0.633802816901408,0.934673366834171,0.934673366834171,0.803630830207375,0,88.9125799573561,93.4673366834171,63.3802816901408,93.4673366834171,93.4673366834171,0.6590999255549,0.742764145059361
20,2,0.42,0.889125799573561,0.934673366834171,0.633802816901408,0.934673366834171,0.934673366834171,0.803630830207375,0,88.9125799573561,93.4673366834171,63.3802816901408,93.4673366834171,93.4673366834171,0.6590999255549,0.742764145059361
20,2,0.43,0.889125799573561,0.934673366834171,0.633802816901408,0.934673366834171,0.934673366834171,0.803630830207375,0,88.9125799573561,93.4673366834171,63.3802816901408,93.4673366834171,93.4673366834171,0.6590999255549,0.742764145059361
20,2,0.44,0.889125799573561,0.934673366834171,0.633802816901408,0.934673366834171,0.934673366834171,0.803630830207375,0,88.9125799573561,93.4673366834171,63.3802816901408,93.4673366834171,93.4673366834171,0.6590999255549,0.742764145059361
20,2,0.45,0.889125799573561,0.934673366834171,0.633802816901408,0.934673366834171,0.934673366834171,0.803630830207375,0,88.9125799573561,93.4673366834171,63.3802816901408,93.4673366834171,93.4673366834171,0.6590999255549,0.742764145059361
20,2,0.46,0.889125799573561,0.934673366834171,0.633802816901408,0.934673366834171,0.934673366834171,0.803630830207375,0,88.9125799573561,93.4673366834171,63.3802816901408,93.4673366834171,93.4673366834171,0.6590999255549,0.742764145059361
20,2,0.47,0.889125799573561,0.934673366834171,0.633802816901408,0.934673366834171,0.934673366834171,0.803630830207375,0,88.9125799573561,93.4673366834171,63.3802816901408,93.4673366834171,93.4673366834171,0.6590999255549,0.742764145059361
20,2,0.48,0.889125799573561,0.934673366834171,0.633802816901408,0.934673366834171,0.934673366834171,0.803630830207375,0,88.9125799573561,93.4673366834171,63.3802816901408,93.4673366834171,93.4673366834171,0.6590999255549,0.742764145059361
20,2,0.49,0.889125799573561,0.934673366834171,0.633802816901408,0.934673366834171,0.934673366834171,0.803630830207375,0,88.9125799573561,93.4673366834171,63.3802816901408,93.4673366834171,93.4673366834171,0.6590999255549,0.742764145059361
20,2,0.5,0.889125799573561,0.934673366834171,0.633802816901408,0.934673366834171,0.934673366834171,0.803630830207375,0,88.9125799573561,93.4673366834171,63.3802816901408,93.4673366834171,93.4673366834171,0.6590999255549,0.742764145059361
20,2,0.51,0.889125799573561,0.934673366834171,0.633802816901408,0.934673366834171,0.934673366834171,0.803630830207375,0,88.9125799573561,93.4673366834171,63.3802816901408,93.4673366834171,93.4673366834171,0.6590999255549,0.742764145059361
20,2,0.52,0.889125799573561,0.934673366834171,0.633802816901408,0.934673366834171,0.934673366834171,0.803630830207375,0,88.9125799573561,93.4673366834171,63.3802816901408,93.4673366834171,93.4673366834171,0.6590999255549,0.742764145059361
20,2,0.53,0.889125799573561,0.934673366834171,0.633802816901408,0.934673366834171,0.934673366834171,0.803630830207375,0,88.9125799573561,93.4673366834171,63.3802816901408,93.4673366834171,93.4673366834171,0.6590999255549,0.742764145059361
20,2,0.54,0.889125799573561,0.934673366834171,0.633802816901408,0.934673366834171,0.934673366834171,0.803630830207375,0,88.9125799573561,93.4673366834171,63.3802816901408,93.4673366834171,93.4673366834171,0.6590999255549,0.742764145059361
5,3,0.1,0.88272921108742,0.92713567839196,0.633802816901408,0.934177215189873,0.930643127364439,0.883095052728431,0,88.272921108742,92.713567839196,63.3802816901408,93.4177215189873,93.0643127364439,0.654358199471772,0.740034344671494
20,2,0.05,0.893390191897655,0.942211055276382,0.619718309859155,0.932835820895522,0.9375,0.803630830207375,0,89.3390191897655,94.2211055276382,61.9718309859155,93.2835820895522,93.75,0.647544163470831,0.736510192181364
20,2,0.06,0.893390191897655,0.942211055276382,0.619718309859155,0.932835820895522,0.9375,0.803630830207375,0,89.3390191897655,94.2211055276382,61.9718309859155,93.2835820895522,93.75,0.647544163470831,0.736510192181364
20,2,0.07,0.893390191897655,0.942211055276382,0.619718309859155,0.932835820895522,0.9375,0.803630830207375,0,89.3390191897655,94.2211055276382,61.9718309859155,93.2835820895522,93.75,0.647544163470831,0.736510192181364
30,1,0.26,0.893390191897655,0.942211055276382,0.619718309859155,0.932835820895522,0.9375,0.830897444971336,0,89.3390191897655,94.2211055276382,61.9718309859155,93.2835820895522,93.75,0.647544163470831,0.736510192181364
30,1,0.27,0.893390191897655,0.942211055276382,0.619718309859155,0.932835820895522,0.9375,0.830897444971336,0,89.3390191897655,94.2211055276382,61.9718309859155,93.2835820895522,93.75,0.647544163470831,0.736510192181364
30,1,0.28,0.893390191897655,0.942211055276382,0.619718309859155,0.932835820895522,0.9375,0.830897444971336,0,89.3390191897655,94.2211055276382,61.9718309859155,93.2835820895522,93.75,0.647544163470831,0.736510192181364
30,1,0.29,0.893390191897655,0.942211055276382,0.619718309859155,0.932835820895522,0.9375,0.830897444971336,0,89.3390191897655,94.2211055276382,61.9718309859155,93.2835820895522,93.75,0.647544163470831,0.736510192181364
30,1,0.3,0.893390191897655,0.942211055276382,0.619718309859155,0.932835820895522,0.9375,0.830897444971336,0,89.3390191897655,94.2211055276382,61.9718309859155,93.2835820895522,93.75,0.647544163470831,0.736510192181364
30,1,0.31,0.893390191897655,0.942211055276382,0.619718309859155,0.932835820895522,0.9375,0.830897444971336,0,89.3390191897655,94.2211055276382,61.9718309859155,93.2835820895522,93.75,0.647544163470831,0.736510192181364
30,1,0.32,0.893390191897655,0.942211055276382,0.619718309859155,0.932835820895522,0.9375,0.830897444971336,0,89.3390191897655,94.2211055276382,61.9718309859155,93.2835820895522,93.75,0.647544163470831,0.736510192181364
30,1,0.33,0.893390191897655,0.942211055276382,0.619718309859155,0.932835820895522,0.9375,0.830897444971336,0,89.3390191897655,94.2211055276382,61.9718309859155,93.2835820895522,93.75,0.647544163470831,0.736510192181364
30,1,0.34,0.893390191897655,0.942211055276382,0.619718309859155,0.932835820895522,0.9375,0.830897444971336,0,89.3390191897655,94.2211055276382,61.9718309859155,93.2835820895522,93.75,0.647544163470831,0.736510192181364
30,1,0.35,0.893390191897655,0.942211055276382,0.619718309859155,0.932835820895522,0.9375,0.830897444971336,0,89.3390191897655,94.2211055276382,61.9718309859155,93.2835820895522,93.75,0.647544163470831,0.736510192181364
30,1,0.36,0.893390191897655,0.942211055276382,0.619718309859155,0.932835820895522,0.9375,0.830897444971336,0,89.3390191897655,94.2211055276382,61.9718309859155,93.2835820895522,93.75,0.647544163470831,0.736510192181364
30,1,0.37,0.893390191897655,0.942211055276382,0.619718309859155,0.932835820895522,0.9375,0.830897444971336,0,89.3390191897655,94.2211055276382,61.9718309859155,93.2835820895522,93.75,0.647544163470831,0.736510192181364
30,1,0.38,0.889125799573561,0.937185929648241,0.619718309859155,0.9325,0.93483709273183,0.830897444971336,0,88.9125799573561,93.7185929648241,61.9718309859155,93.25,93.483709273183,0.644453260542569,0.734690325256119
30,1,0.39,0.889125799573561,0.937185929648241,0.619718309859155,0.9325,0.93483709273183,0.830897444971336,0,88.9125799573561,93.7185929648241,61.9718309859155,93.25,93.483709273183,0.644453260542569,0.734690325256119
30,1,0.4,0.889125799573561,0.937185929648241,0.619718309859155,0.9325,0.93483709273183,0.830897444971336,0,88.9125799573561,93.7185929648241,61.9718309859155,93.25,93.483709273183,0.644453260542569,0.734690325256119
30,1,0.41,0.889125799573561,0.937185929648241,0.619718309859155,0.9325,0.93483709273183,0.830897444971336,0,88.9125799573561,93.7185929648241,61.9718309859155,93.25,93.483709273183,0.644453260542569,0.734690325256119
30,1,0.42,0.889125799573561,0.937185929648241,0.619718309859155,0.9325,0.93483709273183,0.830897444971336,0,88.9125799573561,93.7185929648241,61.9718309859155,93.25,93.483709273183,0.644453260542569,0.734690325256119
30,1,0.43,0.889125799573561,0.937185929648241,0.619718309859155,0.9325,0.93483709273183,0.830897444971336,0,88.9125799573561,93.7185929648241,61.9718309859155,93.25,93.483709273183,0.644453260542569,0.734690325256119
30,1,0.44,0.889125799573561,0.937185929648241,0.619718309859155,0.9325,0.93483709273183,0.830897444971336,0,88.9125799573561,93.7185929648241,61.9718309859155,93.25,93.483709273183,0.644453260542569,0.734690325256119
30,1,0.45,0.889125799573561,0.937185929648241,0.619718309859155,0.9325,0.93483709273183,0.830897444971336,0,88.9125799573561,93.7185929648241,61.9718309859155,93.25,93.483709273183,0.644453260542569,0.734690325256119
30,1,0.46,0.889125799573561,0.937185929648241,0.619718309859155,0.9325,0.93483709273183,0.830897444971336,0,88.9125799573561,93.7185929648241,61.9718309859155,93.25,93.483709273183,0.644453260542569,0.734690325256119
30,1,0.47,0.889125799573561,0.937185929648241,0.619718309859155,0.9325,0.93483709273183,0.830897444971336,0,88.9125799573561,93.7185929648241,61.9718309859155,93.25,93.483709273183,0.644453260542569,0.734690325256119
30,1,0.48,0.889125799573561,0.937185929648241,0.619718309859155,0.9325,0.93483709273183,0.830897444971336,0,88.9125799573561,93.7185929648241,61.9718309859155,93.25,93.483709273183,0.644453260542569,0.734690325256119
40,3,0.05,0.899786780383795,0.952261306532663,0.605633802816901,0.931203931203931,0.941614906832298,0.826120036803737,0,89.9786780383795,95.2261306532663,60.5633802816901,93.1203931203931,94.1614906832298,0.637358233366332,0.731166172765989
40,3,0.06,0.899786780383795,0.952261306532663,0.605633802816901,0.931203931203931,0.941614906832298,0.826120036803737,0,89.9786780383795,95.2261306532663,60.5633802816901,93.1203931203931,94.1614906832298,0.637358233366332,0.731166172765989
40,3,0.07,0.899786780383795,0.952261306532663,0.605633802816901,0.931203931203931,0.941614906832298,0.826120036803737,0,89.9786780383795,95.2261306532663,60.5633802816901,93.1203931203931,94.1614906832298,0.637358233366332,0.731166172765989
40,3,0.08,0.899786780383795,0.952261306532663,0.605633802816901,0.931203931203931,0.941614906832298,0.826120036803737,0,89.9786780383795,95.2261306532663,60.5633802816901,93.1203931203931,94.1614906832298,0.637358233366332,0.731166172765989
30,1,0.05,0.891257995735608,0.942211055276382,0.605633802816901,0.930521091811414,0.936329588014981,0.830897444971336,0,89.1257995735608,94.2211055276382,60.5633802816901,93.0521091811414,93.6329588014981,0.631316923097457,0.7275264389155
30,1,0.06,0.891257995735608,0.942211055276382,0.605633802816901,0.930521091811414,0.936329588014981,0.830897444971336,0,89.1257995735608,94.2211055276382,60.5633802816901,93.0521091811414,93.6329588014981,0.631316923097457,0.7275264389155
30,1,0.07,0.891257995735608,0.942211055276382,0.605633802816901,0.930521091811414,0.936329588014981,0.830897444971336,0,89.1257995735608,94.2211055276382,60.5633802816901,93.0521091811414,93.6329588014981,0.631316923097457,0.7275264389155
30,1,0.08,0.891257995735608,0.942211055276382,0.605633802816901,0.930521091811414,0.936329588014981,0.830897444971336,0,89.1257995735608,94.2211055276382,60.5633802816901,93.0521091811414,93.6329588014981,0.631316923097457,0.7275264389155
30,1,0.09,0.891257995735608,0.942211055276382,0.605633802816901,0.930521091811414,0.936329588014981,0.830897444971336,0,89.1257995735608,94.2211055276382,60.5633802816901,93.0521091811414,93.6329588014981,0.631316923097457,0.7275264389155
30,1,0.1,0.891257995735608,0.942211055276382,0.605633802816901,0.930521091811414,0.936329588014981,0.830897444971336,0,89.1257995735608,94.2211055276382,60.5633802816901,93.0521091811414,93.6329588014981,0.631316923097457,0.7275264389155
30,1,0.11,0.891257995735608,0.942211055276382,0.605633802816901,0.930521091811414,0.936329588014981,0.830897444971336,0,89.1257995735608,94.2211055276382,60.5633802816901,93.0521091811414,93.6329588014981,0.631316923097457,0.7275264389155
30,1,0.12,0.891257995735608,0.942211055276382,0.605633802816901,0.930521091811414,0.936329588014981,0.830897444971336,0,89.1257995735608,94.2211055276382,60.5633802816901,93.0521091811414,93.6329588014981,0.631316923097457,0.7275264389155
30,1,0.13,0.891257995735608,0.942211055276382,0.605633802816901,0.930521091811414,0.936329588014981,0.830897444971336,0,89.1257995735608,94.2211055276382,60.5633802816901,93.0521091811414,93.6329588014981,0.631316923097457,0.7275264389155
30,1,0.14,0.891257995735608,0.942211055276382,0.605633802816901,0.930521091811414,0.936329588014981,0.830897444971336,0,89.1257995735608,94.2211055276382,60.5633802816901,93.0521091811414,93.6329588014981,0.631316923097457,0.7275264389155
30,1,0.15,0.891257995735608,0.942211055276382,0.605633802816901,0.930521091811414,0.936329588014981,0.830897444971336,0,89.1257995735608,94.2211055276382,60.5633802816901,93.0521091811414,93.6329588014981,0.631316923097457,0.7275264389155
30,1,0.16,0.891257995735608,0.942211055276382,0.605633802816901,0.930521091811414,0.936329588014981,0.830897444971336,0,89.1257995735608,94.2211055276382,60.5633802816901,93.0521091811414,93.6329588014981,0.631316923097457,0.7275264389155
30,1,0.17,0.891257995735608,0.942211055276382,0.605633802816901,0.930521091811414,0.936329588014981,0.830897444971336,0,89.1257995735608,94.2211055276382,60.5633802816901,93.0521091811414,93.6329588014981,0.631316923097457,0.7275264389155
30,1,0.18,0.891257995735608,0.942211055276382,0.605633802816901,0.930521091811414,0.936329588014981,0.830897444971336,0,89.1257995735608,94.2211055276382,60.5633802816901,93.0521091811414,93.6329588014981,0.631316923097457,0.7275264389155
30,1,0.19,0.891257995735608,0.942211055276382,0.605633802816901,0.930521091811414,0.936329588014981,0.830897444971336,0,89.1257995735608,94.2211055276382,60.5633802816901,93.0521091811414,93.6329588014981,0.631316923097457,0.7275264389155
30,1,0.2,0.891257995735608,0.942211055276382,0.605633802816901,0.930521091811414,0.936329588014981,0.830897444971336,0,89.1257995735608,94.2211055276382,60.5633802816901,93.0521091811414,93.6329588014981,0.631316923097457,0.7275264389155
30,1,0.21,0.891257995735608,0.942211055276382,0.605633802816901,0.930521091811414,0.936329588014981,0.830897444971336,0,89.1257995735608,94.2211055276382,60.5633802816901,93.0521091811414,93.6329588014981,0.631316923097457,0.7275264389155
30,1,0.22,0.891257995735608,0.942211055276382,0.605633802816901,0.930521091811414,0.936329588014981,0.830897444971336,0,89.1257995735608,94.2211055276382,60.5633802816901,93.0521091811414,93.6329588014981,0.631316923097457,0.7275264389155
30,1,0.23,0.891257995735608,0.942211055276382,0.605633802816901,0.930521091811414,0.936329588014981,0.830897444971336,0,89.1257995735608,94.2211055276382,60.5633802816901,93.0521091811414,93.6329588014981,0.631316923097457,0.7275264389155
30,1,0.24,0.891257995735608,0.942211055276382,0.605633802816901,0.930521091811414,0.936329588014981,0.830897444971336,0,89.1257995735608,94.2211055276382,60.5633802816901,93.0521091811414,93.6329588014981,0.631316923097457,0.7275264389155
30,1,0.25,0.891257995735608,0.942211055276382,0.605633802816901,0.930521091811414,0.936329588014981,0.830897444971336,0,89.1257995735608,94.2211055276382,60.5633802816901,93.0521091811414,93.6329588014981,0.631316923097457,0.7275264389155
15,2,0.05,0.889125799573561,0.942211055276382,0.591549295774648,0.928217821782178,0.935162094763092,0.85064406539741,0,88.9125799573561,94.2211055276382,59.1549295774648,92.8217821782178,93.5162094763092,0.615159930517907,0.718542685649636
5,1,0.1,0.869936034115139,0.917085427135678,0.605633802816901,0.928753180661578,0.922882427307206,0.892508316229032,0,86.9936034115139,91.7085427135678,60.5633802816901,92.8753180661578,92.2882427307206,0.616213647425269,0.718427104289277
40,8,0.07,0.886993603411514,0.939698492462312,0.591549295774648,0.928039702233251,0.933832709113608,0.878176091726237,0,88.6993603411514,93.9698492462311,59.1549295774648,92.8039702233251,93.3832709113608,0.6136847268476,0.717632752187014
15,3,0.05,0.897654584221748,0.957286432160804,0.563380281690141,0.924757281553398,0.940740740740741,0.891588222804162,0,89.7654584221748,95.7286432160804,56.3380281690141,92.4757281553398,94.0740740740741,0.591486423999175,0.706034779893642
15,3,0.06,0.897654584221748,0.957286432160804,0.563380281690141,0.924757281553398,0.940740740740741,0.891588222804162,0,89.7654584221748,95.7286432160804,56.3380281690141,92.4757281553398,94.0740740740741,0.591486423999175,0.706034779893642
20,10,0.07,0.893390191897655,0.952261306532663,0.563380281690141,0.924390243902439,0.938118811881188,0.860977422322882,0,89.3390191897655,95.2261306532663,56.3380281690141,92.4390243902439,93.8118811881188,0.58867651224621,0.704214912968398
10,2,0.08,0.891257995735608,0.949748743718593,0.563380281690141,0.924205378973105,0.936802973977695,0.885059098308444,0,89.1257995735608,94.9748743718593,56.3380281690141,92.4205378973105,93.6802973977695,0.587271556369728,0.703304979505775
10,2,0.09,0.891257995735608,0.949748743718593,0.563380281690141,0.924205378973105,0.936802973977695,0.885059098308444,0,89.1257995735608,94.9748743718593,56.3380281690141,92.4205378973105,93.6802973977695,0.587271556369728,0.703304979505775
10,10,0.08,0.897654584221748,0.959798994974874,0.549295774647887,0.922705314009662,0.940886699507389,0.896011748885271,0,89.7654584221748,95.9798994974874,54.9295774647887,92.2705314009662,94.0886699507389,0.576699263399196,0.697960960090401
30,10,0.05,0.897654584221748,0.959798994974874,0.549295774647887,0.922705314009662,0.940886699507389,0.860234269941256,0,89.7654584221748,95.9798994974874,54.9295774647887,92.2705314009662,94.0886699507389,0.576699263399196,0.697960960090401
10,8,0.06,0.88272921108742,0.942211055276382,0.549295774647887,0.921375921375921,0.93167701863354,0.902045438459905,0,88.272921108742,94.2211055276382,54.9295774647887,92.1375921375921,93.167701863354,0.567110439542202,0.691591425852045
10,10,0.05,0.897654584221748,0.962311557788945,0.535211267605634,0.920673076923077,0.941031941031941,0.896011748885271,0,89.7654584221748,96.2311557788945,53.5211267605634,92.0673076923077,94.1031941031941,0.561912102799216,0.689887140287159
10,10,0.06,0.897654584221748,0.962311557788945,0.535211267605634,0.920673076923077,0.941031941031941,0.896011748885271,0,89.7654584221748,96.2311557788945,53.5211267605634,92.0673076923077,94.1031941031941,0.561912102799216,0.689887140287159
10,10,0.07,0.897654584221748,0.962311557788945,0.535211267605634,0.920673076923077,0.941031941031941,0.896011748885271,0,89.7654584221748,96.2311557788945,53.5211267605634,92.0673076923077,94.1031941031941,0.561912102799216,0.689887140287159
15,5,0.06,0.891257995735608,0.954773869346734,0.535211267605634,0.920096852300242,0.93711467324291,0.854890650435275,0,89.1257995735608,95.4773869346734,53.5211267605634,92.0096852300242,93.711467324291,0.557907978551241,0.687157339899292
40,5,0.05,0.889125799573561,0.954773869346734,0.52112676056338,0.917874396135266,0.935960591133005,0.835285582843796,0,88.9125799573561,95.4773869346734,52.112676056338,91.7874396135266,93.5960591133005,0.541926605456251,0.678173586633428
10,5,0.06,0.891257995735608,0.959798994974874,0.507042253521127,0.916067146282974,0.937423312883436,0.886510014863048,0,89.1257995735608,95.9798994974874,50.7042253521127,91.6067146282974,93.7423312883436,0.528544400732755,0.671009700292809
10,5,0.07,0.891257995735608,0.959798994974874,0.507042253521127,0.916067146282974,0.937423312883436,0.886510014863048,0,89.1257995735608,95.9798994974874,50.7042253521127,91.6067146282974,93.7423312883436,0.528544400732755,0.671009700292809
10,1,0.06,0.880597014925373,0.947236180904523,0.507042253521127,0.91504854368932,0.930864197530864,0.899002052516102,0,88.0597014925373,94.7236180904523,50.7042253521127,91.504854368932,93.0864197530864,0.522222099288583,0.666460032979698
10,1,0.07,0.880597014925373,0.947236180904523,0.507042253521127,0.91504854368932,0.930864197530864,0.899002052516102,0,88.0597014925373,94.7236180904523,50.7042253521127,91.504854368932,93.0864197530864,0.522222099288583,0.666460032979698
10,1,0.08,0.880597014925373,0.947236180904523,0.507042253521127,0.91504854368932,0.930864197530864,0.899002052516102,0,88.0597014925373,94.7236180904523,50.7042253521127,91.504854368932,93.0864197530864,0.522222099288583,0.666460032979698
10,1,0.09,0.874200426439232,0.939698492462312,0.507042253521127,0.914425427872861,0.926889714993804,0.899002052516102,0,87.4200426439232,93.9698492462311,50.7042253521127,91.4425427872861,92.6889714993804,0.51842871842208,0.663730232591831
15,10,0.06,0.889125799573561,0.959798994974874,0.492957746478873,0.913875598086124,0.936274509803922,0.850042465850379,0,88.9125799573561,95.9798994974874,49.2957746478873,91.3875598086124,93.6274509803922,0.512633275431589,0.662025947026945
15,5,0.05,0.886993603411514,0.957286432160804,0.492957746478873,0.913669064748201,0.934969325153374,0.854890650435275,0,88.6993603411514,95.7286432160804,49.2957746478873,91.3669064748201,93.4969325153374,0.511403939039667,0.661116013564323
5,10,0.1,0.876332622601279,0.947236180904523,0.47887323943662,0.910628019323672,0.928571428571429,0.865170925047774,0,87.6332622601279,94.7236180904523,47.887323943662,91.0628019323672,92.8571428571429,0.490821335449197,0.64849252644797
10,3,0.07,0.893390191897655,0.969849246231156,0.464788732394366,0.910377358490566,0.939172749391727,0.900930709887465,0,89.3390191897655,96.9849246231156,46.4788732394366,91.0377358490566,93.9172749391727,0.485658122603123,0.647698174345707
5,8,0.09,0.884861407249467,0.962311557788945,0.450704225352113,0.907582938388626,0.934146341463415,0.91119329039564,0,88.4861407249467,96.2311557788945,45.0704225352113,90.7582938388626,93.4146341463415,0.466445350992224,0.635984620691976
5,8,0.1,0.884861407249467,0.962311557788945,0.450704225352113,0.907582938388626,0.934146341463415,0.91119329039564,0,88.4861407249467,96.2311557788945,45.0704225352113,90.7582938388626,93.4146341463415,0.466445350992224,0.635984620691976
15,10,0.05,0.88272921108742,0.959798994974874,0.450704225352113,0.907363420427553,0.932844932844933,0.850042465850379,0,88.272921108742,95.9798994974874,45.0704225352113,90.7363420427554,93.2844932844933,0.465321386291038,0.635074687229354
10,3,0.06,0.889125799573561,0.969849246231156,0.436619718309859,0.906103286384977,0.936893203883495,0.900930709887465,0,88.9125799573561,96.9849246231156,43.6619718309859,90.6103286384976,93.6893203883495,0.454046615382265,0.629730667813979
5,3,0.08,0.867803837953092,0.942211055276382,0.450704225352113,0.905797101449275,0.923645320197044,0.883095052728431,0,86.7803837953092,94.2211055276382,45.0704225352113,90.5797101449275,92.3645320197044,0.457453633382735,0.628705152990998
5,3,0.09,0.867803837953092,0.942211055276382,0.450704225352113,0.905797101449275,0.923645320197044,0.883095052728431,0,86.7803837953092,94.2211055276382,45.0704225352113,90.5797101449275,92.3645320197044,0.457453633382735,0.628705152990998
20,10,0.05,0.876332622601279,0.957286432160804,0.422535211267606,0.902843601895735,0.929268292682927,0.860977422322882,0,87.6332622601279,95.7286432160804,42.2535211267606,90.2843601895735,92.9268292682927,0.433077648925762,0.616197247235004
20,10,0.06,0.876332622601279,0.957286432160804,0.422535211267606,0.902843601895735,0.929268292682927,0.860977422322882,0,87.6332622601279,95.7286432160804,42.2535211267606,90.2843601895735,92.9268292682927,0.433077648925762,0.616197247235004
40,8,0.05,0.874200426439232,0.959798994974874,0.394366197183099,0.898823529411765,0.928311057108141,0.878176091726237,0,87.4200426439232,95.9798994974874,39.4366197183099,89.8823529411765,92.8311057108141,0.403222336550507,0.599139674165898
40,8,0.06,0.874200426439232,0.959798994974874,0.394366197183099,0.898823529411765,0.928311057108141,0.878176091726237,0,87.4200426439232,95.9798994974874,39.4366197183099,89.8823529411765,92.8311057108141,0.403222336550507,0.599139674165898
10,5,0.05,0.880597014925373,0.969849246231156,0.380281690140845,0.897674418604651,0.932367149758454,0.886510014863048,0,88.0597014925373,96.9849246231156,38.0281690140845,89.7674418604651,93.2367149758454,0.391666574466437,0.593795654750524
10,8,0.05,0.874200426439232,0.962311557788945,0.380281690140845,0.896955503512881,0.928484848484848,0.902045438459905,0,87.4200426439232,96.2311557788945,38.0281690140845,89.6955503512881,92.8484848484848,0.38882153881656,0.591065854362657
10,1,0.05,0.872068230277185,0.967336683417085,0.338028169014085,0.891203703703704,0.927710843373494,0.899002052516102,0,87.2068230277186,96.7336683417086,33.8028169014084,89.1203703703704,92.7710843373494,0.34477617208883,0.56593446149031
5,2,0.09,0.863539445628998,0.962311557788945,0.309859154929577,0.886574074074074,0.92289156626506,0.887890155000354,0,86.3539445628998,96.2311557788945,30.9859154929577,88.6574074074074,92.289156626506,0.3129539214865,0.546147088033338
5,5,0.06,0.874200426439232,0.977386934673367,0.295774647887324,0.886104783599089,0.929510155316607,0.905106518508033,0,87.4200426439232,97.7386934673367,29.5774647887324,88.6104783599089,92.9510155316607,0.30241675241288,0.542622935543208
5,5,0.07,0.874200426439232,0.977386934673367,0.295774647887324,0.886104783599089,0.929510155316607,0.905106518508033,0,87.4200426439232,97.7386934673367,29.5774647887324,88.6104783599089,92.9510155316607,0.30241675241288,0.542622935543208
5,5,0.08,0.874200426439232,0.977386934673367,0.295774647887324,0.886104783599089,0.929510155316607,0.905106518508033,0,87.4200426439232,97.7386934673367,29.5774647887324,88.6104783599089,92.9510155316607,0.30241675241288,0.542622935543208
5,5,0.09,0.874200426439232,0.977386934673367,0.295774647887324,0.886104783599089,0.929510155316607,0.905106518508033,0,87.4200426439232,97.7386934673367,29.5774647887324,88.6104783599089,92.9510155316607,0.30241675241288,0.542622935543208
5,10,0.08,0.859275053304904,0.959798994974874,0.295774647887324,0.884259259259259,0.920481927710843,0.865170925047774,0,85.9275053304904,95.9798994974874,29.5774647887324,88.4259259259259,92.0481927710843,0.297253539566806,0.536253401304852
5,10,0.09,0.859275053304904,0.959798994974874,0.295774647887324,0.884259259259259,0.920481927710843,0.865170925047774,0,85.9275053304904,95.9798994974874,29.5774647887324,88.4259259259259,92.0481927710843,0.297253539566806,0.536253401304852
50,8,0.05,0.867803837953092,0.972361809045226,0.28169014084507,0.883561643835616,0.925837320574163,0.860110411210985,0,86.7803837953092,97.2361809045226,28.169014084507,88.3561643835616,92.5837320574163,0.285908520864209,0.531819315352099
5,8,0.07,0.867803837953092,0.974874371859296,0.267605633802817,0.881818181818182,0.926014319809069,0.91119329039564,0,86.7803837953092,97.4874371859297,26.7605633802817,88.1818181818182,92.6014319809069,0.271613094820999,0.523745495548858
5,8,0.08,0.867803837953092,0.974874371859296,0.267605633802817,0.881818181818182,0.926014319809069,0.91119329039564,0,86.7803837953092,97.4874371859297,26.7605633802817,88.1818181818182,92.6014319809069,0.271613094820999,0.523745495548858
10,3,0.05,0.867803837953092,0.974874371859296,0.267605633802817,0.881818181818182,0.926014319809069,0.900930709887465,0,86.7803837953092,97.4874371859297,26.7605633802817,88.1818181818182,92.6014319809069,0.271613094820999,0.523745495548858
10,2,0.07,0.867803837953092,0.977386934673367,0.253521126760563,0.880090497737557,0.926190476190476,0.885059098308444,0,86.7803837953092,97.7386934673367,25.3521126760563,88.0090497737556,92.6190476190476,0.257317668777788,0.515671675745616
5,1,0.08,0.852878464818763,0.962311557788945,0.23943661971831,0.876430205949657,0.917365269461078,0.892508316229032,0,85.2878464818763,96.2311557788945,23.943661971831,87.6430205949657,91.7365269461078,0.238842499002042,0.501228321704018
5,1,0.09,0.852878464818763,0.962311557788945,0.23943661971831,0.876430205949657,0.917365269461078,0.892508316229032,0,85.2878464818763,96.2311557788945,23.943661971831,87.6430205949657,91.7365269461078,0.238842499002042,0.501228321704018
10,2,0.05,0.863539445628998,0.977386934673367,0.225352112676056,0.876126126126126,0.923990498812352,0.885059098308444,0,86.3539445628998,97.7386934673367,22.5352112676056,87.6126126126126,92.3990498812352,0.227602851990181,0.497704169213888
10,2,0.06,0.863539445628998,0.977386934673367,0.225352112676056,0.876126126126126,0.923990498812352,0.885059098308444,0,86.3539445628998,97.7386934673367,22.5352112676056,87.6126126126126,92.3990498812352,0.227602851990181,0.497704169213888
5,2,0.07,0.850746268656716,0.974874371859296,0.154929577464789,0.866071428571429,0.91725768321513,0.887890155000354,0,85.0746268656716,97.4874371859297,15.4929577464789,86.6071428571429,91.725768321513,0.154158783547053,0.451875469421947
5,2,0.08,0.850746268656716,0.974874371859296,0.154929577464789,0.866071428571429,0.91725768321513,0.887890155000354,0,85.0746268656716,97.4874371859297,15.4929577464789,86.6071428571429,91.725768321513,0.154158783547053,0.451875469421947
5,5,0.05,0.852878464818763,0.982412060301508,0.126760563380282,0.863134657836645,0.918918918918919,0.905106518508033,0,85.2878464818763,98.2412060301507,12.6760563380282,86.3134657836645,91.8918918918919,0.126446028883434,0.436637763278086
5,8,0.05,0.850746268656716,0.979899497487437,0.126760563380282,0.86283185840708,0.917647058823529,0.91119329039564,0,85.0746268656716,97.9899497487437,12.6760563380282,86.283185840708,91.7647058823529,0.126129913811226,0.435727829815464
5,8,0.06,0.850746268656716,0.979899497487437,0.126760563380282,0.86283185840708,0.917647058823529,0.91119329039564,0,85.0746268656716,97.9899497487437,12.6760563380282,86.283185840708,91.7647058823529,0.126129913811226,0.435727829815464
5,10,0.05,0.846481876332623,0.974874371859296,0.126760563380282,0.862222222222222,0.915094339622642,0.865170925047774,0,84.6481876332623,97.4874371859297,12.6760563380282,86.2222222222222,91.5094339622642,0.125497683666808,0.433907962890219
5,10,0.06,0.846481876332623,0.974874371859296,0.126760563380282,0.862222222222222,0.915094339622642,0.865170925047774,0,84.6481876332623,97.4874371859297,12.6760563380282,86.2222222222222,91.5094339622642,0.125497683666808,0.433907962890219
5,10,0.07,0.846481876332623,0.974874371859296,0.126760563380282,0.862222222222222,0.915094339622642,0.865170925047774,0,84.6481876332623,97.4874371859297,12.6760563380282,86.2222222222222,91.5094339622642,0.125497683666808,0.433907962890219
5,1,0.05,0.852878464818763,0.989949748743719,0.0845070422535211,0.85838779956427,0.919486581096849,0.892508316229032,0,85.2878464818763,98.9949748743718,8.45070422535211,85.838779956427,91.9486581096849,0.0842973525889561,0.412416303868361
5,1,0.06,0.852878464818763,0.989949748743719,0.0845070422535211,0.85838779956427,0.919486581096849,0.892508316229032,0,85.2878464818763,98.9949748743718,8.45070422535211,85.838779956427,91.9486581096849,0.0842973525889561,0.412416303868361
5,1,0.07,0.852878464818763,0.989949748743719,0.0845070422535211,0.85838779956427,0.919486581096849,0.892508316229032,0,85.2878464818763,98.9949748743718,8.45070422535211,85.838779956427,91.9486581096849,0.0842973525889561,0.412416303868361
5,2,0.05,0.848614072494669,1,0,0.848614072494669,0.918108419838524,0.887890155000354,0,84.861407249467,100,0,84.861407249467,91.8108419838524,0,0.362153518123667
5,2,0.06,0.848614072494669,1,0,0.848614072494669,0.918108419838524,0.887890155000354,0,84.861407249467,100,0,84.861407249467,91.8108419838524,0,0.362153518123667
5,3,0.05,0.846481876332623,0.99748743718593,0,0.848290598290598,0.916859122401848,0.883095052728431,0,84.6481876332623,99.748743718593,0,84.8290598290598,91.6859122401847,0,0.361243584661045
5,3,0.06,0.846481876332623,0.99748743718593,0,0.848290598290598,0.916859122401848,0.883095052728431,0,84.6481876332623,99.748743718593,0,84.8290598290598,91.6859122401847,0,0.361243584661045
5,3,0.07,0.846481876332623,0.99748743718593,0,0.848290598290598,0.916859122401848,0.883095052728431,0,84.6481876332623,99.748743718593,0,84.8290598290598,91.6859122401847,0,0.361243584661045
